18940 3239 6292 669 2269
152 3210 5195 3075 3966 6806
2633 1427 4846 4170 3973
5505 5834 3742 1996
3525 3229 6499 5953
4404 4699 4670
8559 1587 6915 1203 6645 5803 6423 4771 965
14245 6984 6584
17356 6652 4226 3595 4308 3691 5622
12906 4178 4761 1823 3260 5841 5563 6098 1832 1766 1049
238 6368 3850 1913 1440
16205 3221 1403 4845 736 2431
13894 2634 756 1839 6721 4930 3716 2741
16352 494 3813 2062
5728 3163 2160 2191 3826 5204 2761
9772 4635 5936 6709 5364 426 2445 5444 2352 6860 2439 2054
214 83 4422 5612 5353 5027
16239 4178 6934 546 999 3385
2315 4178 4839 1348 165 3522 3979 6762 4611 6936 915 2632 3920
11921 4178 6890 5520 1015 2151 5059 91 4699 6605 4758 3425 2239 4276 792 6697 6585
7494 4178 908 871 765 4659 6984 6843 2980 3356 2940
9691 4178 4313 3841 68 3505 172 3361 627 85 5348
16349 4178 6414 5168 3216 3784
4980 4178 6032 4996 91 4289 3897 5152 307 6230 2159 6442 4830 6763 4687 5823 6039 622 820 4276 3342 5878 948 1588 1799 3193 5015
17278 4178 4364 6399 5353 2957
9806 4178 309 3172 1203 6095 5350 6154 5936
5444 4178 1587 1868 6555
12576 4178 1916 6868 3675 1489 1472 6568
13566 4178 4341 2980 2935
2427 4178 285 1631 3595 3505 1834 2204 4158 5212 6174
13618 4178 5353 3391 2660
5795 4178 614 999 1374 3829 6700
4301 4178 6684 3564 4928 3660 652
9255 4178 1479 6505 6947 4601 6750 2927 5469 4409
8641 4178 4539 1304 1557 2476 2859 6589 478 5905 1559 6662 3369 6676 4151 3737 6499 879 5727 1012 3534
5294 4178 6934 5983 2829 2502 5579 6868 6086 5353 5111 3636 3781 5936 2940 4478 3599 804
17816 4178 5684 1157 1378 5581 3968
16119 4178 4313 2957 2382 2208
15754 4178 3082 698 4367
10353 4178 4313 6542 3253 3833 2169 4115 7002 3663 184 4564 3692 3182 2441 4531 6972 1249 1734 1447 5490
8458 4178 1144 6469 91 4115 3709 5373 6195 3391 6203 5168 5508 2980 3737 4712 5349 1676 40 1883 4177 4670 4980 404
19143 4178 3881 4313 1499 3650 871 6150 1260 1228 5904 1418 6171 2222 5808 5652 1496 47 6505 2519 4795 3406 4373 1434 5483 4701 700 6418 2142 741 2927 2291 2675 5444 3649 3973
1536 4178 6736 2629 309 4107 837 3489 1916 4002 4761 5286 91 799 4832 2823 1791 581 6843 4491 6746 243 6114 3190 1706 5223 3674 6808 2554
11442 4178 3971 338 6165
12244 4178 6032 590 4257 871 6915 3819 4327 6368 3439 6583 1496 1479 4540 4846 3830 172 5504 6450 6464 2062 4055 1444 804 2568 1083
14317 4178 7026 5539 3833 5883 91 2821 5787 794 6281 6785 6992 1166 4026 4855 6865 6583 6548 3492 5393 2459 6309 2980 2023 5204 4607 4077 1241 1836 5516 714 5023 5008 1534 4119 203 5496 1575 1676 1543 4478 792
4548 4178 6980 1229 4491 4416 4818
14430 4178 4800 1937 775 4161 5821 340 3049 2944 2634 210 1469 4885 6386 300 4989 3005 4855 2790 442 563 6188 3181 6964 5389 2155 1575 6081
7801 4178 3167 801 309 3133 1868 2977 6095 422 4832 288 4490 6380 3341 978 4148 4103 4784 3933 826 5060
15230 4178 2619 2977 2106 3569 806 3655 6820 7010 2439
16936 4178 6817 6568 5973 329
16329 1779 7030 1937
15088 1779 2458 7025 3443 3067 753 3517 707 6430 2854 179 3232 4934 1943 494 5108 3451 89 2785 1535 3583 4982 1473 1500 1059 225
5582 1779 1715 5455 1713 7030 2290
673 1779 1783 3622 6526 7030 193 5086 6184
11213 1779 3085 6526 3967
4986 1779 6642 4069 4777
17840 1779 4254 6915 6415 5121 3366 1936 5272 2001 911 5045 4937
9654 1779 1153 377 1176 6184 937 1006 4827 6909 5436
5165 1779 1715 5006 4313
18633 1779 3978 6801 2794 1757
958 1779 3612 3049 1943 1971 2032 5359 104 5988 4789
18516 1779 1715 2163 78 4293 1250
9136 3948 2375 215 5086 1683
6231 3948 5883 5666 507
14003 3948 5693 2502 4940 2659 6417 3765
2504 3948 6923 6077 345
16213 3948 885 4384 2502 1304 6589 2646 2106 6721 5178 1691
767 3948 4685 3694 3532 5350
9378 3948 1922 959 2769 5353 1987 4154 3602 3354 4452
16952 3948 1963 4537
9098 4539 1772 6915 1535 1913 2660
9890 4539 4699 3850 785 432 4145 3636 6746 6531 1732 3574 4817 5184 2813 3868 6285 1701 151
15718 4539 4265 2309 3328 2160 2345 4725 3983 2814 2161 3231 3165 6083 4981 6327 1927
9362 4539 3631 5449 1492 5353 5755 5271 3920 4571
14753 4539 1535 2023 2789
12335 4539 4761 4161 1877 6744 2870
3075 4539 2624 2351 4257 4161 6090 6691 4855 1373
7941 4539 6747 3277 4358 400
16270 4539 3881 3850 2871 2988 4588
3976 4539 4291 4188 4590 3819 2509 3439 4520 6458 5904 2025 47 5930 6594 5838 5696 741 5680 2903
5757 4539 7030 5592 6915 1311 4868 4846 6114 3737 4478
12745 4539 215 707 659 5408 6631 601 3683
16195 4539 1876 1749 5381
8707 4539 1885 4832 3733
1513 4539 4448 100 4821 229 2532
18860 4539 5345 2106 4210 3470 4022 3755
4802 4539 4161 4777 1234 7040
288 4539 2502 4324 1472 5759
13475 4539 2345 1088 2980 4148 4170
10637 4539 4777 5061 1260 2666 4816 6665 175 6708 2935 6950 1134
2038 4539 5142 3479 5600 2324
5920 4539 30 3851 4421 6146 5189 2940
9024 4539 2325 6882 3030 4478 6027
16106 4539 3163 3881 6668 5520 5208 5137 590 2351 4161 5558 2527 3819 411 2393 3835 5187 4859 6785 4611 2328 239 6746 3241 5204 3597 3796 5997 1434 1258 1134 3147
17337 4539 2819 6542 716 6093 4991 6481 871 5286 4361 6902 2502 2704 1876 1304 3038 6410 2100 3427 799 1378 2007 16 2583 184 5994 6941 1913 6485 1069 5597 452 1232 6721 5415 4870 6389 1791 3152 3621 3153 1105 4207 2498 406 4063 2101 935 544 2137 6480 4493 2154 213 3746 3578 4506 190 2123 5668 738
17372 4539 2151 3819 1723 3227 4742 3221 6785 6442 3566 6242 4701 235 5338 1464
13690 4539 1876 5558 1522 6180 6102 2498 6407 591 3644 5795
550 4539 997 4940 452 4340 4611 953 6311
15581 4539 5693 307 6721 6644
2381 4539 4428 6429 6763 338 5736 2023 1575 1067 3937
11051 4539 336 6119 5794 825 61 2891 2294 129 175 4221 6138 6681 3630 3193 6555
7636 4539 1916 3356 6594 3933 3370
13729 4539 636 2379 5048 986 920 6516
10130 4539 2502 4777 2023 672 2882 2155
8678 4539 3227
9814 4539 3958 5817 1113 2454
1696 4539 5965 5817 5558 2469 4868 6442 2763 1842 2870 4595 792 2636 3404
8144 4539 871 6878 3889 6545 2126
18352 4539 2443 6090 3427 799 5312 1053 5152 2577 3430 6718 249 3246 426 1880 6395 5153 4878
3482 4539 4707 822
16143 4539 1913 3951 2878 1717
19015 4539 1304 659 4777 411 5108 3543 6987 1754 1818 6568 6746 2636
9304 4539 1618 4023 4599 713 939 6004 1743 328 5798
3620 4539 2345 391 5581 6986 6511 2870 6502
18699 4539 1532 3626 4340 6777 3708 1707 1553
18483 4539 801 5965
1240 4539 3815 2552 2068 6631 3408 3772
16656 4539 6817 6692 799 1200 5152
12125 4539 3929 5142 5108 4026 4080 665 5420 175 709 2044 1575 6108
11560 4539 6721 1923 5341 5545
8682 4539 2980 3454 1823
18995 4539 160 2922 336 3851 4161 5049 1521 576 3123 6386 6933 395 5926 3837 1791 2260 3902 6530 239 4767 5679 2759 3905 3861
2560 4539 3479 6180 5377 3391 1703
1204 4539 4161 3742 6077 6878 5668
5812 4539 3929 3343 2980 4040 4748
19368 4539 2345 5091
7389 4539 4777 6465 5794 4705 6950
15236 5176 309 5896 1304 3227 5489 3984 3576 5904 757 122 6357
15908 362 409 3870 2305 6343 3413 5724
6820 3921 6136 6526 7026 5320 3475 893 3815 4212 4265 4100 3443 6007 5391 6510 919 2309 774 5582 5216 5043 1980 2916 809 6121 1144 5886 4719 385 6861 137 5750 2787 5646 3883 5787 3635 1521 5442 3554 1378 6113 2325 4856 666 5822 4520 6785 632 3 164 1334 4857 6125 4611 4821 5581 6919 6379 5534 5168 1479 2618 6080 922 6986 1306 6370 6878 6293 2239 5026 4138 5880
4863 3720 2884 2715
4207 4150 4002 5100 5108 799 6878 4970 2849 3404 1659
15103 3067 3002 600 4773 1088 1097 5350 1738 3356 2731 1732 5110 2940 5114 2453 2454
1508 668 682 2787 6119 2785 554
12547 668 1715 585 1146
18786 668 4051 4356 3628 6736 284 5209 6259 6094
224 668 5455 3394 6526 5927 6277 3167 6236 5006 2290
11264 668 1715 3702 6526 3167
9449 2819 466 4830 1676
4944 2819 3752 2083 4686 1784
9754 2819 3426 3752 945 4450 799 2007 5559
800 2819 6184 466 3752 1323 6121 2807 5333 1749 3238 6095 4989 5674 6375 4524 3920
9469 2819 3402 4777 1188
15634 1616 5209 7030 638 6801
12271 1616 1715 4519 2290 1092
13910 1616 6736 7030 4457 3486 6979 4253 173
1862 1616 1715 2277 27 3464
1629 1616 5602 1587 765 2810 152 6470 1319
11226 1616 2277 3464 4359 7027
13691 1616 585 5320 6068 6442 2096
18919 1616 3394 2375 3085 2857 284 6890 989 3879 3475 6934 5086 3486
13881 1715 893 1604 309 5879
3743 1715 5732 2617 2592
5434 1715 5455 3078 5738 788 5209 6487 6032 2110 1173 4313 3355 4253 5879 6730 5202
11585 1715 5541 2366 6854 972 200
4080 1715 3702 5879 5918 633
9351 1715 1510 2365 3990 3486 1358 2578
7382 1715 5879 1876
10645 1715 2277 5460 2800
10303 1715 2365 5320 1173
12370 1715 4356 1146 6259 78
12930 1715 2110 4622 3120
8332 1715 6736 2268 4622 309
4123 1715 6976 893 937 2186 5879
1957 1715 6184 4293
4985 1715 4356 893 1175 4991
4193 1715 788 6259 6801 4163 2150 6821 4241 3385
2280 1715 2268 4622 4772
7760 1715 3067 1175 3408 4690 3185 1677 4710
2599 1715 2268 5428
11143 1715 1713 4696 6668 2268 4196 4896 2359 2482 2470
4399 1715 788 377 2277 284 2347 4833
5350 1715 5588 2277 242 638
10697 1715 6934 2926 6821
15544 1715 585 2277 6487 3587
16777 1715 5879 6854 5302
13738 1715 6184 2473 5579 1825 5187 3634
10629 1715 6184 3587
5011 1715 788 3167 5069
10394 1715 4163 4359
2692 1715 5209 3736 1257 3120
11029 1715 3702 6526 2009 5541 6991 6979
3600 1715 4293 3120
6913 1715 2268 5541
2626 1715 1918 5086 5069
15013 1715 4772 5069 5879
8053 1715 6526 284 5460 5602
4599 1715 2966 6824
18979 1715 3921 3068 6890 5586 330
12104 1715 3396 2359
3819 1715 6668 608 5428
4365 1715 2309 1937 2254 1210 2151 504 189 2349 639 104 5401
15784 1715 2773 4846 1195
14249 1715 3167 7030 2009
13468 1715 6526 2268
17265 1715 5802 2467 5154
6520 1715 6277 5602 538 1757 5879
8837 1715 5460 3475 4163 1257
10765 1715 6979 3355 1604 3618 1501
8720 1715 5879 2359
18057 1715 6736 6184 5 2100
3366 1715 6801 2926 466 4253
5832 1715 6991 1257 4787
10021 1715 3078 2365 3990 538 5208 1757 1358 6074 1273
8572 1715 6668 6736 3167 5209 1155 3355 5449
11739 1715 3486 2829 5043
5548 1715 6736 3120 6642 1322
7254 1715 1918 5879
9169 1715 2926 5428 2150
16963 1715 78 893 6821 1250
7963 1715 3355 5879 4851
15798 1715 1153 6526 4293 3587
7172 1715 6277 5209 5602 3879 305 2347 1908 6991 3486 3840 1322
19000 1715 1047 5541 4727 4475 3587
1930 1715 6917 2163 3863 5590
4161 1715 788 2857 309
3336 1715 538 2773 2347 4293 4887 3587
5496 1715 3702 2110 3587
10284 1715 1713 4072 4051 6890 5006 4107 1469 4292 6080 6036 978 5090 2239 3662 510 1637 5563 5504 3540 5033 700 2410 2625 3147 421 1548 4101 6480 4440 6700 2858 2256 6079 4285 2822 2167 4224 5370 3509 853 1945 6860 3746 2219 190 1739 3047 1498 4041 675 6694 1684 6957 4280 3669
11133 1715 2794 6821 4253
8200 1715 3628 4519 1356 4622 5086
3725 1715 6736 2277 6890 5438 6259 2347 893 2800 4772
18446 1715 5879
10417 1715 3702 2926 6821 2186 7027
2246 1715 3085 6526 638 893 4241 3587
9256 1715 3921 6736 5320 3464 3486
15629 1715 585 4519 27 6475 5428 3387
10445 1715 3486 6909 3587
15047 1715 6736 538 1337 3355
9633 1715 3702 1138 4622 4706 4253 3120
3563 1715 82 6184 78 6821
10672 1715 2857 6184 78 3587
14751 1715 3085 5460 5209
3702 1715 585 6736 2277 6890 3464 1623 4293 4716
7451 1715 5738 2926 4359
1594 1715 1510 4356 6736 2277 6900
933 1715 3921 6736 2268
16166 1715 5460 58 6821 1006 5879
15973 1715 1004 6526 1488 7030 2268
8198 1715 305 4988 5069
4826 1715 1153 215 5602 4772 6821 1604 3618
17473 1715 6526 6736 2277 5320 6801 3198 3587
17280 1715 3921 1138 27 58 78 5644 3587
16406 1715 3167 2186 5056
8421 1715 538 3486 5509
2283 1715 3702 6890 1257
5428 1715 2268 4988 309 5879
18115 1715 6526 3967 58
13000 1715 6526 284 6890 3141 5342 309 3478
13047 1715 937 6821
12623 1715 4356 4253 5879
12281 1715 6526 5216 4002 5534
6749 1715 2186 5879 1204
15406 1715 434 4293 3840
13160 1715 4100 2351 1036 1048 2100 422 4558 300 1069 2770 1834 835 3555 4557
1023 1715 2110 234 4749
2714 1715 585 5802 4622
472 1715 788 6526 6934 4867 2619 200
3555 1715 3702 1250 5879 4508
17240 1715 6736 6184 4562
4007 1715 3415 2268 3486 4959 6730 6481 707 805 5765
16164 1715 1713 284 5509 3232 422 6876
19291 1715 3085 6526 3409 284 1047 5320 6259 1173 638 6184 4163 5154 4293 3486 6821 4953 309 716 5436 2359
13796 1715 4051 6526
9913 1715 585 2794 3618 3396
18886 1715 2277 5494 3595 5617 2996
4228 1715 6526 215 3167
11918 1715 5602 6184 5879
4674 1715 1153 2857 82 258 893 4716 3486
14581 1715 6736 4457 1604
16085 1715 2365 2857 5460 2773 5586 6184 3464 3486 3618
15361 1715 2365 3085 6736
6939 1715 2857 6526 2277 242 2268 4163 716
19265 1715 3971 1604 1980 5644 974
10184 1715 466 309 3120
6238 1715 1510 58 2773 6184
3956 1715 2365 4622 2773 3198 2926 937 1257
1940 1715 3628 1604 2972
4633 1715 4163 4988 3355 4827
14345 1715 5541 4253 309
13941 1715 788 4772 1250 173 309 1667 1322 114 853 213 3712 6957 6782
3816 1715 377 4622 4988 3486 2972 422
13369 1715 3921 585 2268 5208
5275 1715 5209 6184 5879 234
12893 1715 3167 305 4727
8782 1715 5320 538 4622 6094 339
12408 1715 3486 2502 2225 4742 1632
4731 1715 7030 3587
14353 1715 3921 3394 6526 2277 6259 2467 4706 4313 3464 2926
4105 1715 6991 4293 1604
10049 1715 3527 6277 3167 5209
14 1715 4356 3475 5208 4313 1623 466 4241 4253 173 6805 5449
16551 1715 5209 538 4622 6184
17901 1715 3198 6976 5879
1423 1715 3141 6821 5879 2024
3978 1715 1257
16312 1715 6526 6184 6821 4922 2024 3587
13381 1715 788 6526 5460 538 6184 2926 5879
12902 1715 1665 4758 3514 4662 3530
9254 1715 6526 2277 5927 7030 3879
16733 1715 6736 2277 1047
7395 1715 6526 27 3475 3120
747 1715 58 3258 6821 1604 2024 4508
1639 1715 4772 4598
13899 1715 6526 377 3527
13011 1715 7030 5428 6821 2186
14628 1715 5320 4622 6184 6074
18018 1715 3628 6736 6179 5109 2268 2110 4622 2255 6184 4253 173 5007 309 5056 2359 919 7027 5582 3084 3038 4450 959 3587 3265 3239 5648 1225 1390 2647 303 6537 498 5880 1588
10918 1715 1092 2268 4576 4716
7521 1715 2797 1587 2502 2393 4340 612 190
19221 1715 1155 58 3258 686 4253 309 3618 3587
15907 1715 3167 5209 2800
11259 3921 1510 6526 6736 5460 7030 4706 2926 5428 2150 330 4107
5658 3921 4469 1950 2953 422 4118 807
10834 3921 4457 5821 1631 3104 5449 3271 3693 5111 3569 4185 6746
8699 3921 4122 707 1491 3711
1828 3921 307 3721 480 6762 2528 1575 644
711 3921 633 1322 1416
9326 3921 1304 2527 3331 2127 4784
6108 3921 3851 3232 6465 3310
4058 3921 2922 5817 6362 4599 4662 5827 3012 3966 5675 3665 3592
16317 3921 6668 6513 5056 5896 4994 544
7467 3921 5602 5879 3587
2269 3921 6821 4253 6924 5043 2974 707 6902 5268 2502 3853 5579 1009 6726 5637 1225 1890 6992 5343 1104
5104 3921 4257 6469 300 1913 1458 79
2065 3921 5056 1036 1175 871 5168
4076 3921 3881 3718 2393 5108 1148
9849 3921 189 2084 164 2026 2362 3607 850
46 3921 2624 3975 6335 4102 506 6670
8083 3921 3078 3628 3527 5460 5602 1324 82 5154 2794 4716 4772
7757 3921 992 630 6176
2757 3921 2008 6374 941 2528
15359 3921 6526 6736 5602 3475 6184 4576 1358 6979 3355
734 3921 2477 3727 7022
4618 3921 6736 6184 7016
11451 3921 2277 3167 6487 1155 4576
18058 3921 58 5069 1257 5302
14478 3921 6007 5592 4896 2829 4217 3647 1587 2502 1868 2225 91 1631 6172 2720 5195 4426 6679 2859 999 3983 4402 1225 1535 1068 455 5377 3979 6195 2603 1097 6036 3418 5825 5863 6516 6446 1405 6010 2062 4336 4892 289 607 2930 850 2123
16421 3921 4356 7030 1358 6074 3059
10019 3921 3983 6156 3470
12561 3921 6902 3587 1203 1148 6768 1637 5563
8202 3921 6297 4859 3005 4865 2066
4046 3921 4313 6007 6862 3278 786 2160 35 868 141 1997 6548 6763 3185 1621 699 2639 4266 4930 2138 2026 6653 1407 4984 1676 2717 208 1211
909 3921 168 3769 542
11425 3921 6469 518 2581 3882 3870 5921 4350 7021 229 2852 2927 2256 3632 5584 5444
7769 3921 6934 1587 1723 5590 6086 4141 6785 4501 6458 2533 3759 2595 5548
17720 3921 6815 3737 3968 6057
536 3921 5460 2268 6821 1604
7609 3921
15794 3921 6736 2772 6217 2502 35 1072 4232 6868 1872 422 2670 2947 4830 1229 1374 3354 4373 935
9380 3921 4800 5208 5592 885 2619 2337 1280 4150 871 6902 2151 3952 5821 4699 6095 799 1872 3983 3850 4910 5353 1020 4830 2488 6882 3425 978 3030 1581 4149 1241 5985 6511 4555 6743 2940 4461 3272 5178 1002 1883 4225 540 4649 6285 4652 4248 5075
12490 3921 4250 4253 5917 1868 4069
7404 3921 1263 4196 2807 3057 281 6721 2311 5652 239 2208
16287 3921 6736 6260 1937 5718 2527 430 2088 1493 3020 5808 4688 2818
9284 3921 1510 3622 2375 3978 6184
6675 3921 2829 775 871 5821 6915 4777 4351 5778 679 3742 3727 5168 6878 4981 2870 739 2531 3876
8810 3921 6184 2502 5107 6080 1969
9632 3921 1430 871 2879 868 2594 3693 698 2360
2000 3921 1499 3133 6915 494 2457 6126 2975
5748 3921 3499 4911 6704 5276
4969 3921 5043 4707 200 1304 2349
95 3921 3205 518 6785 5353 2842 4468 5800 6826 1534 1676 1451 5474
19078 3921 6032 2351 5579 6344 1489 5184 5178 4273
9791 3921 377 774 1507 2502 6168 5594 2100 679 1166 4758 3404 587
8135 3921 1820 4384 2502 1749 6629 1339 2195 1879 2353 2395 5353 760 141 4830 1827 3129 5350 2334 1901 4245 183
14696 3921 2268 6730 4364 5693 6168 3677 5944 4881 5611 2094 1883 3906
16425 3921 3148 5541 1025 6805
4631 3921 4536 1489 1535 4721 5990 4148 6759 6818 3072 5727 79
7579 3921 3035 1868 1489 1775 2758 6337 2023 3356 2208 2532 5843
14892 3921 6821 3747 3232 2151
7584 3921 4313 4940 3891 4881
4798 3921 4257 1810 1775 4997 141 432
16225 3921 1944 687 1019 3852 810 4900 5353 2594 6721 4421 5844 4846 6325 5804 3773 2801
11669 3921 2443 5494 5373 3421 5997 3009
3247 3921 669 6785 625 3719 2219 6694 2674 5975 3859
14165 3921 2629 4161 4599 5785 665 6081 5922 782
9048 3921 1175 4351 6171 1791 2260 4948 2764 3737 2606 6043 1101
12537 3921 3499 7030 1937 234
12775 3921 2351 6518 3267 1864
14330 3921 6915 1148 2049
12006 3921 3415 3167 983 3815 3131 4738 2502 2701 4375 2264 6167
15171 3921 4198 2617 4211 3354 2795 4957 2816
5895 6136 6303 339 701
12245 6136 5866 2781 2684 5518
11287 6136 4761 5784 1003 1852 4846 1955 3191 890 6218
6530 6136 5187 4323 3418 205
5826 6136 2885 4061 3680 4866 1158 4154
11478 6136 4250 6622 4777 5876 1660 4994 4478 5126
17445 6136 1341 627 1249 2453
2392 6136 5342 775 7012 3979
12842 6136 6380 4881 4948 3430 4682 2909 4524
4162 6136 363 799 3385
1605 6136 1499 1060 4810 1776 3147
14290 6136 259 1404 4067 2154 5826
7472 5455 788 3394 2110 4911
737 5455 3702 3085 6526 2268
4906 5455 585 5927 2268
16056 5455 3702 3085 893 1937 6591 2225
18458 5455 2277 3879 2268 6542
15861 5455 1004 3085 6526 2268 1257
3520 5455 6785 1860 6114
11153 1820 3736 6817 1048 1459 362 5256 5091 6931 6583 4297 2677 2980 2023 2208 1909
7904 1820 3818 1264 5821 803 1157 3424 4859 4758 2523 6114 4119
19245 1820 2720 3098 6188
18991 1820 3881 2619 1304 2393 5353 2459 4710 566 2208 2625 929 5727 5060
18265 1820 4922 1552 775 6902 1304 5579 1535 6732 2670 4855 5625 2642 2171 1903 4477 6229 2645 5298 4284 2025 1234 2317
7729 1820 3958 3486 2097 1348 339
17534 1820 3451 7016 4167 469
9392 1820 2629 6817 4161 6949 4856 4970
1660 1820 5011 2125 827
15906 1820 5896 5965 189 6868 3564 141 6102 164 4467 1679 3979 902 560 6114 5997 5563 1438 6545 203 4461 5184 3272 1409 6043 3674 6363 6825 79 3549
12551 1820 1178 6641 822
7056 1820 4996 6217 2502 1203 2469 1872 5323 964 2886 4477 6721 894 1556 2574 1823 5521 2026 1434 823 126 2101 4763 1252 5444
18531 1820 3678 1913 6574 2298 2076
7784 1820 1147 1632 5074 2790 5908 3889
7922 1820 4738 3008 6026 1904 3239
7610 1820 636 5381
7974 1820 590 3929 363 2160 6020 6742 208 4848
7064 1820 2919 284 503 254 6299 4931 615 599 364
4428 1820 3958 4896 2114 352
12336 1820 3486 4508 3278 1108 2690 4777 5353 6721
3376 1820 6430 500 3897 2319 4237 6984 6583 2236 2980 3201 3147
5952 1820 1419 4145 3705
91 3163 3700 5048 2590 5489 2354 3576 5601 3264 4373 3190 2927 2761
12138 3163 309 6984 5547 2866
18834 3163 6068 184 956 2459 1575 6363 6057 4143
6159 3163 1868 3849 4477 665 2389
9340 3163 5481 4699 6785 63 4148 2438 3498
16932 3163 2309 871 5041 5126 3937
11850 3163 6184 271 990 4859 3979 4507 229 2940 5184 1067 2297 2628 5182
4839 3163 1175 3926 6113 3536 599 739
17993 3163 6886 6168 6442 1321 5521 3164 3201
1313 3163 2693 3238 2248 4859
17686 3163 482 1575 6463 1409 2675 2679
9045 3163 3971 5243 1916 5425 5449 3427 1419 1522 5040 1936 5353 2956 3727 3346 2372 6442 5123
5948 3163 6414 5137 6622 2829 2351 1175 3956 3104 2590 1512 4777 810 799 4742 2447 3660 6785 1535 5962 4868 395 894 2638 6984 6171 4690 3790 6939 6882 4846 3563 6511 2562 3996 5172 2699
14511 3163 3718 4401 6546 4343
2012 3163 3718 5689 498 4970 6208 1426 6894 1701
3468 3163 17 6686 277 6752 652 5184
9161 3163 3881 4291 6061 1776 741
6573 3163 2351 1286 6618 1202
8099 3163 2008 466 6518
16631 3163 1389 566 203 5724
12241 3163 774 2745 2151
6164 3163 5763 665 6777 4830 1621 4710 4970 4736 3674 2905
11384 3163 5684 1069 5413
10304 3163 4814 1877 1419 5142 209 6716
3619 3163 4814 4859 3516 6716 1917
4343 3163 2502 1072 5151 1575 6713 5370
6127 3163 5284 3133 3285 1419 1058
9809 3163 2351 6286 2495 4259 3772 2028 6863 607
9367 3163 2629 2755 353 1383 3523 4154 498 4306 5936 2630 2101 481
9324 3163 3958 7030 3718 6217 3897 3600 4599 6546 3870 2305 3094 4145 1823 2298
10756 3163 5345 4291 2166 1913 6077 2459 3662 3272 3370
10251 3163 2085 753 4291 5048 859 6233 1508 5742 6232
2498 3163 2803 3063 1149 1372 2858
1674 3163 3387 2945 5127 2576 6785 6546 3727 6721 3024 2620 6188 4781 4148 2089 2176 1953 6463 4404 2069
4204 3163 4250 2919 6704 664 1913 6058 3632
2223 3163 2583 458 2597
1520 3163 5204 6809 5184 6417
15935 3163 5558 4662 2305 4145 4416 1704 4106
13614 3163 4800 3958 3238 2486 3677 3995
12442 3163 6669 4145 5841 4148 3521 3349 4818
14893 3163 1759 2052 5942 5408 1283 1009 1200 1573 1781
17463 3163 3850 3236 6759 2544 822
15001 3163 6934 6030 6239
2409 3163 1175 775 5896 6921 3126 2527 794 1427 4662 4145 1234 934 5624 3920
2844 3163 5137 4996 309 6886 5965 6345 1631 4448 6793 6923 4681 1913 3005 1390 1896 4522 2305 5232 4145 870 1605 5166 3257 2866 1265
19190 3163 6736 3718 293 809 5100 3180 5763 1418 1761 4227 1603 5547 4760 3574 3992
12378 3163 6068 2160 4903 4307 4266
18613 3163 377 3220 339 4928 6386 1913 4758 4485 3659 3552 1229 6676 6169 4865 3260 4970
19345 3163 2255 5532 5720
1635 3163 5345 6604 4140 785
9190 3163 6668 2496 6591 3709 3231 4145 3992 5873
15451 1972 2160 17 339 6030 2061 1917 3201
12333 4222 1587 3429 3210 2390 2617 1913 3709 2560 665 4383 2315 5204 397 3147
2927 5478 1186 2473 1052
14442 4313 919 1304 6726 5489 1997 4331
17833 6817 2619 5705 385 6477 5558 2390 2906 6466 4981
3923 6564 1703 6583 3782
8067 6564 4696 6668 5541 5510 6297 3543 5752 2023
16695 6564 4472 1885 4761 707 6902 2502 3429 4161 5408 2527 2590 4529 6628 2753 3742 5980 1535 2010 1519 5104 5412 5204 4795 2866 2022 348 5184 3272 2685 1002
1871 6564 5579 6119 17 2105 6102 6948
9078 6564 3700 2351 5817 1015 1102 747 4448 6763 2609 6204
20 6564 4693 5195 4477 2237
14188 6564 6656 3108 6642 1378 4694
8579 6564 4787 5579 216 383 338
13612 6564 430 1913 1045 2844 5691 3234
12464 6564 5965 4194 6458
1382 1783 6736 4519 7030 6900
3599 1783 5948 810 2498
15772 1783 5137 2020 3003 2592
4173 1783 885 2728
362 1783 5883 1913 3979 2873
2304 1783 2629 4253 4234
17332 1783 6934 6767 5910
8349 1783 112 1176 3486
3946 1783 3238 5573 2007 2864 5021 4708
19185 1783 3499 5438 6184 5509
8057 3529 1507 1916 3239
19354 3529 6900 2322 3734 3727
1407 3529 4250 6817 2169 4643 6915 1749 1312 5276 2100 4527 1339 449 5011 1826 4657 6716 437 2101
5711 3529 2502 1535
18093 3529 3721 918 2514 1647
11974 3529 3668 2351 2840 2116 3352 6458 1861 3721 4970
17330 3529 4062 2770 5074 2523 7021 1434 4276 6216
18840 3529 6736 6944 4976 4619
3511 3529 1263 6668 2268 2629 6550 330 3821 1764 5509 3016 3384 5512 6403 2827 2056 4438 1394 1797 4145 372 6509 2470
15161 3529 3387 6805 4934 3239 5489
16409 3529 5216 5821 5103 5381 5825
3650 3529 5049 2287 5674
18146 4800 466 2169 3851 422
13522 4800 4108 3727 3450 6829 6746 6968 4513 6688
4975 4800 4196 1499 179 5049 6422 2159 6910
2865 4800 6032 4108 6293
11636 4800 4050 6785 5401 5808 5204
8159 4800 3415 6032 6730 1934 2977 6095 3835 1489 5074 4148 5985 4283 1993
14519 4800 1916 3543 5980
10095 4800 4150 3084 1587 3852 6119 3227 3983 6458 338
17062 4800 716 4777 2161 1440
14096 4800 809 2463 2980 5033
1978 4800 6668 2505 5236 3736 3133 5852 2350 6485
16825 4800 2359 3851
811 4800 666 351
4885 4800 801 6032 4291 6902 5720 1304 1459 1203 5732 898 4742 1469 6485 5073 3523 4156 5827 2451 3865 5024 1088 6405 584 6829 3165 4682 6709 5504 2044 4697 5033 6806 6124 5212 3630 935 6598 6027 114 4296 5029 2137 1832 6700 5471 3937 5746 3548 2154 3280 6509 2470 1219 1125 2801 6782 2586 2817
14298 4800 284 5203 3486 1528 2991 885 4811 1552 3926 6455 2502 4161 1304 5127 508 6868 5765 1419 5108 2634 2728 3629 1592 3769 1486 3850 4025 5272 4256 5988 4855 4009 4662 3925 5073 3523 5503 136 4156 4611 4570 2025 6777 1088 1229 4947 338 4227 1639 3530 5479 3813 3862 4454 282 2013 5204 3288 3444 4718 6673 3782 3406 1241 4994 1575 1405 6124 4106 626 481 2015 3177 2930 5370 6953 6502 5444 2439 4547 3541 4280 1285
14597 4800 3819 676 85
15169 4800 607 114 5746 2822 4863 4333 86 3578 1026 4628 1416 6957 2586 3510 3669
5310 4800 885 2502 964 6429 4765 3918 4093 5678 6262
1897 4800 6542 6915 3123 2457 1864 1655
16703 5363 3486 2619 2246 2502 6868 4023 1229 4795 3737 5563 3272 907
3248 5363 5278 357 6749
16961 5363 6814 3731 3245 6185 4035
18503 5363 3815 2359 6854 5302
4085 5363 5732 6269 795
3712 5363 3499 4756 696 2540 293 2704 146 5384 2590 3285 156 3239 411 81 4017 6193 4270 3988 1896
7198 5363 3316 504 2269 6242 3662
14577 585 2277 2009 1358
14725 585 3085 2773 4562
17004 585 284 6890 6364 3330 1359 5965 6579 6430 6902 1491 2386 5783 609 5434 2439
11637 585 638 1176 4716
18468 585 6526 6934 830 5384 5449
16831 585 2966 2857 82 4716 5069
8561 585 1510 1037 4622 4977
6873 585 3628 3167 538 4622 1358
7109 585 4772 6821 5449
6061 585 6526 7030 983 5086 3511 5142 4742 1322 6195 5415 6370 5603 3548
13254 585 215 2277 193 1757 2186
314 3702 6736 6976
3562 3702 1153 3628 6526 4519 2290 2268
16573 3702 4293 6821 1257
4705 3702 284 5006 3879
3699 3702 2467 5879 1023 2147 3695
8401 3702 3978
14462 3702 5460 2926 2800 3478
308 3702 2773 173 1604
6753 3702 6719 2349 6693 4367 6696
7296 3702 3622 4051 215 2163
7544 3702 2277 4457 2726 2794 4772
1996 3702 3120
5402 3702 3527 1176 2926
6084 3702 3085 5154
577 3702 3967 5927 2268
8772 3702 284 5602
4747 3702 1155 2773 6184
10486 3702 6579 2473 3271 6132 3257
8406 3702 5802 6518 5818 656
12886 3702 3167 4163 5879 4749
9522 3702 3486 4359 2880 3489 5049
3440 3702 5602 6821 4241
12208 3702 2277 6487 58
5470 3702 6277 5209 2110
11955 3702 4716 4901 4673 5928 1067
8350 3702 5684 2111 1296
13768 3702 1757 3587
4255 3702 2277 2757 1455
49 3702 434
9187 3702 6736 4475
164 3702 788 6934 309 2435 2359 234
15400 1539 4599 6511
17732 4356 284 2110 5879 234
4313 1417 3516 5908 5204
11214 3499 1757 3552 1791 4153
1979 3622 759 1604 5879 2366 2359
5763 1535 688 6878 6619
12072 6890 7027
9159 5006 4207 935
11422 3085 2857 4519 1623
18889 3881 1485 6733 871 1469 2249 3992 2112 2101 3147 5294 359
9143 5602 4953 5879
5635 1146 2163 434
18882 6668 6179 5320 5154 3486
13313 1299 5323 3221 145 552 5444
14656 2351 2457 639 6152 365 4846 1407
12242 377 4457 1721 3486 2186 1469 978 2239 1481 114 3107 961 4224 2873 3746 6788 4660 2219 3744 1498 1125 6957 4691
5788 6310 4742 1489 6583 2980 5172
12092 377 2773
5848 3078 4356 989 3978 6184 434 309 4887 6805
3676 5588 2365 989 6184 434 2016 173 2186 5879 6730 2359 2578 4508 3587 5449
416 5152 2770 5184 4480
8654 2629 3902 6511 615 162
12462 2829 5955 5187 3983 5353 6849
7381 775 707 2502 810 1400 1535 2023 4306 2731 2101
14648 3536 5001 5809
18607 4811 6168 2393 6878
16517 5782 4996 309 5335 4234 91 1115 2100 833
19289 1419 2814 3516 2980 4148
8660 1937 2704 676 3020 6442 2869 2130 1621 4264 6266
17552 4839 2147 1617 226 2431
5820 330 6980 2879 3270
11363 1487 3150 5888
13173 4018 3356 4698 2882 5728 1924
3595 1587 6430 618 6536
17646 2473 3328 411 1489 6485 2010 5793 4876 3636
4258 3499 3486 6730 4384 6902 2502 3278 3800 6868 1886 80 1056 5350 6635
11770 4620 5142 3341 4000
16139 2375 871 293 146 5408 2393 1497 5722 3221 493 7020 4690 6777 1709 2328 4682 2870 2208 813 4440
2324 6469 4777 1002 2137 6349
10498 2617 3439
8427 6068 5920 1098
12577 1916 1472 365 3354
4317 5380 1528 3943 4460 452 6054 2305 45 4555 5171
2437 4899 5353
17900 5879 4291 4934 1028 2321 2515 3215 5979
11723 1493 2296 4868
7438 5137 2502 6477 2100 1679 2487 3442 483 3248 4461 5029
8551 1313 6934 5693 4777 494 1535 2638 2999
12943 2191 6546 849 3356 5008 6176 4957 2348 6145 723
9568 4811 1872 5945 4564 1148
9894 4050 3962 1818 3354
2503 4250 6668 5851 5705 6857 2502 5713 4079 6483 1535 2013 935 3177 5444 6509 6788 1498 1125 2586 2817
3007 5579 6960 4327 5353 1826 1479 1624
19315 6590 1698 1340 4822
12771 4611 4383 3601 5126
5797 6032 2502 4777
10434 181 3514 1249
692 3587 4777 2814
5024 2629 2379 6118 4888 5184 6863
8733 607 5332 2123 4862 6782
15468 2346 3929 1419 6246 2932 6314 6630
3435 871 4226 17 59 6794 3010 128 7016 5184 935
15332 5558 3576 164 2980 3832 2660
7141 3486 1304 2984 6086 3983 55 4156 47 5869 6746 1542 485
14845 284 4719 3279 3816 4742 1053 3472 6436 4633 4855 5931 4156 3152 6036 978 4207 5672 700 2062 2625 607 4101 3968 3374 1083 6999 3973 325 190 6811 4547 738
2048 4313 4196 2854 2502 4161 697 2977 4462 4633 177 2986 6984 6036 6598 6213 544 5378 4101 1505 6993 5649 2873 5593 213 4333 3578 4949 2219 404 3541 6957 2586
400 2814 4564 3288
8158 2629 4188 5995 6915 6966 825 5831 1436 3241 2446 758 125 6743 4537 6291 5356 6321
15022 6668 2919 2629 1937 5286 2388 6133 4381 500 4324 2166 3360 6868 3554 1228 5140 4533 3536 5601 6616 4697 3966 6237 6208
3223 3853 5735 491 918
7285 4161 3911 4758 2430
12549 6902 4777 184 2569 5152 1655 2239
98 1872 3391 3129
10729 6691 6511 4081 5098
13876 2444 5502 2309 4785 3489 4777 3252 411 1535 6992 5350 4211
6425 5983 2871 6309 1149 2935
6983 1499 2619 6086 1847 2159 5101 7042 4771 4301
644 2321 4004 5157 2459
3573 5962 3193
4001 1499 2502 6691 6868 2634 4341 3636 1776 1917 3122 5063
9760 3718 2473 3239 6368 2395 1479 706 4710 3354 5760 4084 369
10997 3700 4291 5817 1072 1479 6176 6145 1553 5845
7778 6590 3067 5268 1596 4758 5569
14063 452 338 4380 1704
13847 6748 6430 5107 3983 1535 1202
11997 5693 2807 2160 6042 997 631
1939 6668 2467 434 4359 5614 5943
13068 2502 3727 3532 1962 4245
11562 6469 2151 3038 6915 6086 1299 5637 1202 4687
9661 4107 4508 1937 2502 2063 1041 3428 3733 1207 5503 5103 338 3685 6578 5504 1481 6446 1405 4636 4101 1832 2858 4943 3548 4224 4427 6990 853 3578 2220 4420 612 5567 2872 5859 6495 3859
476 1263 6792 5978 1916 3049 5466 6323 6397
11457 3486 1186 4940 5672 1252 4689
8952 5817 4719 2823 99 698 2451 5679 6918 3477
18680 5561 4777 4004 3561 4493
17989 2437 3734 4885
15242 871 5883 5899 3613 720 5795
11333 686 4832 4428 2084 128 4682 6027
12840 2974 1981 959 4202 794 5908 1923 1443 5633 1149 2873 4054 3611
2417 801 2351 5059 1459 1749 4777 5152 1148 5111 2871 4180 4366 4881 6390 4648 432 5350 4710 5633 3597 5627 3574 229 3638 4373 5563 5672 7038 1199 4039 1992 769 966 907
3825 753 1079 5367 5816
6629 3489 4009 3153 3444 3072
13685 2502 6026 6204
114 4515 4653 3979 3532 1241 5516 5943
14690 1144 6172 3391 5350 6371
9322 3084 4463 6701
2697 1782 2884 6309 2239 2026 2636 3876
15362 3415 6217 4955 5637 2478 2395 6669 1373 5702 6291 6396
13832 2325 4856 1365 1003
9731 6890 3700 4345 6110 837 775 3262 1102 3226 3734 4371 1322 4909 4292 6195 2947 6036 6370 5783 510 421 2593
1339 1655 1658 6371
14234 6814 3785 639 665 4227
11093 284 5957 3733 2834 978 4720 5841 3901 3342
7183 4777 5256 4162 3627 5826 3461
4291 4250 2937 4291 4375 909 5239
8411 2309 424 6868 6389 1088 3737 6759
6244 6184 1916 6915 4202 4742 5912 1913 4462 3727 5297 6195 5880 767
19223 791 1023 5107 905 799 6923 4722 1890 3516 400 6235 642 6115
9248 3487 5732 6760 3239 5108 4095 6619 2026 5825 1883 5638
12624 4756 5056 3278 3853 5579 2264 5265 3979 2975
1595 5633 3685 6371 3758 879 5555 4357
5761 1603 5350 5725 5563 3540
9223 6736 2907 6660 5693 2916 4787 6902 2502 4234 830 1858 3983 3634 5151 5735 3408 3346 100 1823 4245 553
7087 3612 2847 6876 203
9926 1006 1587 546 5268 2502 2698 4950 6189 494 2610 1535 3368
12185 3694 2871 6371 4269
17037 7026 801 4195 1698 424 1471 2508 5732 326 5904 6380 6548 3377 2855 699 6635 1033 606 1375
9870 6991 2829 2366 837 633 3127 2052 3038 5579 1810 708 6361 4742 6244 2319 174 6678 3730 3152 935 2470
5827 2084 3406 3737 6594
9305 4397 4303 4855 5503
1408 590 2502 6244 2617 4564 1729
2524 4196 186 1304 2172 1009 5108 4460 5560 5373 6931 556 3186 6635 3716 1434
17558 1723 4498
17283 4777 6911 3288 2044
4037 4313 2366 1916 1868 91 5942 4940 799 2728 1489 4066 1864 2649 1427 6568 6882 3181 2957 5633 2026 3782 5841 5936 3961 4994 6602 114 6409 1447 2261 2780
3088 4198 6597 4773 2074
9811 1868 1304 5732 4825 6759
112 3443 67 1587 6164 3494
7790 4761 3956 1228 3439 2814 2681 4869 1565 4701 5184
4219 788 6526 3475 58 5879 716 5978 3084 5579
6039 1728 1157 1913 2940
6704 5814 4291 3232 1072 4777 2403 4832 4564 1300
6535 3612 5732 5108
17301 2879 362 4237 3130
5260 2827 3279 1535 6228 4830 4488 6343 2208 5697
8888 1263 6604 1967 2235
16043 1263 707 3133 2395 674 5763 4156 5350 3430
6409 1263 3133 91 2986
16693 1263 4696 330 5510 1723 5262
983 1263 4785 1905 4811 3626 3606 6530 4795 4192 5577 1917 2208 6600
2737 1263 4188 809 1304
6866 1263 1937 6946 4742 3020 999 4758 6390 6505 5389 652 5063 4937
13562 1263 4313 1359 2172 1872 2161 6785 2709 6208
3839 1263 2444 6890 5208 4222 3205 1587 4291 2322 3232 4161 28 5055 1928 1632 1053 1228 5794 3327 6485 3694 5004 5904 1123 1636 7003 4672 3865 5104 2992 5872 5090 4744 2026 3969 7038
15172 1263 2322 3587 7017 4777 3983 6465 5904 1500 1306 1024 2541 3781 1428 6855
10538 1263 3167 2366 6817 1552 785 4825 5232
13896 1263 6660 1552 4531 2135
17466 1263 2814 6300 6530
16870 1263 2150 173 3591 4749 3587
5214 1263 3486 4742 3428 5197 4584 1083 5370 3509 1081 4660 4818
12573 1263 5509 1359 5390 1354 209 1269
14223 1263 5987 5286 2502 3750 3104 5752 1860 6992 1166 5596 4180
19027 1263 5579 5525 4685 6185 2583 2461 586 3781 6686 3444 3452 5496 1769 4105 4246 5474 4139
10570 1263 6184 6550 1876 659 6053 1339 4694 2135
5290 1263 801 3038 94 3285 1260 5908 5389 1857 3941
9523 1263 3494 3444 249 1057 2737
2350 1263 3591 2337 3814 3126 6506 3057 3727 1338 3153 6882 1059 145 3966 5928 2480 5946 6576 4639 1599 2054 2261
12301 1263 2365 3415 377 3527 5438 6934 2268 6184 2794 3486 4786 3355 4107 6805 2829 5939 6008 3084 10 4291 2322 5514 561 362 2100 1723 4164 383 3326 339 6785 1903 5252 6246 1114 2025 6203 4705 6261 7021 2957 3538 6145 2685 1252 6901
11206 1263 5494 1271 5488
7315 1263 178 2515 1890 911 3632
17711 1263 1772 4384 3133 4900 1852 6878 3614 3644 6930 1303 4043 1083
16008 1263 6550 2690
11531 1263 1072 2761
19009 1263 801 1861 6939
12353 1263 1006 4598 4811 5072 1848 4291 1015 5268 2322 4451 4234 4643 6412 4777 3265 1165 5049 4940 1041 339 964 2010 6274 3505 911 5199 1812 1887
14009 1263 6924 271 4749 249
7249 2458 1313 3718 363 3554 310 3979 4167 5792
12822 2458 4801 6305 740 5986
16037 2458 6455 411 3060 6785 5259 6721 3776 3493 4478 1002 1553 4043
10455 2458 871 6455 2502 4108 2115 6785 6583 4541 1088 4830 6763 4405 4133 4625 5600 71 3737 3272 2685 5338 3599
1670 2458 1587 4131 6422 2208
5754 5460 6184
6477 2268 2629 513 1133 4649 2903 4752 1701 4530 2822 5638 3273 5444 853 705 5567 2872 3243 6782
13333 3068 3085 2277 2268 2794
16879 5561 759 3486 5302
7156 6668 5209 2255 4163 2926 3486 6821 3396
10763 6821 6854 7027 5333
13639 1313 377 5006
7968 4051 1138 2277 935
18294 3958 24 5965 2376
4752 4519 7030
18205 2375 3167 7030
7671 2085 2397 2500 6282 5584
18584 2085 339 611 6436 2010 2523
19022 2085 6505 4148 6930
19297 2085 6008 1587 4777 6789 2495 1689 6167 175 1776 4806 6134
18026 2085 636 1115 2106 4859 3763 107
17242 2085 2794 234 5676 2160 1229
11685 2085 2309 5713 6117
14287 2085 3821 3718 1552 2113 5108 5912 4216 1225 482 45 249 2961
9283 2085 336 6183 5664
7066 2085 1721 6184 3486 6730 3587
12180 5588 3141
19329 5588 2966
7532 5588 6184 1358
3161 5588 6890 3387 4107 6805 919 4217 5677 1937 1967 4291 1359 4749 5579 3270 4742 493 3152 5562 935 2123
7710 5588 6236 2110 1173 6184 3486 2880
4403 5588 3085 4457 2110 1176 6184 2150
696 5588 5460 2726 2794 5879 3587
3237 5588 3628 4519 215 4457 4622 1176 6184 4716
18092 3499 3517 2502 2814 6448
3095 3499 1293 2346 654
4707 3499 5802 6915 5365 6885 5581
12298 3499 3038 6436 4251 4514 706 5555
14925 3499 2366 3285 5187 2770 3523 5563 5607 6770 5027
16235 3499 2684
12359 3499 1876 1723 5312
17962 3499 1015 2696
1039 3499 1749 6561 177 4830 3130
14483 3499 3232 2747 1271 4066 1148 894 766 4983 6939
7666 3499 377 4457 3253 633
17506 3499 4250 2482 2502 1948
2564 3499 309 3386 5312 5104 5633 1737 5936
13546 3499 2624 3818 17 2099 4742 3727 4825 5415 4733 3552 1556 6080 6036 5090 730 510 4192 5791 1637 6239 1405 1435 2101 2685 13 935 6424 5649 5638 1194 6953 5444 3280 705 1684 6190
19239 3499 6668 3324 1864
4905 3499 5137 4777 601
10358 3499 1620 2701 5467 1165 5744
1177 3499 3622 5509 837 454 4188 4161 926 3516 2986 4846 2870 2062 4530 2445 1416
12489 3499 5208 4161 697 1283 1532
764 3499 5050 1186 4381 3684 2690 5726 6195 2986 1468 1548
924 3499 3700 1188 5904 780
912 3499 802 3167 4896 871 2950 5366 6156 2758 4644 5903 3012 4760 5979
8520 3499 4234 4940 1234 4994
11598 3499 1876 5125 2100 6142 4599 6561 1232 3738 6930
14416 3499 309 2502 4777 2985 2488 4434 5178
3117 3499 2919 546 4451 4161 5979 1704 6391
10211 3499 4801 2502 3861
2594 3499 5916 3497 2050 1451
11570 3499 5494 1378 6376 2084
3097 3499 5705 775 2169 508 301 799 1886 5649
13572 3499 3881 4777 2010
13018 3499 1006 1587 2473 137 4270 639 3659
8866 3499 2502 5256 3889 328
3319 3499 2366 3038 4940 6865 6878 2574 2338 2096 1375
7973 3499 4787 4590 3439 2047 5710
5718 3499 2629 5152 2758 5496
4278 3499 1782 1419 338 1986 6800
15430 3499 2169 3038 2195 6829 1243 3147
6625 3499 159 3239 212 6311
14074 3499 242 759 3815 6821 3647 398 3232 2473 4587 5060
8048 3499 2349 2497 5563 3272
5870 3499 1011 4468 5647 3892
10530 3499 4250 2629 2590 3105 2634 5637 1624 2789 2613
4449 3499 697 6848 5256 2814 5397 87 3886 3536 4718 769
13882 3499 3239 4079 4518 5103 2660 2480
1720 3499 3564 432 706 2957
10402 3499 6542 6902 5579 1339 3887 639 6678 701
3534 3499 5939 1723 6546
699 3499 1686 5737 6929
4899 3499 4816 5850 1659
5888 3499 2150 18 5286 2409 4289
10720 3499 2172 5322 3626 2357 2419
14838 3499 6902 674 1703
3587 3499 6403 4825 5805 492 5319
16243 3499 5817 5732 6119 288 3019 5997 5841 1033 3961 226 5847 3168 50 2777 2202 2076 1813
219 3499 3631 3663 5637 954 1331 1432
4395 3499 6385 6168 3750 3523 7004 1907
1774 3499 5821 6506 6865 1987 5746
15344 3499 2629 945 2701 4341 951 175 4294 5809
3958 3499 5100 6620 2101
8689 3499 3841 1695 3852 5142 2583 3727 1588 2291
16550 3499 5061 1489 297 3862 6511
9508 3499 3068 5460 2773 3464 234
10111 3499 6668 3239 141
17045 3499 6736 4161 1808 3523
12261 3499 1539 4681 4859 3079 1401 1509 4689
15173 3499 4002 353 2956 1537 5905 884 1164 2620
10938 3499 716 908 2980 3787
2462 3499 309 4785 454 1587 3733 493 1163 1410 5259 1123 995 4830 6662 3058 2249 226 4423 3272
7473 3499 3366 4662 575 2167
3399 3499 801 7022 571
16168 3499 5597 6826 879 3147 2927 1444 2628 907
2580 3499 5004 4646 1110 3272 824
3333 3499 5817 6455 2169 6133 2977 6691 2334 1159 2022 5724
18289 3499 6836 6119 61 4658 5350 1375 1275 415 907
3633 3499 5481 5322 780 969
8950 3499 5408 4777 1535 674 5350 2023 6371
10496 3499 707 6885 1655 2004
9748 3499 1313 6934 3486 1203 4777 4928 4460 2647 2025 665 6537 3341 3963 5979 5029 5795 2858 6788
5627 3499 3623 3905 2480
18854 3499 4696 3415 1146 6542 6821 5043 3715
619 3499 4786 3818 5353 1504
17462 3499 3475 309 5765 5412
8894 3499 4959 2502 3278 4050 1434
12643 3499 3718 1241 4569
7132 3499 3881 4699 4777 2884 3943 1913 5350 2023 2430 6083 3574 105 6162
4643 3499 1913 5088 153
15848 3499 1966 5116 2231 6084 5647
12198 3499 6095 6154 4682 1407 623 4478 3674 5261
7869 3499 1360 972 4154
3890 3499 5983 1723 3480
18655 3499 747 1148 1565 3274
11456 3499 6668 4472 4777 1913 549 4259 6269 6015 4843 3119 4148 3190 1776 5341 736 605 6108 5285 5261 5474 4747 2973
4779 3499 2502 3227 2994 4148
8775 3499 6588 4777 1002
18548 3499 1759 573 5291 4143
2961 3499 1296 5527 6448 6440 5928 2101
17756 3499 5401 1660
6017 3499 1385 2527 4400 6286 4198 6230 5781
1634 3499 2172 2980 1032 1776 6925
16084 3499 5164 6902 141 455 3289 6583 5168 3536 5504 4478 2625 1133
17637 3499 6223 415
4597 3499 5353 1436 5001
14061 3499 2169 4913 4989 1913 6461 1097 95
14268 3499 45 5997 6377
2921 3499 1304 5821 3902 3406 2049 3772 4702 5946 5647
831 3499 4289 1535 2023 2498
7752 3499 4361 3727 3792
6095 3499 3612 4460 3341 1609 6616 132
14593 2110 3486 309 633 6760 1245 6996 3828 4391
16687 905 5142 2509 6276 5715 3425 6746
13012 1153 3085 6526 4519 215 5345 5927 284 6890 2268 1176 893 4576 3486
18912 3990 2268 1293 1358 6045 6730 5614 5284 1175 3632
7860 309 1360 1491 4934 6210 6532
18418 5055 3629 4104
14005 2365 3990 4959 6045 6730 1175 3952 2386 5449
18765 6934 1490 1711 1400 832 2826 6486
2596 2444 1322 5272 5674 6389 1791 103
5477 6032 4096 1419 328
166 4313 1897 2309 898 152 918 6470 400
19294 6668 2110 3258 893 2150 4953 1604 5056 6932 633 2473
1688 1571 1459 91 1631 1419 799 4235 756 5111 2026 5804
2542 4034 5286 3851 1459 91 518 4928 2536 3334 1676
9264 5886 189 243 3820 1007
6051 503 4787 2871 1530
4356 3881 6934 3253 2629 590 6217 5693 2169 2520 518 6923 4323 1260 3850 4545 164 2451 5581 211 4629 376 2144 978 5412 6434 4823 1438 4449 6089 6533 5929 1375
11311 2540 91 5476 3960
15308 4384 3952 1040 5737
16188 319 5677 276 2010 2758 2866
4320 6940 6045 3205 928 1359 5579 518 1596 5353 4080 6171
6170 2444 590 5186 4002 871 3851 4161 873 4758 4901 3094
4666 2919 6468 649 3354
7650 1499 6814 3126 6868 3983 3439 5091 5866 586 6154
3533 3851 91 2117 1419 3721 5111 3778
9723 2444 5284 2169 5579 1631 2330 6086 3410 6383 6380 5681
17113 284 4786 3205 1175 5286 2502 1088 1097 3354
2076 1210 5977 2390 6436
7875 4026 6195 5270
7749 4144 1240 5435 3544 3963
57 4250 2773 4293 1358 6821 2186
13096 6747 6730 4787 1587 707 5579 679 4722 5353 3823 4421 4846 3781 569 787 6151
8849 284 4122 6223 3126 5142 2953 3727 3371 4795 6594 3147 6892
13220 6668 2444 2919 4756 3752 4811 3836 3926 5164 4291 871 4188 6902 1304 5942 6640 2977 4529 3239 411 3634 4012 4910 2770 1148 4659 2372 918 2294 5808 1556 2541 5412 264 5679 3737 3955 4543 2383 5928 3644 2453 5394
6412 452 6537 6126 3963
15108 7030 5814 1667 2797 4161 1723 5049 2637
10118 1466 1004 3628 6526
10760 1466 6814 5457 249
8986 1466 1510 242 1324 3387 1360 1175 1186 6113
9468 1466 284 28 3587 5064
14692 1466 4719 3882 3763 80 6937
4092 1466 799 2330 249
14705 1466 6260 5191 2627 6939
12629 1466 3604 2590 338
2375 1466 3239 3759 5936
14238 1466 1587 898 3943 6984 4168
6668 1466 4811 1304 6419 6583 978
19148 1587 2192 2814 2980 4454 5692 1565 5922 2003
11138 6730 1511 395 6323 3354 1737
14506 1916 4188 2879 4575 2980
17138 2773
8473 3133 6469 3316 5868 6095 6568 6746 2239 3578
16524 2668 4905 5682 5591
4144 6551 665 1479 5410 1243 6654
17666 837 2757 164 6052
5351 4996 2527 1723 353 6785 1390 2980 4063 792 2988 3147 5405 3113
8750 1713 6526 5320 3879 58 5541 3618 6217 744 3621 2822 213
1108 3167 2366 4508 2418 3727 4468 4170
13277 243 3540 6756 2027
13352 1153 3167 1126 1257
9119 466 3612 6902 3038 4351 1950 4742 4387 2457 3366 2573 6785 5036 5168 3820 3354 4148 4697 5727 2417
19374 1106 285 5323 4066 6107
563 4188 3429 2701 1839 5074 3626 3272 3274 3349 5474
10005 2619 5449 2509 5353 556 1645 4468
18385 6730 2447 2418 1896 6746
3384 580 3700 6730 4188 6915 676 4699 1723 2814 3532 5168 951 1052 1884 6511 73 2927
16107 765 2418
16715 6414 1934 3309
8495 5602 2772 6821 4867 4107 4508 200 4940 1322 6195
15785 5236 1631 7028 3331 1260 1729 6125 4341 3356 6278 627 3342
3411 6668 284 5209 4786 4922 4243 2346 2473 1868 1876 926 4777 4438 1260 1225 5373
1193 1759 6550 4940 3463
6381 6526 5086 2773 4163 3486
7823 2108 2473 4885 3923 3937 804 6512
1541 309 4107 885 837 5718 1868 3819 2476 1131 1260 1486 4462 3721 2734 1995 1050 6171 665 6746 5737 566 1923 6114 1151 1986 5985 2298
16316 4250 6736 2919 5137 3604 466 3207 309 2351 5693 5530 5965 5431 363 5579 1631 6915 990 5594 2100 6868 1872 1378 3849 300 141 2072 894 3385 3450 5547 3480 4718 2609 6169 6930
16842 5977 518 2980 3794 582
7535 6736 5693 6915 2757 6789 4382 3439 665 1088 3341 6746 6635 4221 126 3182 3361 6499 4771 1058 599 1442
17696 1631 6536 6171 6930
13840 6730 1868 4108 4742 1260 2962 3721 4701
499 5753 6028
6652 5502 6915 1760 2480 544
15619 6660 293 6455 3133 945 1304 4215 4263 4490 5606 766 1504 2497 1436 4211 3356 175 3737 4148 1786 2595 4555 544 4670
4448 2084 4156 1050
2638 5353 6458 1148 4080 3129 3030 175 2089 5929 426 1880 3273
1481 3239 6137 2421 3652 1699 2582 5996 2927
14203 5380 687 3926 1340 5408 3564 4742 2859 1882 1913 2997 6230 3882 4830 3288 1594 4701 2562 4763
6508 6526 1916 6784 4722 1366 2647 1787 5168
10806 4622 3486 4253
1044 2365 608 4253 837 362
16394 801 2629 3221 4026 4564 1229 3309 4721 610 5047 967 3880 6443 2606 5616 2910 536 6248
5456 885 6299 1304 4050 4599 2025 586
9052 6736 5541 4727 1257
4702 6736 5602 4622 3587
1174 4866 6865 2074 3019 6710 4697 5584
15695 1786 6826 2176
15894 5048 3221 5793 149
4748 1890 6206 569 3204
11882 91 5579 5835 2647
14221 3068 4356 2277 284 3167 5006 3978
1227 3068 633 5558 5852 422 6185 2727
14837 3068 2773 78 3759
15517 3068 2502 4198 3934 6485 4477 6112 4454 203 6145
18785 3068 104 2461 4611 3414 3737 1470
4582 3068 1604 7029
9200 3068 377 3512 1587 1417 6652 3983 1888 2128 6583 3241 6130
9170 3068 3628 377 2277 5109 3587
17727 3068 17 422 2315 6770
1804 3068 35 2527 3386 6150 4709
7635 3068 2473 1459 5187 468 5135 5496
2716 3068 6736 837 805 4417 6506
1669 3068 2366 6789 865 6458 6687 3992
11013 3068 6668 943 1470 5184
9379 3068 1550 4816 1058 6808
11360 3068 5561 1916 6442
1000 3068 5837 452
2838 3068 3700 1765 2527
6466 3068 27 3815 5056 4967 6814 6479 873 3465 4387 5637
12925 3068 3525 6526 5561 1210 5693 200 2879 2827 654 4940 935
19360 3078 3394 1037 4622 6184 5428 4716
5465 3078 6668 3167 2926
15231 3078 3394 6526
3639 3078 2277 4457 2773 5586 3587 3201
9199 2966 5203 4716 4107 2558 3747 4156
4124 2966 1713 2375 1356 3167 2268 3141 6622 3548 3509 2352 4173 2674
18129 2966 6748 3240 1852 1514 4105
11576 2966 2337 4590 6002 1808 4893
13879 5738 4716
11750 5738 2375 5602 1092
9044 5738 27 3167 5209 7030 4922
16052 5738 4922 1360 5056 1539 2619 867 271 5286 2713 4199 5765 2420 5787 3060 339 2617 2376 209 2670 4009 581 1436 6893
6901 1814 3911 3849 3260 1509 1405 6213 5710
6814 3628 3258 4988 4716 6821 309 330
3652 6429 3339 3385 1097
9615 3085 1092 2110 2467
13637 215 3587 6677
11300 2100 164 553
19198 6934 3752 6415 6086 4501 5183
6689 1304 2843 4965 2158
14143 4257 4467 6397 5623 6553
17628 6730 4002 2108 2322 3239 6086 1535 5353 3721 3902 6273 4148 2625
1765 6526 4457 5069
15419 4699 1839 6964 1760
5229 4051 3628 1356 112
13603 2268 5 1970 616 5863 6176
779 2365 2277 7030 2992 397
5230 6890 7030 4163
3255 3085 893 4576
12154 3394 4356 1358 6730 6805 1175 6721
12238 4250 3085 3512 6684 2386 4777 1322 3502 5563 4153 4586 850
14639 7030 2794 2016 3486
5695 3668 3120 633 2322
13425 5602 309 885 6949 339 4758 698
18487 5602 3486
1255 3736 5879
668 6934 5056 2443 1181 133
5176 6510 3587 1221
3756 3085 5345 5438 7039 438 893 3223 959
2608 5460 2366
6772 2629 5879 3543
14244 6736 5345 7039 1967 1916 707 2854 4976 1981
3838 2375 2016 5782 2366 5677 3423 6006 162 3272 2685 1002 4946
10165 4107 919 2169 500 6954 694 4187 4417 1322 4292 6036 2980 5027 1426 6598 4296 6700 2822 6778 1279 853 5485 4506 4628 6105 3712 6957 646
6276 6038 1103 5104 6746 5557 793
3239 6656 2255 91 3128 5448 122 6083 3695
17944 5602 2726 2110
9347 4253 3851 493 6340 6746 505 6877 2334 5679 4022
7408 6890 1908
5815 3415 2268 309
10285 5438
943 6890 2268 1293 2322 4234
2743 6890 2268 2629 837 1322 935
582 5345 6217 1479
10215 3141 4772 5879
18920 4150 2594 6644 2935 1781 4671
1231 4519 989 2268 3486
4483 4457 6909 4742
2587 2857 3167 2773
17426 1153 5602
7266 5460 4293 6821 4253
17218 2277 3167 2009 78 2794 1604
18141 5602 6934 2788
2946 3990 2773 1257 837 91
1733 788 284 4457 309 5879 1257 5436 2024
5768 2907 4257 1027 1322 5272 2001 4633 1556 6124 3599 935 3147 213 4333 4628 646
4945 3464 6821 4922 5677
3737 6821 173 4472 1937 1404
18762 1713 6526 4457 2794
9729 788 1356 6475
8601 608 4457 4772 5879 3840 2359
15879 6526 5244 4253 309 2322
9247 6526 7030 5007
1646 5142 1405 2045
6518 6736 5663 4719 5367
2748 6890 5879
15936 215 6906 4163 5939 633 3754
11221 3167 193 893 6821 1257
4908 3085 6526 4163
14488 788 3085 419 4002
2112 6821 309 2359
14241 2365 4356 6475 3167 2926 893
11044 5602 4457 4313 3464 4359 3396
18820 3085 2857 4457 6934 638 4313 4233 5342 7005 2001 4292 3621 935
3051 788 1146 2290 193 4163 3486
10090 788 7030 6801 5586 3464
7062 788 6771 284 5209 2366
123 788 3087 5449
8203 788 6668 6526 6736 6094 893 2150 1257 3265
4411 788 6184 4253 2972
17829 788 3628 6906 2163 4457 2773 5879
1760 788 2510 4161 91 4592
16552 788 27 3971 7005 1210
13453 788 3394 6526 3475 6821 3396
16365 788 6736 1250
16500 788 6045 5879 2578
18087 788 6299 362 6042 5852 6267 2100 4527 1611 4672 3430 406 481 4493
2189 788 4576 5879
13989 788 215 5320 4622 3141 4827
6972 788 6526 112 5320 5086
15697 788 2502 156 4940 886
11 788 4457 4988 5879 160 3587
15620 788 5541 4313 3464 4293 4253 1604
16005 788 6184 893
5168 788 2008 309 1491
4512 809 3183 6915 1521 141 4830 2963 2118 5499
8068 4457 5586 4131 5353 1676
8685 4061 4846 5783 2026 6198 4295 1141
15338 5407 336 2075 3155 2483 2927 4318 6543 5394 6509
11007 6074 5452 6446 2679
7149 3486 2829 1459 5108 2390 6785 3813 2342 2244
14943 3881 309 5337 3814 4742 3439 5353 5237 4825 63 5674 3960 3181 3536 4148 507 5327 6446
3705 3881 411 5397 3992 5767 769
13826 3881 871 1732 3737 1440 135 426 1880 6556
16336 3881 6924 2693 1876 5256 3216 402 6490
3120 3881 2757 6061 5547 1395 1458
16821 3881 6414 3016 6915 4375 3722 5831 5581 211 6568 1762 249 5943 2112 7006 208 826 6894
5892 3881 6668 5939 908 5965 4351 3677 665 6531
18399 3881 2633 643 610 2980 793
12344 3881 4814 2403 1723 4722 1020 2459 4710 1119 714 814
17581 3881 4558 4913 742 3691 6693 5279 6826 6951 1917
12297 3881 5602 189
3972 3881 6890 3853 5449 2814 5397 3516
19173 3881 3486 5693 4816 2348
5580 3881 3926 4257 1419 5256 6885 5353 141 6933 478 6645 3667 4994
5091 3881 2444 1499 2351 3718 2578 3647 1304 6784 5055 6310 799 1872 2084 3516 4611 5760 4760 6488 5184 3630 6701 4184
18634 3881 6068 2476 3742 1641 667
7073 3881 7030 2309 871 4050 4832 6336 5353 956 4383 2833 1389 4710 566 1978 4192 3737 3601
14625 3881 284 2351 3084 5529 4108
11759 3881 3854 5400 6652 5234 81
14956 3881 4188 2502 2100 2084 2487 4830 3717
2483 3881 4291 6168 362 2503 5361
10484 3881 2829 2224 6648 536
4462 3881 2459 1800 1917 5211
18992 3881 6730 2619 293 3851 5048 1203 6836 847 1679 5581 4830 4816 483 4307 4148 823 4594 1194
16113 3881 3622 6640 493 5674 6826
16502 3881 5164 5965 945 3853 1486 6770 5184
5304 3881 5794 4933 6855
13983 3881 5520 932 5732 2330 6281 104 4909 3340 4732 6036 3602 1575 3599 4220 6598 5809 88 4101 3177 1832 1538 6999 6115 5370 5826 1026 404
1311 3881 4940 4903 2459 6188
10983 3881 6939 2208 3463
17202 3881 6748 1587 1755 4955 4369
6369 3881 503 717 189 6868 3675 3850 2814 6785 5353 3236 6171 6939 6126 3444 2522 4892 5172
16369 3881 2919 6542 774 6164 5558 338 1624 6155 4405 4762
3131 3881 2351 2337 1280 4777 1339 3882 5808 1496 5350 5725 4789 6237 4673 2940 2062 2636 485
13339 3881 5345 983 908 393 4140 6867 6389 4210
11487 3881 285 2728 6077 5655 6882 5204
1397 3881 1499 3693
10717 3881 2502 5100 3733 713 665 6325 64
18816 3881 1217 2639 389 111 1413
1764 3881 181 5316 1923
7557 3881 6934 5208 6000 4397 3533 871 200 4969 1072 6468 3819 676 6086 3629 453 5648 3721 5810 4156 5559 5833 4980
16994 3881 1304 6923 1553
15110 3881 4375 1225 3995 6171 3444 5728
14979 3881 6297 2527 1494 1913 5381 5547
6076 3881 2502 5822 205
17183 3881 2527 3227 5011 5099
12017 3881 5817 911 1405
11283 3881 5965 6618 6505 3796 79
9344 3881 6184 6980 1072 4742
503 3881 3718 3962 3385 4848
6923 3881 6715 1868 5821 6053 4742 712 2832 3942 2537 2026 3737 5012 2664 172 367 2203 1917 5071
16401 3881 1888
1249 3881 1944 189 2651 5903 6132
3208 3881 1227 5507 4291 1157 339 1535 5373 5904 1202 6442 2538 1479 2413 6531 5889 5184
11880 3881 5509 1913 2940 5184 1701
10824 3881 5891 659 1936 3830 4151 6896 4376 5063
8590 3881 3476 3983 3314 2777 2154
8721 3881 3866 636 5977 4061 2634 1097 1229 3758 7004 203 6022
10020 3881 2169 5787 7002 152 164 6291 2101
19093 3881 4313 2581 3275 3882 2459 6716 1149 5184 3829 5922 5147
13201 3881 1913 5353 391 3019
10503 3881 5509 6172 2509 5397 1886 212 5338 4225 4745
15209 3881 4062 5048 1304 1419 1900 6992 1269 6678 1808 4870 4399 1996
7303 3881 1552 6168 2573 6882 4893
1915 3881 1446 5693 4814 5156 4216 5074 3979 5674 3532 1559 1374 1925 3597 229 1776 1575 6516 3594 6463 5838 5178 2073 2927 1476 205 1353 1799 6700 804
19020 3881 5851 4313 3631 2351 3316 6030 4373 4393 6423
15192 3881 5965 446 4510 929
4373 3881 6692 6757 792 5178
17011 3881 5939 3742 4259 1020 6442 6673
9862 3881 1631 2723 2569 6436 1913 5936 2208 4042 5184
10714 3881 6352 1271 172 375
6744 3881 2459 929 5746 3228
11039 3881 6542 5965 809 799 1166 6109 3826 5204 6388 5889 2592
14955 3881 4034 6579 512 1166 5204 4981 5184 5649
3224 3881 2773 3486 2254 1304 4699 5049 5330 6320 4564 5503 1480 6027
17982 3881 2351 6591 4742 4025 4820 4354 5563 1917
10852 3881 2160 869 1318 6531
10342 3881 1016 6915 3997 5219 3516 665 2023 3441 1777 5487 4673 6553
12904 3881 3718 6579 2825 950 1229 3713 6511 7004 6828 2531
3541 3881 284 947 2161
1567 3881 4859 4145 3256 6423
8992 3881 1313 885 4590 2977 473 4564 6662 4111 4454 5017 2026 60 4621 203 1594 6863 6896 5795 1038
12100 3881 284 1918 1731 6184 4576 4293 1257
10266 3881 392 7030 4313 3718 1507 4426 1489 632 3516 211 2609 4294 1405 2101 5184
7988 3881 2147 6618 4607
16193 3881 3958 983 5478 3718 2840 17 849 2459 5547 2802 1113 5800 3504 1917 2544 5184
6174 3881 1417 4913 59 2645 1925 153 566 2802 2168 5901 5928 1588
13394 3881 1036 1255 4259 3391 6878 2049 2101 1074 4409 4165
2064 3881 4351 2099 6152 4256 4900 2459 4683
11747 3881 55 2825 6648
145 3881 2351 908 5965 1166 6611 1202 3523 1097 958 2459 1800 2881 870 6531 6067 3042
18530 3881 5558 5993 2459 6511
987 1510 2365 284 6184
14559 4316 5818 2025 338 1725 6690 3441
7701 4316 4107 5677 6119
13666 4316 6915 6006 4009 4522 5197 1218 3782
13735 4316 2459 1603
3617 4316 2629 1507 2546 3710 4264 5526
19335 1713 2726 2926 4772 330
11657 1713 6668 4922 1015 4047 4777 2617 951
1975 3622 5056 362 1072 1311 5352
17380 3622 5817 4814 6546 2459 5204 4022
14587 3622 867 1587 5059 5765 4940 1260 6732 514 2983 2758 1254 3153 2992 2665 4405 5518 3418 3658 203 2101 6930 4321 2791 2761 1211 2335 6359 171
9927 3622 4256 939 1405
2545 3622 3035 2879 245 3516 6721 1055 203
17594 3622 5965 2745 2974 3226 3624 5822 6063 3960 640 524 5547
16854 3622 1304 5270 2441 2307 2101 6084
3881 3622 5050 3926 5256 3516 5341
7510 3622 4928 4662 4095 5414
4177 1153 5425 2508 6171 2198 4405 1241 6576
1509 4250 466 6684 5667 1723
13875 4250 6668 4253 1587 4069 4730 1631 3587 3770 2013 203
18609 4250 4811 6436 110 1067
16372 4250 3167 6400 2855
16471 4250 4811 351 3530 5547 1710 5710
9288 4250 6640 281
9816 4250 6991 2366 4508 1587 2473 4161 3238 1283
2720 4250 6736 2919 3355 5286 6692
11060 4250 6668 4761 400 2748 4307 3042 6255 3868
18007 4250 6862 6205 1596 6203
14857 4250 6736 1862 3736 5995 2063 1318 339
7905 4250 5579 2443 4940 5068 339 4978 104 5543 1560 4758 2996 3738
1389 4250 2720 4515 968 2330 1541 894 4156 5600
5162 4250 3415 4107 4801 4707 4662 700 2062 4063 1505 4493
9713 4250 992 4940 3985 1807
954 4250 4811 1872 6832 6511 4099
10524 4250 1203 4940 1148 943 149
9427 4250 4364 4324 1776 1058
12882 4250 1062 3441 6573 4994 2930
11266 4250 2366 1552 1015 2569 6536 6188
19395 4250 4787 1015 1459 6210 4861 2634 4558 4198 999 351 5511 1519 3727 6107 6984 2523 4881 6568 4710 5047 3762 37 1795 4869 2059 678 3905 2096 3772 203 4994 5385 2101 6211 2696
10928 4250 3621 3916
1052 4250 6668 3386 894 5791
4699 4250 4433 1015 5048 4590 799 1069 2260 2739
16985 4250 4253 4243 3675 6195
16292 4250 5055 1339 5841 6929 1442 2930
3945 4250 1729 918 4830 1738 6676
16855 4250 1780 3486 6042 5765 5912 4073 2294 6936 4029 6186
8975 4250 6542 5677 6660 4387 1260 1903 3693 3523 6984 5104 1198 2980 268 390 4823 2077 6138 3588 2782 3644 381 3885
12934 4250 5802 339 4758 1229 2101
10644 4250 1072 1073 6188 3632
14707 4250 7030 3863 6857 6507 4384 3232 2064 1400 2469 1322 5866 402 4649 4493 5826 5332 6489 3496 677 325 2674 6782 588
2790 4250 6668 687 5043 2701 1340 17
892 4250 3863 1374 4640 1241
544 4250 2775 3026 6546 1020 4901 297 2639 4673 1704 5456 4689
4616 4250 6668 5512 5049 6676
18507 4250 2919 3486 2562
11613 4250 6668 3486 1499 4761 6168 2693 500 1838 2495 2814 584 4365 5204 3737 3772 2215 6176 3009 6044 3681 1265 2464 3632
7491 4250 6668 590 5547
13648 4250 6934 2548 775 4002 1304 4050 5276 2515 2390 5519 6527 1201 4650 122 6188 5825 954 4260
12247 4250 682 2728 339 1913 4855 7003 5564 1374 3153 2471 6635 2866 6672 3463
309 4250 760 3942 4881 2843 2715 4712 6147 1992
12524 4250 6668 2919 1723 4711 4657 3574
13523 4250 6624 5109 1446 3133 6306 1347 3341
5961 4250 4696 6668 2282 6924 3975 3587 848 2072
17784 4250 6934 5467 5732 2457 1561 2161 1535 1754 6548 6511
15574 4250 2919 3736 1499 2992
2118 4250 2879 3819 6185 1634 5378 5795
9192 4250 2160 6640 799 6258 6499
7243 4250 2379 3814 2569 4611 3288 4478
16064 4250 5739 116 4187 4484 1115 5916 411 1872 2325 5959 4477 1418 960
15159 4250 3992 5378
7785 4250 5353 958 4211 3574
14018 4250 5705 5525 352 4540 544
12853 4250 2919 682 799 3632
51 4250 3443 2502 3429 2056 1882 339 6155 6878
1571 4250 4839 4553 3385 6204
13181 4250 1250 6045 5879 4896 4431
8836 4250 6668 2919 6364 1967 4521 3911 3476 3408 6436 2868
6027 4250 6668 377 2919 5109 1155 5509 1280 707
13813 4250 2629 590 1999 2161
9931 4250 2919 1015 4978 1418
7679 4250 580 3486 4811 178 5317 2251 200 4375 1723 4102 918 6146 6176 203 935 114 6576 6788 4660 4041 404
6757 4250 91 2395 4876 3632
11151 4250 775 5375 2169 765
17810 4250 1429 4453
2769 4250 3167 1868 1108
2044 4250 1749 5581 338 6531 6204 1630
410 4250 871 1015 2305 6937 4146 4177 3968 6957
19358 4250 6668 2919 2505 4457 4896 3429 6915 6175 3791 411 4742 3675 6785 5835 4462 5353 3062 5476 6458 3727 4491
16481 4250 6660 4985 876 4332
15681 4250 3700 4811 386 3115
13415 4250 6442 4154 1800 566 481
2974 4250 4864
540 4250 4161 6546 1729 5674 5387 4341 2848 1319
13676 4250 4940 2354 549 2523 1374 6213
5605 4250 6260 153
16462 4250 1009 5423
11277 4250 6668 1291 6257
11855 4250 5049 6012 315 820
14895 4250 2375 2919 6934 1316
12164 4250 215 1349 3084 5529 6168 500 1512 6885 2997 918 1530 6390 2712 520
1058 4250 2775 5912 1130 1714
8967 4250 6934 6902 6915 4777 4940 999 3366 2127 338 5908 6878 5350 1243 2562 1101 5015
4738 4250 2919 424 4599 4978 104 3079 3516 4611 2980 966
15435 4250 215 2981 6009 6168 6485 2523 4491 4881 6939 1898
3971 4250 2893 1850 6868
14848 4250 6668 3049 1989
4923 4250 919 2061 5928
4679 4250 232 362 1822 6180 3530 4414 5563 6994 2208 2101 690 4557
15587 4250 2919 2775 5337 5259 955 5249
632 4250 3198 1604 1419
9426 4250 6469 4234 152 3710 6354
10818 4250 500 2264 1269 4505 6984
7975 4250 6792 992 3587 1903
9918 4250 2919 5208 4738 3239 5912 1938 1489 5245 6465 209 5353 361 1671 4355 740 3621 584 6227 4145 4657 2098 4994 6516 4741 2930
8812 4250 2919 3971 3700 3444 2089
16834 4250 5208 4253 4096 6403 3561 4970
18844 4250 2919 3631 2351 707 1304 2757 453 5256 174 1792 713 2790 958 4956 5311 2709 5850 3758 6759 6670 2101
4133 4250 1984 6003 945 898
14491 4250 4696 1060 2728 4270 943
8224 4250 3207 5342 1015 2169
10174 4250 5512 4507 4266
12666 4250 1499 6110 2052 17 4868 5113
12360 4250 6668 4950 1500 4994
15452 4250 4811 3855 4493 3632
7379 4250 5814 5806 4384 6735 6244 5637 4259
11076 4250 2444 6940 284 3167 3486 2629 6217 4150 775 3489 1587 6902 1868 1419 799 5187 3983 1271 5353 4490 1679 3522 5252 2305 6984 4156 4611 665 6523 297 2980 5350 4454 7004 5928 599 4478 334 3147 6459 3868
9369 4250 2444 6736 3486 1499 6217 885 6660 6902 2502 1749 1489 5735 1913 2023 2975 4607 4148 3540 3342 3555 1199 6357 3846
14871 4250 4749 5818 3366 3651
10823 4250 4832 5074 1229 6562 4980
15905 4250 309 4742 5256 4216 2541
8538 4250 2728 4211 1575
13538 4250 1772 1749 5791 5516 4984
11847 4250 694 1296 4340 3532 5581
17021 4250 6668 2919 5509
4070 4250 6188 942 2696
19017 4250 6934 5879 633
4515 4250 5586 5644 362 6361 2319
4989 4250 1937 4738 2502 6168
15320 4250 6771 3443 774
6242 4250 5345 5689 2619 5939 1304 424 4940 3835 4758 1020 4901 6939 4431 389 2323 1589 2777 2118 3193 3531
17168 4696 2354 6867 943 894
783 4696 1293 6730 292 2052 5789 5383 357
16617 4696 970 4291 1015 3855
7858 4696 534 1775 452 3721 2839 2461 303
3804 4696 1015 4719 4940 6086 383 4900 6678 4009 3730 3314 3523 4705 3130 3216 96 2062 6598 2696 139
8564 4696 4233 1587 4291 2502 6053 4857 935 3374 2470 266 2123
6034 4696 4375 1203 5049 2583 417 1804 5564 5000
1027 4696 1896 5954 2980 6593
15998 4696 377 6906 3486 1317 5509 104
648 4696 1721 3486 3091 2502 3437 2515 4940 2253 5108 3543 6269 2523
13920 4696 1552 3663 3424 2684 2159 2645 3674
17302 4696 3736 6086 177 6065 2568
10120 4696 4536 848 2100 152 5265 6436 5210 3730 1903 6246 894 6738 6354 4156 4611 4810 581 4154 6167 939 1465 5928
5667 4696 1635 3727 4477 6984
17446 4696 4267 2363 1613 2632
268 4696 1459 2006 918
16359 4696 4226 3354 6207
5246 4696 476 5942 664 3153 5562 2904 1962
19199 4696 5272 4292 566 1509
17095 4696 6032 2296 2316 4156
13873 4696 7030 466 6821 4253
16020 4696 6668 2629 5896 5440 1772 6566 3759 6188 4937
15521 4696 5689 91 4850 1334
1818 4696 785 5252 7003 5073 2481 6766 5350
12304 4696 6736 377 580 3486 4212 4811 3612 2473 6168 1459 659 35 6915 5108 4599 679 2914 2569 2997 1864 4874 4903 3391 1239 6583 610 5381 4710 4306 6701
15653 4696 466 3821 687 6855
307 4696 5520 2578 571
9455 4696 1587 2473 3734 3479 5994 815 2647 6931
17937 6668 1665 1015 2093 3561 5563
5027 6668 3038 6368 5976 4156 1724 1496 5908 4151 2849 1002 4043 5271
4034 6668 459 1888 2020
10293 6668 3486 2629 3902 6808
8310 6668 284 1944 4107 3278 6468 4742 4067 6292 5522 4909 4292 1472 1826 4284 1309 1598 569 6870 5148 2044 6431 5033 4636 6804 3177 4440 2675 4318 2568 2822 5638 5444 3973 3280 3496 3578 4949
819 6668 5983 1916 2504 5646 4906 5187 4144 955 2943
12011 6668 902 180 6290 2470
1507 6668 2919 5056 2346 3489 4188 6902 1868 1491 1459 4351 1767 3897 3543 2509 6631 794 5822 6785 6698 5252 6104 6354 1791 3782 5060
13574 6668 6934 2617 918 6511
13850 6668 761 5913 3595 428
2713 6668 4814 2690 239 2498 4875
12835 6668 3747 3547 5648
1225 6668 4903 6505 6937
8377 6668 4433 2473 2502 4777 1009
2061 6668 3486 3897 2195 918 4830 2759 6211 1458 5683
23 6668 3850 203
16249 6668 4226 2634 999 69
14072 6668 6867 4888 5521 5928
14702 6668 2629 6626 5817 5003 5024 5825
12098 6668 3486 799 164 6635 3540
1945 6668 4472 6814 200 6129
19285 6668 3958 970 3718 6538 6785 1860 4358 6531 1812 2101 4684
1024 6668 6624 5520 3486 4291 2270 1966 2827 4940 6762 5239 6746 2059 3491
7240 6668 3330 716 3444 2660 1071
11533 6668 2379 2590 141
959 6668 5208 1552 1749 5049 2523 4718 3796
9196 6668 4801 3238 6228
6628 6668 799 7003 6939 3165 2453 7034
463 6668 5312 339 4740 4662 6421 2059 4057
3998 6668 3733 4138 2026 5563 2201 6499 4762
6781 6668 3815 3239 425
2836 6668 3486 2348 4542
2627 6668 5454 452 4662 338 3691 2811 2632 6488 5691 4763 270 4602
17470 6668 5509 871 189 6527 7020 1861 5352 1776 4478
18878 6668 6730 3814 713 3774 5563 1329
13752 6668 4384 4567 4777 2316 3727 6442 1624 3201
9400 6668 309 3693 3334 6229 374 6054
17820 6668 7003 5350 2636 5178 3607
11159 6668 3486 6946 1009 3504
2854 6668 2919 4699 1987 45 1871 4994 6211 2107 4043
13568 6668 5208 1323 2502 5977 3298
7038 6668 1560 6188 2761 5378
3487 6668 1419 3455 1808 4535 4308
647 6668 5965 4507 569 5378
17274 6668 2919 2163 5006 4253
16533 6668 4234 6551 2647 2684
8824 6668 2827 6923 1913 3516 4611 338 6537 6573
16140 6668 775 1020 3214 6942
16889 6668 1015 4303 2583 678
10465 6668 1147 707 4254 5977 4235 2463 5816
3631 6668 590 6217 6902 5720 4050 6915 2977 2161 2581 4633 5087 3777 1135 4830 3759 6841 6878
11104 6668 377 3527 1146
2729 6668 896 5872
6099 6668 2351 3718 3851 4855 102 2459 2144 2980 6850 6177
16640 6668 5164 871 1981 2590 4777 567 4940 1872 368 5637 2581 1729 1839 5926 5515 2980 6630 5350 2023 2609 4845 6499 5184 2197 1199 6750 4542 1249 6396
5416 6668 35 2634 383 1229
6694 6668 775 2151 4381 3624 210 6086 1375
13652 6668 4940 4881 6882
19423 6668 6446 3506 1701
9114 6668 1571 2351 1905 3851 2814 5794 5666 6530 681 4818
5682 6668 6368 6583
9735 6668 4198 4832 3606 6326
15463 6668 1323 2473 2409 4940 6244 6115
9318 6668 4072 5072 1767 6868 6631 3327 1163 3869 1295 3727 3626 3346 894 2305 958 2618 5699 904 726 1195
16399 6668 837 1937 633 3232 7012 4934 2523 3972 6298
9069 6668 1339 4237 2367 4808 192
10851 6668 3167 6303 4364 3133 2473 5579 1163 2871 1709 1248 399 4191 4895
4744 6668 3486 2829 271 707 4590 2504 5108 5312 4235 3391 1503 80 4109 6746 4930 2026 615 6454
10373 6668 4188 1304 1900 3742 887 203
17405 6668 2919 1552 351 6307 1809 21 6547
16392 6668 4115 3239 2390 2395 5549 4611 3569 924
17535 6668 3686 6730 6281
4280 6668 3718 5547 6334 3652
16798 6668 6526 4576 5509
18463 6668 1138 7030 6817 1868 91 3819 2064 3835 3439 1535 1913 5373 4490 5435 3979 6721 4227 7007 2276 2575 2421 6514 4671
4118 6668 284 4107 6785 6882 4454 4306 6114 1883 3147 845 1252 6424 2822 4937 1083 6449 1462 6663
15929 6668 4811 2922 2977 5854 2005 6793 797 4722 3595 5152 4758 61 2871 1233 2311 3351 6746 3405 6371 5033 1182
16770 6668 5203 5208 2510 1937 1916 5817 749 3232 2502 4159 3254 3626 1184 3418 1021 5949 5850 2498 1124 3354 358 3246 1475 3029 1455 1177
15914 6668 6730 2879 978 4170
9456 6668 5350 3170 5153
3069 6668 2794 4359 3618
15144 6668 6507 4384 3049 805 5265
17019 6668 5227 6183 2374 7014 6115
14014 6668 6503 3813 4190 1297
9640 6668 2919 3718 2100 1723 4940 5494 920 5908 3737 6842 261 1162
17073 6668 2444 3650 1304 391 4322
1505 6668 6934 4313 3145 2377 2254 2701 5187 1489 4978 4270 894 5298 4901 3425 2980 6453
18551 6668 5965 6442 3532 2740
16044 6668 4107 4732 5504 6446 935 5649 4628 3586 6439 646
5436 6668 4144 3742 6203 1529
7194 6668 2919 4457 2773 6821 1250 3386
13029 6668 1313 5438 419 1507 707 1079 3232 4234 7017 1203 4725 5187 4284
18216 6668 2624 6299 4160 1822 1844 665 4981
9397 6668 636 943 6984 1621
18932 6668 3983 5748 3406 3055
11765 6668 3668 4212 4002 344 6483 1844 3408 1936 2985
8033 6668 4313 5411 4118 5168
8436 6668 4072 3486 6660 1204 6785 1110 3306 6463 241 5914
1290 6668 6882 3299 2795 3899 4925 6511
15197 6668 2351 4218 943 930
15188 6668 141 3741 3992 2112 1470
2609 6668 4257 4590 5808
8251 6668 4384 2747 7017 209 1886
7297 6668 636 798
1485 6668 4536 3230 6862 1521 265 7014 3606
14464 6668 6590 3426 4508 1552 5043 2151 2052 5048 1868 1459 3587 1870 4017 2753 6785 5004 6546 943 2638 3310 781 3272
8234 6668 4160 703 5397 4477 2638 6763 6017
15251 6668 91 2673 3360 5312 999 4694 3217 3062 6396 3362
826 6668 3818 1913 5353 122 5381 316
16987 6668 1937 1512 4940 2271 1225
741 6668 3409 2163 2268 6730
2993 6668 3626 924 5832 6145 2905 4299
15817 6668 6233 1946 6436 549 4773 338 2855 701 3436 2965 6138 1440
1581 6668 6303 3326 1913 2666 2647 622
8231 6668 6736 6133 6867 4697 741 5063 836
16343 6668 4758 6445 3576 6171 3181 2980 5159
712 6668 775 2502 856 3454 4306
6876 6668 6217 1459 3366 4221 5277 2532
18122 6668 2169 3133 6202 3897 4216 5359 6583 3902 6878 513 2975 5863 2522 6666 5356 5285 1799 1832
453 6668 4839 4830 1517 2992 2791 3349 7
119 6668 3979 6832 3729 5037
11292 6668 5507 871 4384 6469 2662 5230 679 3060 964 2394 1913 5152 4118 5316 2311 4476 6746 5737 3406 2061 1405 6930 4670 496
8292 6668 4222 3084 3710
16420 6668 4785 5286 4161 91 6468 4777 3897 2099 1419 2728 679 4522 1172 4048 352 5581 2677 231 5063
4718 6668 6345 5514 4903 1738
2750 6668 5452 799 5637 6648
11097 6668 6934 716 5614 2792 694
8940 6668 1552 2409 3282 5674
617 6668 5677 4719 6885 787
11781 6668 466 3752 6469 2720 216 5793 3925 2025 2618 6699 5197 6126 3064 5679 3963 5000 203
14594 6668 3958 2919 5137 1728 3387 4222 6110 4785 4188 3232 1876 1304 6915 3819 1116 1378 4387 2325 3408 6436 4056 1472 3079 4868 3995 5904 3346 5103 2899 3738 1374 6568 904 6728 876 3480 1575 1998
9068 6668 3914 2527 1723 2195 1913 7022 1907
19415 6668 1772 1491 5977 3377 6568
13533 6668 6730 4150 3239 3721 5748 2497 4994 2927 4038
14077 6668 1304 2757 3737
1537 6668 3587 5793 5632
17965 6668 765 5515 1738 498 4697
12415 6668 5353 1088 5808 4968 3717 6237
6867 6668 6923 3327 3843 5168 6746 5619
8060 6668 5454 3022 439
13722 6668 3408 374 136 2308
16154 6668 2552 1489 2603 1374 3781 4617 2530
7174 6668 983 1036 4150 5965 2879 1088 1479 5997 6516
6408 6668 4150 1876 6868
10914 6668 2919 4188 4950 6789 339 5877 1808 5168 1479 2405 5998 536
8706 6668 4832 6315 3979 1389 3398 1434 2323
19165 6668 3486 3060
16830 6668 6991 3486 6730 5891 1587 3232 189 2634 1489 310
4106 6668 6184 1359 385 4497
15588 6668 2829 6303 792 2927
4145 6668 2919 4787 5896 2248 3111 1913 6618 3310
16227 6668 3239 1913 549 3128 4459 1110 1621 2940 5184 1291
18413 6668 4742 1860 2781 2927 6134 3968
13782 6668 2629 1417 3038
3424 6668 590 6579 4009 943 4306 6531 6609 4981 203 6145 241
2194 6668 6436 4477 1925
4920 6668 1865 2985 3797
7993 6668 5345 4188 2459 5547 1405
1257 6668 2088 383 5265 5795 4937
10603 6668 309 2351 4364 5987 3814 3517 2502 5558 6491 4777 1723 6868 6034 1489 666 141 3823 1232 5168 4596 3470 4697 1676 627 5874 5378 4043 777
7786 6668 1358
1250 6668 5851 3486 2366 6748 687 871 2479 28 2747 2509 3352 1088 1097
1610 6668 6906 4163 1491 5726
5617 6668 2919 4277 3632
2416 6668 6966 7002 5794 5322
6458 6668 5276 4694 5466 2762 2419
14954 6668 5124 1227 5510 6814 3227 999 300 5074 6721 4575 2451 516 5047 1901 6676 6331 5936 1776 4393 6208 5710
16962 6668 809 5341 4853 4717
2330 6668 2444 2366 293 2662 518 2363 2757 1872 422 3878 4156 4383 2208
15923 6668 281 1062 3783 3147
11359 6668 1905 775 636 717 6980 2160 1749 1486 3583 785 894 3606 1234 6951 2176 4970 1594
14691 6668 2919 3971 5965 4188 2502 1876 5579 1512 4108 2316 3523 6764 2577 279 1105 128 3356 4393 5149
2802 6668 4467 6503 3241 5277
11554 6668 2713 6500 4690 2980
10346 6668 3486 3736 5286 1015 5230 2084 6611 4630 6016 5318 1621 3181 3356 2779 2414 2439
4149 6668 452 338 4682 2452 2405
19044 6668 3486 5896 3006 6469 6183 4699 1723 4940 6885 1429 279 5350 2696
7496 6668 6184 3486 1205 362 1550 3523 2023 5623 2197 1546
5100 6668 5227 4611 5118
16735 6668 2502 4719 2364 5850 3003 3310
6432 6668 645 707 518 5142 5108 799 5637 3742 4913 4803 4185
12942 1004 5208 3429 679 382 3523 6984 4156 610 2731 5053 5670
14325 1004 5871 5806 3554 4067 4215 6287
2662 1004 6052 1634 153 4718
15044 1004 775 4898 6902 2701 1304 765 4590 2172 3265 152 6436 3809 1729 6745 6583 726
4370 1004 4150 799 297
10352 1004 4801 4469 2502 5193 4256 4765 2451 1192 6746 6126 2609 6796 5890
14584 1004 3167 293 6902 4108 6368 1473 920 950 2980 5033 3599 3560 1329
14929 1004 3874 27 2845 2366 5018 3851 2502 2225 5579 2527 4400 6868 4599 2495 6368 3082 5837 4012 4073 452 2839 4009 3626 6383 2415
13441 1004 1088 1556 6568 901
5409 1004 422 2583 3595 4144 1240 3997 2305 338
10775 1004 6468 411 3505 4924 5737
2389 1004 1539 6660 3612 3087 717 4384 3133 6902 2502 5818 898 1041 339 2583 3634 956 327 2523 4570 2025 6523 1198 3530 5699 1218 4286 5130 2059 2876
6609 1004 4457 5380 4188 3265 518 4323 832 384 1381 6470
15729 1004 4303 6126
2319 1004 2169 490 1989 5581 5423
17794 1004 1459 2330 2583 565 2025
15577 2365 6184 6854 5234 5121 5956
9003 2365 1937 6591 4188 1876 947 3038
9689 2365 3475 5939 1210 5072
19109 2365 4356 6890 3167 2290 1324 4622 638 4313 3840 1257 6622 3647 4991 1103 6915 1322 2001 6195 6036 2156 6176 607 3509 3578 1125 6696
11563 2365 638 6184 1358 6821 4253 309 5879 6730 2359 4150
14246 2365 4928 123 4009 4154 619 1002
6286 2365 6821 4787 1349 5529 3429 2443
5732 2365 1587 3429 2064
14896 3394 1138 6526 2277 5320 538 3464 778 1757 4851
11248 3475 6730 2351 2907 1304 5868 2583 3634 7003 4830 4882 3544 2459 6986 3636 6135 2764 787 4994
9030 4519 4457 6184
2561 112 5320 242 6801 3464 2926 3618 5056 2225
10144 377 5602 3486 5509
7238 466 3331 3850 1065 2524 4703
3464 3556 4997 4773 2203
3671 3628 27 4727 5154 2926
17474 4457 4988 5879 4841 3587 5449
5213 3628 6526 5320 538 4107 3587 810 4742 3385 2142 564 6694
5581 3628 4519
17600 4072 4742 5648 6710 5461 6224 4440 5370 3280 5332 2261 6957
11910 4072 5602 4313 1604 5879 6805 2366 4911 3478 3592
14734 4072 284 3387 2473 6086 884 586 5412 4594 5178 5940 3639
5448 4072 3486 2502 17 3479 3408 3221 1913
15395 4072 1175 1863 3084 6902 1144 5268 754 3587 6374 2147 1853 6119 1723 6034 1902 4144 1596 5735 4855 1373 2523 1697 6700
18215 4072 5520 5054 4188 5995 5383 3326 1804
9470 4072 3926 5120 2832 7003 2637
12115 4072 1728 6770 6147
11338 4072 3612 3254 3677 1408
2275 4072 4433 402 6424 4937
996 4072 97 1015 2701 6848 3850
16163 4072 6509 6788 4660 1125
6738 4072 2502 4234 2520
2677 4072 3475 1264 5579 2509 1987
16447 4072 4196 5202 5732 1400 2192 339
11639 3394 3167 2268 1358 4841
16472 3394 3167 3475 3464 2016
1394 1313 6736 2024 2322 3232 2289 1890
10045 1313 6777 5908 5880
4344 1313 339 5373
7633 1313 6336 7003 492 2519 4099
18230 1313 3038 2728 5448 4825 3260 4957 6838 6108 5308
17484 1313 4150 3354
14708 1313 5817 5073 4720
19164 1313 765 4090 3523 6914 481 5223
18094 1313 271 455 6939
4844 1313 1499 2770 3491 715
3300 1313 867 5834 4599 6314
14011 1313 6882 4682 2767 1241
7034 1313 983 3926 1028 3103 3391 2665 7004 4478 5184 4747
6040 1313 2840 292 2007 3128 2997 2356
898 1313 1166 3062 1434 985
11664 1313 312 5514 4426 2925 4742 6368 5637 5151 4066 1390 6315 3824 5239 5844 2260 2999 498 7016 1958 1931 6225
13177 1313 5725 2142 1134 3461
3512 1313 3253 5072 3278 4108 2832 5353 2126
3251 1313 6184 2629 2351 4188
155 1313 3604 3486 3631 2629 2351 2840 1424 3612 3854 1749 2248 4859 6611 6583 5553 45 5825 110
13372 1313 6591 1659 966
1601 1313 2346 871 362 4777 17 1950 3850 4868 3125 3737 172 3201 79
2383 1313 1163 986 3181 5633 4893
2124 1313 1913 5353 6762 6242 3356 6162
13657 1313 799 3662 748
18409 1313 1723 4227 5017 6176
11105 1313 4811 1913 5511 6619 4771 3362
15203 1313 1759 2590 5837 4235 3180 6227 6083 5204 6516 5238
1025 1313 799 6589 3020 5904 5354 1067 2021 6889 3968 1630
10370 1313 30 4761 3853 5558 1316 3227 2758 3030 2023 6531 2239 5985 3758 5727 6022
2629 1313 5050 246 1716 6914
15090 1313 4761 4131 2463 6083 726 3782 5341
11401 1313 3612 5440 4115 301 5278 4235 6785 164 3659 1852 3782 1434 4478 40 117
6897 1773 6902 2730 833 4564
3226 1773 3253 3647 1986 3588 6218 4703
14443 1773 3419 5104 2483 2739 1608
17877 1773 5176 2351 6068 363 6042
14378 1773 393 4382 1800 6083 1407
15562 1773 4622 1173 5541
17094 1773 411 6785 523 4284
16438 1773 2169 5514 6605 1990 6034 3060 3721 4156 2062
12407 1773 6882 6293 2957 820 2742
17224 1773 6217 2701 2296 6436 4803 3354 2181
2968 1773 4188 2392 6762 6309 5515 586 3461
4380 1773 2502 5821 1299 955 3966 2137
2758 1773 3952 6171 2143
9407 1773 3429 91 2380 5454 2084 3727 6698 5232 2980
18784 1773 1417 785 6523
1482 1773 6902 5373 6616 6754
16277 1773 3167 775 636 3814 6980 6062 1312 664 1573 3479 3282 1322 6436 5152 4292 6460 327 1093 3502 6578 5504 1776 6176 6598 5364 5102 2445 4333 4506 1416 1684 6957
5590 1773 2169 5825 3234 3113
9228 1773 5014 4340 5468 7047 2503
13127 1773 1260 6583 5008
3589 1773 1499 4971 1709
7319 1773 5350 3031
18771 2375 3733 2962 5091 4607 5728 5672 4298 79
13284 2375 284 5602 7030 6184 3355
4856 2375 27 1876
15655 2375 4257 2502 3857 3451 3721 4903 2818 4994
1678 2375 4519 2277 3879
6718 2375 2629 3595 1535
17837 2375 4253 5056 1632 1390
9501 2375 3628 4519 2277 1356
18144 2375 3198
13041 2375 4356 5320 3475 2268 3978 5086
3532 2375 284 78 1587 5579 1489 1818 2294 3169 2507 3356 2503 2961 4893 2632 3644 6594 1793
259 2375 2629 1360 5243 1190 5919
18276 2375 6032 6038 3736 5056 2351 6217 5509 6604 6660 4150 1587 4291 4188 4898 3133 1304 1072 5195 6789 799 2728 6244 6368 3352 3514 4855 1373 4477 5377 5073 894 4355 918 5846 2718 6939
6526 4356 377 5561 27 3167 1731 58 3464 2150 1358 6821 3618 6074
6964 4356 4887 4811 5644
7617 4356 5209 5602 4772 4786 1257 3120
14788 4356 3833 4885 3759 2047
5398 5502 3908 4909 6768 5247
7291 2619 3223 3429 159 1723 6006 584 2047 4306 3480 2582 1031 3632 4937 1416
19139 3747 5563 4463 5102 6993 6782
11698 284 4922 2186 7027
19373 3628 4622 4253 4508 160 6168
17785 3628 5438 5203 5879
5068 3628 2919 3486 2540 1359 3183
18725 3628 2502 362 2126 3150 1083
11578 3628 377 5438 4457 3464
3604 3628 1138 6771 4622 6900
18576 3628 6184 3486
18808 3628 2773 937 1604 2359 3478
1336 2008 2351 3718 6297 2096 5889 4701
1118 2008 5284 2504 216 2573 2395 141 3514 1550 5570 584
8324 2008 5541 5502 6902 5821 4050 1072 494 5152 785 6504 1040 2664 6237 6224 3599 4636 6598 544 2918 6480 3868 2675 5471 3374 2568 5331 2445 6115 1194 5444 2470 325 3589 738 4206 2213
11515 2008 5514 799 4573 3951
17411 2008 6887 4497 2483 1074
2393 2008 6736 5538 1273 234 2540 1587 5449 666 3595 5316 1898 4353 5664
4072 2008 6730 4050 3703 6448 1172 808
12732 2008 6917 3863 3486 6550 1175 5286 4234 1876 5014 2226 5202 4232 5312 1339 5648 2982 174 894 3314 3052 3738
9594 2008 1944 1729 4876 3037 2654 4763
16601 2008 3486 716 4188 6902
2082 2008 665 3425 5936 5089 5160 2015 5015 6078 4818
3397 2008 2473 3853 3734 3490
15465 2008 2351 2082 5514 1868 1028 2879 805 5240 4327 2116 4978 1913 5353 4758 2871 920 4810 1229 1056 47 7021 4507 6746 5197 3695 1213 354 3778 1917 6463 2307 4892 6892
947 2008 1304 3983 2614
2435 2008 1015 6915 6063 5212 577 2699
4445 2008 4611 2101 5967
17771 2008 3167 4811 6868 6099 5353 3174 6984 3606
3219 2008 4942 2656 340 1850 1723 5004 547 2050 1241 2530 1395
15873 2008 2172 1053 4049 4816 2387
9381 2008 4654 152
14782 1138 6821 4564 4350 5126 732
4292 1138 837 5072 1203 5397 5232 6309 838
16465 1138 5743 5504 3342
367 1138 5983 1587 5481 504
12142 1138 5965 5237 4810 3741 2882
14450 1138 6736 466 867 5164 6868 1872 3850 5353 1864 3721 4477 6762 6309 3425 1436 2023 3354 2452 4158 6641 5724 1701
13767 1138 3167 608 6032 3486 5069 6730 837 3587 362 4135 2721
7384 1138 5353 1839 4611 2489
14132 1138 3356 2137 1821
13933 1138 2919 5579 3852 3434 2490 1535 5597 3019 1708 3530 586 7047 3737 5500 65
6696 1138 377 3866 4161 7029
225 1138 5460 5320
880 1138 3489 5830 5048 91 3038 5579 3819 2032 2982 4961 6867 4855 556 5118 6936 3260
10884 1138 2122 4855 1502
19283 1138 6785 4138 6145 1898
15946 1138 2366 2082 6410 1288
3739 1138 3167 5208 1897 6660 5407 3587 3683 3289 806 2860 1921 2026 4148 627 2808
7956 1138 4707 1972 1292
18293 1138 6184 590 5056 3851 2502 1868 91 2057 4587 4351 411 2457 6368 104 1913 4855 943 3181 569
9815 1138 1317 3739 1915 1911 6498
2310 3525 6817 1251 3075 1743 2096 2307
17579 3525 5965 871 1151 6402 3574 1917 1007 1588
3199 3525 6622 2289 4940 5187 1080 3979 2577 6208 3201
17572 3525 3167 2184 4911 1582
13831 3525 4730
17450 3525 6367 4291 7006 4747
2015 3525 6675 2870 4295
16433 3525 801 6628 248 3850 3606 5547 5678 3905 2438 3311 6697
1181 3525 638 1227 2346 518 4688
13262 3525 5978 1967 2627 3262 4738 707 5750
17238 3525 5871 4188 6119 2497 5423 978 3390 3354 6945
751 3958 4243 6785 4281 978
335 3958 6730 4161 3038 4090 6465 4859 222 6030 6275
16897 3958 5684 5965 4761 666 1373 5633
13473 3958 2590 6923 1808 6777 6162 2101 2761
4669 3958 4313 6591 2502 1061 6640 810 1260 6368 964 6785 1913 2638 3289 4180 665 3492 2497 1591 4454 5381 3356 5204 4965 5702 3213 6443
17070 3958 676 7002 1188 249
15291 3958 4824 3208 1603 2595 6516 241 1588 6363
10231 3958 3718 4426 5547 2312 4970 4938 6237 3201 2761
8847 3958 5965 6168 2105
16809 3958 4742 1872 6098 930
12995 3958 4457 2351 1587 3851 3852 3104 2508 2397 6785 3523 338 3960 524 498 2811 1758 6207 145 6511 4970 4806 5378
1473 3958 2444 3631 2351 6469 1304 4050 4777 859 5055 4428 2753 2814 1535 3514 918 4445 1405 789
13166 3958 5965 2476 2345 2106 2451 2618
18560 3958 1489 4227 203 3147
2840 3958 4777 5131 2410
13689 3958 2351 1430 1587 2063 1858 1877 2115 17 1928 3733 5397 1913 5785 3869 5074 6865 395 6323 5763 1987 920 984 6777 5949 2324 3003 4326 2598 4148 5936 678 3504 3889 5788 2101 1193
5180 3958 6736 2255 3026 4940 6193 3677 4555
12131 3958 2106 452 956 1020 1389 4380 4370 328
7923 3958 6817 1539 3956 1203 5503 338 610 2405 5053
8638 3958 1916 4758 4825
6852 3958 2255 1937 2226 1469 6416 1888 1418 1093 279 5666
5544 3958 1944 6345 4742 5785 688 6309 2980 5737 4710 3214 1045 4970 1638 5398 1676 115 540 3491 463
4830 3958 4811 5821 2264 5073 4805 5412 145
6841 3958 2755 5152 4970 2782 5647 2341
11416 3958 1897 945 6299 6119 4102 5959 3727 1903 6843 153 2969 2357 5979 5621 3136 1880 1887
6916 3958 2122 6591 5688 4341 4109
561 3958 1984 7030 6986 6531 6511 1058 2284
17132 3958 4161 2683 4115 1930 5152 6746 1113
2953 3958 5208 1419 1299 3721 3300 2620 6505 1234 5563 2555
7934 3958 5752 458 104 6925
11278 3958 3850 3472 2975 1438
11615 3958 4161 5732 2399
12966 3958 6217 5834 947 3437 1225 1535 4881 4028
17797 3958 2502 5822 1429 1465 5063
17518 3958 2629 4107 2502 2701 1698 6915 702 3693 6493 3811
16667 3958 3194 4742 3020 6195 2790 3010 3923 5104
3916 3958 312 186 6814 336 2169 2502 2191 3236 2367 1473 4281 6442 4156 1229 5115 6766 5229
8621 5209 1324 4293 2024
4934 5602 4163 893 6821 4107 3120
17491 1037 4457 2268 4313 258
4711 1037 2857 5460 7030 4313 6184 893 1006 5454
4309 1037 4359
15664 2444 5541 2829 3239 3943 6785 1826
9373 2444 4833 1587 5817 830 91 4950 1749 4777 3962 4201
15174 2444 2701 2646 488 4260 2045
8821 2444 284 3253 3133 4050 4445 4085
2935 2444 5055 518 1240
2966 2444 5744 5232 6908 5547
1055 2444 2583 5503 2025 338 6882 2452
15511 2444 5818 5957 6768 2497 5468
3601 2444 6324 141 4830 2338 13
254 2444 78 3486 1937 2169 6915 3380
11720 2444 1587 1110 3142 2062 2628 341
5725 2444 6691 5187 6416 1861 3094 6984 3536 6573 1856 6288
11024 2444 5520 2629 871 1304 5108 1671 1335 2023 334 5089 1134 5490
7573 2444 5208 3863 6902 6915 799 4830 6568 3613 6278 5880 3961 6499 2323 4701 1002 5356 1249 7
12345 2444 5677 5055 6076 1020 665 6370 6930
19336 2444 5208 1772 945 3495 2737 6204
12819 2444 6230 2128 7038
2812 2444 4777 6368 5168 6511 1948
1495 2444 945 500 4108 2730 6095 2005 2646 5152 5459 1504 3430 5681 3540 5698 6268 5242
5452 2444 6217 1387 3819 3075 5547 3257 4221 6371 5199 6681 4461 4357 6285
3136 2444 6597 6400 920 1309
11892 2444 293 905 5055 6960 5108 6876 3727 6777 3288 6609 172 6759 1002
9979 2444 871 4384 6902 1299 2569 1088 6878 3644
4749 2444 4707 1916 5375 6469 3278 6915 3360 1419 1260 4497 5088 5232 1791 5168 6309 3902 6878 1052 3356 6757 2026 4221 4148 6499 3272 5691 6021 3491 3193
2825 2444 5579 2508 2390 1053
14524 2444 152 5590 3217 5274 2874 4456
13253 2444 1916 518 6744 2084 6931 61 1479 2980 7042 6973 845
7648 2444 4351 518 5011 5111
9838 2444 4969 4267 4599 4009 5503 338 2529 5130 4994 4689
19138 2444 5152 4358 5104
14185 2444 3736 2145 6605 518 5837 452 4133
4827 2444 3429 2194 799 422 6576 341
15074 2444 1587 4699 3239 1489
17622 2444 3736 3752 6164 2502 1304 2100 833 3710 1164
17741 2444 6679 4323 432 1149 814 5843
16967 2444 6940 1984 645 4096 4182 4108 3425 4010 6594 115
18152 2444 1868 6210 1028 4351 5787 1930 6118 2127 425 1729 5104 6757 2026 1676 1017 5184 1134 6610 343 4246 1799 5082 4588
4409 2444 3737 437 2625 642
11022 2444 1304 4590 3523 1229 6708
16117 2444 6646 6568 1206 280 289 3168 3705
5254 2444 2366 3478 633 4351 4426 1946 4742 6185 2084 4700
10314 2444 3647 785 2305 2818
8517 2444 5579 3694 1527 2871 1229 2651 5441 2980 4454 4710 6871 3147
18958 2444 3205 707
12433 2444 518 5737 2022 332
16487 2444 1913 2305 149 5936 3963 3889 1375
10870 2444 6784 1535
18647 2444 4457 3489 2701 6867 6383 726
14831 2444 1488 2814 6390 3899
19162 2444 4787 2473 1385 4861 6485 5876 1410 3505 5501 6908 3621
8876 2444 4291 4188 293 1868 3952 1304 5667 5489 5111 6568 2732
16046 2444 3486 1499 1916 5164 2502 4161 1417 5821 5425 3897 5108 6589 1260 4928 5152 1394 3721 3505 3979 2305 4156 4611 1088 4830 1791 4948 2497 5423 1603 2023 5458 1795 3260 203 6499 3754 6145 4478 4461 1409 2927
1544 2444 3994 63 1226 1109 4994
10609 2444 7030 3647 3419 4898 3328 6631 5657 5353 3809 3079 1254 3923 129 4221 2249 5610 4347
787 2444 1916 6297 1304 2527 4351 6785 1860 1754 6984 6878 6039 23 1241 954
11414 2444 3486 6902 6442
16094 2444 4188 2646 3268 5152 5737
4418 2444 679 2594 2960 4838 3936
9810 2444 2231 4701 4752
13492 2444 1872 6442 1871 750 2607 2791
4558 2444 2364 2523 5247 3393
17049 2444 2309 5048
18260 2444 5732 5055 1311 6785 5353 5880
17642 2444 5732 3239 5108 5785 513 322
2401 2444 4215 927 4290 2291
11628 2444 5137 2646 4956
18845 2444 6102 382
14539 2444 5641 3751
5468 2444 1720 3813 4162
7908 2444 3205 1631 5794 4156 2994 3213
16216 2444 6821 173 3232 799 6436 1894 5415
10318 2444 3612 5957 2408 2870
4110 2444 6166 6960 4940 3439 832 3727 4148
17345 2444 35 4373 4283 2903
9042 2444 6579 4690 6440 4496
4055 2444 5208 4313 2829 1916 5055 2884 2646 1930 1260 5152 141 1839 5074 3385 665 5168 951 3425 6746 175 390 1901 3361 6713 4560 2073 577 5632 6547
17915 2444 5055 407 1553
14274 2444 6660 4384 4387 281 785 7003 391
13038 2444 5538 59 4148
14655 2444 3133 978 820 5504 2927 4376 6084
7518 2444 466 5897 1587 2502 4050 1631 1072 494 3408 2864 5360
16590 1780 3167 1430 4526 3788 3564 6583 1763
3260 1780 6934 6038 1499 2504 4473 5442 2617 3979 4120 5547 1124 3137 117
10616 1780 4351 6631 5290 942 1458
13088 1780 271 6168 6785 4477 2372 6842 2464
9603 1780 3486 687 1554 1469 4067 2013 6729 3509 5593 1945 1298 6694
11834 1780 411 6436 1839 211 203 1085
11693 3085 6526 6184 4833 309 330 4749 6195
9734 3085 1404 91 3922 6373
16344 3085 2857 5320 2773
17626 3085 2919 6604 1850 1872 4740 4758 6171 442 3904 901 1823 750 4544
19172 3085 6526 5602 5879 3120
8680 3085 377 5912 6762 1241
382 3085 6526 5209 6991 4576 3486 1257
13718 3085 2926 4576 4293 3486 6821
5573 3085 2857 6179 4576 6821 309 1257 3120
12159 3085 6526 6736 4622 4772
15481 3085 6890 6094 5879
13118 3085 2880 1404 4940
7581 2857 6736 6890 4457 3879 6900 6184 4988 2794 5342 6909
5690 2857 5438 893
5683 6526 438
4665 6526 3167 2510 2366 5043 2698
6858 6526 5966 2423 4253 1210
17616 6526 5460 4622 1257
17039 6526 5056 3747 1359 3232 6469 91 2057 3587
6899 6526 6801 2347 3198 6184 2926
2018 6526 6890 937
1297 6526 7030 837 1667 775 1349
8816 6526 4067 2001 2013 3662 1565 1481 935 564 3705 6788 4628 5734 5567 2872 877 4041 1125 3541 5975 6495 3510 2817
6113 6526 6736 4457 5208 4253 5007
7851 6526 6736 7030 6184 4988
14537 6526 434 4293 6821
9847 6526 3167 2467 82
19351 6526 6821 2366 3478
6453 6526 6821 4233 6902
2448 6526 4622 434 893
1792 6526 860 438 3486 5918 1210 5896 1359 3133 6469 6168 1868 1849 4430 3962 4371
16542 6526 893 5449
5313 6526 3464 78 893 4953 2359 3587
18357 6526 5209 6801 5428 893 3355
8979 6526 5579 3331 5794
13658 6526 6487 1481 5071
17601 6526 3700 4827 2309 2114 4234 5055 1723 618 6274 5444
16077 6526 6736 6475 5541 3863
1252 6526 2508 2987 6606 5936 1442
979 6526 4067 4815 3552 2731 6224 853 213 2352 5567 1416 2872 877 3243 1498 4691
12546 6526 1587 3949 4830 4154 3781 4170
8419 6526 6934 2268 1358 4253
1162 6526 3983 6583 1655 2338
8061 4161 6299 3733 6222 4656 553 2870 3674 1799 2216 5361
13498 2349 2711 726 714 5712
1898 5164 362 2395 3626 6721
9705 4401 1934 4787 724 6053 2345 301 1299 2106 4025 3514 5111 102 5423 6878 4865 5021 3966 4771 2636 3147 5795
1515 1863 4058 4507
17163 1322 5735 5904 2260 2731 6757 2612 2203 5028 966 6512 6395
12358 3830 175 6078
17137 4341 6583 2497 3555
16562 6991 1793
3082 3851 3849 4545 1472 165 6246 4903 920 6718 5458 6937 2249 741 2927 469 1355
11843 4313 6303 3035 2827 6233 2248 5732 2697 2345 4198 36 4545 1913 3128 865 4633 920 757 1655 2980 4930 1737 3213 5928 5378
13062 6114 3215 4981
6270 1417 4108 3505 4830 1124
319 6785 3391 3536 5241 4203
10185 5059 307 19 6025
11968 3486 5011 1624 1151 3201
11328 6032 3564 6764 2659 5168 4956
5228 3736 6730 94 1489 2395 5353 6583 524 4221 5362
15737 2150 5120 3850 5597 6763
12417 3148 2184 1904 1288
18759 6784 708 3111 6436 141 3391
15139 5209 2110 6801 2773 6184 5154 4772 6821
12343 885 1587 6980 5955 3118 339 6171 2541 4210
584 285 1472 2003 850
17286 4590 3819 6923 4140 2153 3949 4868
16610 5945 1913 5259 5681 7004 1575
35 4034 6854 1667 160 5072 2473 3750
7050 3736 4100 5821 3227 4742 2814 5411 6102 3721 6882 6878 3968 5647 2326 624
16792 1944 4107 285 5522 986 6388
11330 3983 4658 40 4396
16579 5345 5525 1872 785 3961
2085 1304 4115 2634 6086 2728 764 5401 1148 6721 3391 674 2790 3813 6616 2026 3737 6371 1434 2101 50 3491 4763 1996 3625
5702 6121 1072 2390 6383 1738 3599 4177
4113 3316 4699 1723 1148 1100 2677 3390 2498
7724 6542 3952 6960 2393 5945 6785 1860 4910 4462 5353 141 514 616 6546 3979 6832 6984 6503 6746 1461 5556 1109 6757 5025 4077 3737 4884 3749 1077 4892 289 1553 6509 824
245 3167 2390 6380 6762 3813 6039 2512 4701
11064 908 2502 5729
15125 5529 1491 1203 3239 2833 1575 6925 1707
12177 4107 2829 3205 2337 6660 1966 5821 2987 799 2390 3850 5179 3626 1517 1834 6746 1514 1986 2231 1953 652 6463 4615 3397 2746 3599 2777 2830 3937 961 769 3627 1766
6918 3104 4868 3505 2441
15347 3062 2620
11500 3818 3724
6396 2337 3429 5821 3554 1987 1158 4682 3597 6514 3563 208
9184 309 4150 2590 3850 785 1020 4876 6309 6746 3704 1575 3506 2927
12730 2629 1966 5726 446 1787 6721 6208
5269 3527 2268 4293 466 4233
13592 6934 3612 2497 4905
2282 4811 3133 4777 3579 6675 6146 2636 1252
16430 5061 5353 5168 506 6670 1676 2101
18170 1759 2351 1885 1304 1631 3239 449 2617 4428 4874 6581 4340 6763 1403 4948 4405 448 2023 5633 6420 4117 2870 2940 1409 5727 1816 6881
2646 2108 1987 6084 372
17395 871 3429 1749 5810 3523 4823 103 6145 4980
13452 6660 1858 2927 3204 3083
14919 2829 6785 3692 5501 6523 4846 4930 6084
10462 5286 362 6868 6505 978
1753 3167 6934 3486 2991 3647 4811 3489 1916 6455 6430 2502 4234 3956 1868 285 3278 1491 5202 5579 4730 1203 3819 2100 5449 1723 3239 497 2192 4742 2859 3983 712 639 6436 2589 5353 5411 1864 4026 3514 1148 2 6721 6195 3523 4156 5827 2899 5420 5104 584 1479 1686 2618 4816 6309 4948 3713 1603 2913 6370 2980 2957 7047 3354 6942 5368 5997 4543 5936 6511 5021 2044 73 2483 6947 506 4960 6545 4158 4416 5033 6516 793 4771 3342 1149 6082 358 5523 4556 2935 1426 3147 6265 769 79 4285 3204 3973 6834
19230 3700 2325 4876 4180
6043 5854 6320 3430 3114
12181 1872 2509 3064 4735
14756 2435 4508 2701 595 5977 3564
14595 5794 1791 4648 4165
260 7030 6499 3070
1985 5353 2871 1110 4148 540
3160 2981 2114 6469 3587 4777 1316 799 2101 6893
16965 2057 3111 2823 2382
17703 5107 411 3697 4742 5501 4180 6171 4882 3830 175 6420 4701 5065 208 2003 6509 3083
17728 5520 3815 686 3736 590 1587 4761 2473 5995 91 3819 5425 2508 2345 3279 5323 6368 1847 6785 3694 5152 4026 5904 6931 5111 2871 6583 950 4830 5104 1479 2488 6882 2541 6746 2519 4148 2888
3402 1729 5035 2305 3169 6135 6474
4516 6465 6785 5065
2074 3486 794 1436 6146 3597 1637 6232
15243 6915 5353 4454 4148 962
8893 5208 508 6581 4662 2818
9067 5821 6865 6203 3444
15989 2823
5360 2829 2683 3239 1489 2767 792
1584 4313 1862 309 5644
8348 312 2827 4644
17521 312 6785 5381 3644
11446 312 3821 2105
15500 312 3889 5184 2791
8918 312 3736 1304 6918
14266 312 271 3624 6332 165
3409 312 6793 2761
16548 312 1469 4067 5272 2001 6195 4705 6261 730 3662 1637
2073 312 5987 2121 3724 3902 2957 111 3114 4537
14758 312 1759 4397 809 4558 6785 498 4757
15210 312 983 607 1476
13887 312 3035 1236 2632
18358 6736 7030 2619 2922 5286 1283 2831 6551 422 5040 3626 2980 2957 2026 3966
893 6736 3897 5188 6213
5281 6736 2372 5674 3130 2218 4843
15365 6736 4313 4034 3612 871 2502 6469 2151 6053 2172 4777 5732 152 4558 6332 4646 6458 2770 5810 3314 6442 1703 5629 6549 2311 6662 3185 688 2459 2980 2312 1434
15705 6736 2479 2879 3564 4341 1088 4697 2208
5526 6736 2800 5971 1588
16048 6736 2473 1072 5977 339
143 6736 3489 3850 978
7430 6736 4329 6944 3133 2473 2827 959 6628 4866 152 6483 6823 5904 4855 5581 1588
11484 6736 6934 5383 5353 6357
12182 6736 1980 5646 5525 1299 3385
6637 6736 1810 2125 6606 2239 1947
12475 6736 4161 5278 2871 3792 4269
13843 6736 4866 6561 1864 176
18795 6736 3486 1006 4472 1507 6507 6430 5234 6915 362 5408 435 3427 1419 799 3995 5831 1724 6568 402 6424
153 6736 362 2166 1689 1818 5908 1436 2023 5985 1776 6268 2765 3274 6600
8071 6736 2502 799 93 3922 3231 3523 2294 4042
5115 6736 6902 500 1203 4777 6868 5031 3721 3693 3626 2899 1791 2980 3536 2860 2026 6235 1716 2101
6546 6736 4811 3995 827 1534
7933 6736 5208 3700 3035 871 362 2206 1437 2684 915 977
6255 6736 7030 2502 2980 5204 5378 2158
13280 6736 5276 5854
12838 6736 5164 4832 3850 5040 327 4830 1517 1891 251 792 2927 3936
2543 6736 6890 3486 5879
14303 6736 3426 3067 4529 6628 3620 3372 5904 1636 3385 1978 4192 1234 4970 6162
9411 6736 4313 5592 3926 293 6915 5100 3554 11 4722 1148 2980 2249 6272 2101 2927 5474 4493 6509
13230 6736 6793 3271
6612 6736 5582 2111 18 2145 2502 4417
2685 6736 5997 6059 4363 1701 3173 4729
2192 6736 5208 6915 3227 3522 4156 432 448 6610 2470
9026 6736 6890 4457 3879 3486 6821 6909 6513
2122 6736 1916 1868 2590 4115 5353 6442 4888 6548 4830 3796 6371 2101 2417
7257 6736 5208 1317 2757
10855 6736 590 6915 4351 6286 3002 4251 2302 5833
6839 6736 284 351 6746
16890 6736 4457 5208 4313 3486 2351 1036 3489 4291 2502 1491 6915 2166 4777 5195 6691 3098 1882 727 3595 104 1913 549 3128 3062 491 4855 6222 7003 4810 6763 1556 2328 2980 3813 2574 5350 3745 498 4789 3737 203 6145 5569 1458
11771 6736 1916 5234 2527 4742 5272 120 3290 2047
3416 6736 1459 362 3104 1069 85
10807 6736 6934 871 6281 1617
15215 6736 1587 2264 2105 141
13033 6736 3852 1903 5503
15872 6736 3232 200 3727 3781
10485 6736 3815 4911 5268 5579 104
13174 6736 3956 5384 1990 654
12168 6736 1759 2829 3278 3819 4303 679 6785 436 3721 2305 5503 338 1479 2980
4677 6736 3874 3486 4233 6857 6468 6183 6313 6996 1217 5947 6442 4810 2992 3181 2541 978 5936 225 5563 606 5199 2935 4546 6781
6544 6736 4622 6184 6821 5879 6854
5354 6736 6691 639 1808 4383 5184 3592
17303 6736 4590 3439 5168 4148 4436
5962 6736 6551 211 2047 3801
3203 6736 6184 3815 2502 1283 2987 4466 2305 5168 4846 6511 1947 6463 3353
1839 6736 2473 2389 4210 5691
2314 6736 259 1673 5999
11999 6736 2026 6208 2101
15016 6736 1973 4161 5579 5821 810 3227 999 2823 5511 5091 1818 4180 6568 2980 3248 1737 726 3782 4543 3867 3772 4893 5189 1575 6516 2208 481 3633
8446 6736 6807 2169 3428 2814 688 4902 1603 4846 2969
7083 6736 5677 2922 4611
5764 6736 4738 200 3105 1936 5674
13822 6736 6934 3227 3319 5350 3354 6511 2870 1707
18133 6736 1868 6422 6551 3626 4341 3886 1374 5908 1709 5350 4935 2138 5110 60 6759 3905 2940 5285 2903 6555
6194 6736 659 6868 2330
5570 6736 871 999 5256 6321
16775 6736 5705 3009 2930 3632
11212 6736 3785 4156 1241 4148 1776 203 6145
12619 6736 1304 2064 5323 5959 2932 6188 3781
1498 6736 4742 4859 5547 2026 6192 203 2927 6490
5453 6736 4730 3427 799 5312
3993 6736 3609 1311 1686 2405
9221 6736 2346 6721 2459 6262 4981
6116 6736 1937 4719 6511 6828
8553 6736 5679
17107 6736 4722 1442
4201 6736 937 1844 5761 4039
9752 6736 78 5688 3232 4161
17971 6736 5684 5579 5527 3721 6843 4227 6882
14816 6736 5689 4811 665 3492 706 1253 4965
2593 6736 5592 5579 973 4303 207 2727 2647 452 5503 2406 1708 1105
14860 6736 1916 1188 6583 5016 1714
10268 6736 3253 2829 2351 4450 3271 164 6867 3727 6721 2497 610 6943 4555 2323 5178 2628 2187
13395 6736 4253 2435 5286 1304 2827 35 5172
2289 6736 6184 5423 6635
5756 6736 2502 4777 6868 639 2957 106 5545 5867
6653 6736 2366 1915 500 4061 5121 5936 1588
9055 6736 6184 3512 2629 2351 1072 6086 4859 6380 1987 808 3826 5204 5184 4177 2628
8006 6736 6640 5449 941 2208 2101
10788 6736 5614 712 4885 2904 4370 2777 804
16737 6736 2502 2527 3343 3727 4972 2421 4703
873 6736 6469 3033 5383
10975 6736 5532 6923 2457 3693 162
8295 6736 1721 3486 5043 1876 4885 5279
17739 6736 1916 2082 2100 2390 6309
3143 6736 3720 3450 203 6145
7653 6736 3278 6746 6955 4146 3477 2258
4241 6736 1582 3677
2033 6736 2277 5602 2794 1757 2880
232 6736 6487 3475 4622 4293
16382 6736 2366 6814 5579 5835
9942 6736 1041 5118 6162 5938
6924 6736 3067 561 1009 3623 2942 5633 2436 6253
8895 6736 5918 6426 972 2386
7954 6736 6542 5597 2155
15097 6736 639 3813 4162 2532 2927 6600 6285
889 6736 6217 2235 3494 6235
13987 6736 6868 2980 3165 6673 792
11832 6736 7030 4622 1173 5086 1623 78 309 1501 4508
15530 6736 3853 4095
5502 6736 6902 4777 2391 5549 1588
16574 6736 27 2926
7017 6736 2346 6469 4382 3341 808 6746 1248 5199 7038
18119 6736 6980 6072 1573 2881
5248 6736 503 1587 452 6843 5104 6537 2980 2632 6488 836 6285 5910
18400 6736 2556 5104 2062 4092 114
13962 6736 3429 4699 1406 4507
12570 6736 377 349 3006 2469 6618 1202 6195 5420 3902
19253 6736 2268 893 466
13145 6736 4188 3511 200 3476 3408
1959 6736 4777 5945 3774
14437 6736 1850 4699 6306 1679 6662 1000 513 4138 5523 5469 769 4353
17704 6736 5525 6973 5710 4774
2027 6736 2473
3128 6736 2366
6804 6736 3990 3486 5284 3232 2502 1868 6691 799 3675 1864 6546 5763 4830 2497 3058 4496 5788 5545 3404
17243 6736 189 5706 1123
19330 6736 3527 466 24 1103 6168
1375 6736 1868 2509 3949 3523
1353 6736 6868 6551 5511 6063 3181 2452 1407 2524 2245 4883 4162 364
17795 6736 4457 2368 5509 67
11927 6736 164 3249 1199 5710
5600 6736 775 288 1689 955 1088 6872 4820 5017 623 5804 804
8337 6736 3750 2194 912 3204
8668 6736 1016 3752 5286 2502 3278 2701 5821 3852 4267 2117 6868 3239 4460 5837 1148 2305 338 2389 4227 4948 2574 6746 4403 1947 6759 2870 1149 792 270
9444 6736 2919 1006 6805 179 6469 500 1027 5328
12311 6736 6934 2944 3680 764 356 6309 748 5172 474
2998 6736 2346 2721 2088 1853
16233 4457 3486 1358 411 2074
9726 2268 6821 4508 6932
1097 3313 4658
11016 1257 5129 2757 3062
13951 3167 7030 2773
2429 2268 4475 4508
9071 6591 1767 6605 5353 6737 1197 3515 2592 3150 536
188 3409 1946 5763 4830
1298 3409 4699 6309 3536
9434 3409 5582 5079 3194 1459 3853 5977 2047 2957 3480 96 4370 6266
11225 3409 3167 6906 801 5438 4163 1862 774 5302 454 6591 2502 7012 873 3278 2225 1027 4730 2787 3819 926 2064 2264 4777 1723 1899 4067 4438 1354 6397
6585 3409 775 871 6902 3587 2633 4777 1535 4340 2980 5696 3506 4480
2447 3409 2502 4777 2620
16284 3409 5245 1158 2507 2417 4937
2023 3409 4188 6195 4690
9541 3409 349 5896 2169 5494 5794 1653 3341 6417 6408
3422 3409 5689 871 6352 1060 1913 2666 3516
506 3409 1459 6442 6077
16935 3409 3429 28 4722 1535
14552 3409 3863 4291 4161 6233
17977 4519 1356 3978 4727
13954 4519 1488 1356 5320 1324 4622 5541 2366 5677
2689 4519 5460 5602 2800 2024 4749
16145 4519 4622 6801
18719 4519 2277 2290 305 5154
7327 4519 1047 2773
5597 215 2496 5072 4235 5210 4876 1969
17925 215 6468 1989 894
16566 215 6906 5592 639 6785 4830 2493
1866 215 6038 2629 6626 590 4222 2246 4590 659 6692 959 4023 3564 2274 407 5104 6114
9692 215 2100 3692
4785 215 5904 5035 2538 2523 4810 5132 5641
1875 215 3239 1327 4611 1479 2488 6356 3992
11666 215 2629 6626 362 2814 3742 849
2947 215 3486 6660 871 1402 2160 4050 2321 6410 5276 2814 6484
4109 215 1110 3341 3342 899
5762 215 4188 6902 6931 2328 6371 6409
10931 215 1844 6742 1479
7100 215 2255 6924 1916 4787 2108 1304 959 2977 3505
3071 215 6817 2701 2321 3239 7002 6368 3997 1913 4140 3823 4026 5725 2940 1576
8474 215 6121 5036 1148 6947
17382 215 2255 4161 6915 2172 4462 1479
8698 215 3475 5164 2753 3727 3523 2871 5604 726 1883
10189 215 3517 6915 6468 2977 3227 2394 3365 4633 6931 61 5810 2128 6549 5420 6878 2023 2334
1116 215 3993 1890 2737 4478
8462 215 5152 6145 4464 381
16946 215 3486 5944 2814 6436 6020 2459 5222
12993 215 5897 6485 4758 1635 3523 109
1848 215 3604 3927 3800 1512 1987 2651 953
3885 215 2502 1419 1903
10086 215 422 2914 4758 6937 3215
18581 215 3971 3866 5579 2906 4215 4711 2677 3562
2171 215 1858 1419 5187 2084
759 215 5851 2145 5323 785 2871
14500 215 4896 285 3587 2100 5612 265 3727 2488
6774 215 5612 3326 5522 6320 855 177 4995 742 7014 6145
16252 3415 801 2110 5688 1868 1491 5579 992 2100 5550 4742 4909 6036 2239 3354 2343 2062
13477 3415 4233 18 633 1868
18614 3415 6902 5995 1419 3835 4148 6594 3234
9403 3415 7030 3366 1535 677
1450 3415 5380 35 3587 6866
8052 3415 6857 500 6721
13303 3415 2457 1575 2801
5145 3415 4707 4467 5073 820 4954 6610 1474
15585 3415 4313 3631 6730 2390 5168 1901 5804 6443 792 2073 1444 3234
7304 3415 1205 4777 1535 391 540
13759 3415 1499 6505 969 162 2685 5211
15838 3415 2829 4872 1491 91 3183 6607 2962 1389 365 1393 6174 544
5051 3415 10 2502 1749 162 3036 5182
16244 3415 4472 5677 6591 4529 4214 3372 1088 5748
8334 3415 6032 2322 3727 40
6542 3415 871 3331 2927
8717 3415 5129 3439 5763 3772
16082 3415 803 2390 3850 2871 6843 80 1776 1575 2244 2453 4980 6509
844 3415 2502 5579 339 4460 3869 327
4274 3415 983 5502 323 5184
19082 3415 2502 2224 152 207 5511
19302 3415 6310 5908 586 4373 3905 4555 56
13437 3415 6119 978 4010 4929
17269 3415 4811 6660 1304 4223 1557 3897 999 368 5090 2257 823 741
14752 3415 6882 2026 845 2143 575
15750 3415 5467 6183 1902 3988 3062 5439
17155 3415 2457 3385 6319
19155 3415 1864 3052 261
5320 3415 6656 1587 6704
14824 3415 2919 2100 3667 826 4165
5549 3415 5939 6902 340 3557 626
5671 3415 3926 2145 2502 4777 1810 1913
16725 3415 6507 5359
3138 284 1176 1723
13211 3108 3486 5056 6110 2619 2745 2169 1876 362 1115 1723 1493 337 1296 339 4694 6436 6785 1166 3075 1020 6052 3738 2577 5547 5936
10859 867 5558 2996 5385
9914 6940 4364 518 6305
3707 6940 754 3734 4334 918
10606 6940 3253 6086 300 3201
5739 6940 3167 1868 3060 6785 6762 6203 2507 7042 2498 6028 2215 3880 4055
7703 6940 3289 6770
3865 6940 2505 2039 4254 6951 5974
3460 5345 2713 1868 5393 2980 827 3662 6137 4615 3599
14767 5345 7039 4940 4983
8303 5345 3700 5592 6217 2907 4257 3331 6568 4210 4022
13670 5345 1868 1497 4076 5113 1229 1677 3597 4138 4022
8300 5345 4161 1304 4477 4022
9191 5345 6469 1489 3128 2507 4698 4128
17357 5345 2879 1775 6746 4423 3036
2754 5345 4364 3791 4387 3346 4341 5990
6460 5345 6761 5739 1350 3587 2583 5706 3077 2962 4830 5206 545 3961 5114
9637 5345 1260 1913 2072 6442 5674 2899 3781 5979 2876 13 5063
728 5345 5917 6217 6886 871 3239 799 1872 1378 918 665 3341 6882 6114 2883
15821 5345 7003 1655 1598
78 5345 1596 2665 1603 390
7265 5345 867 3716 5033
13048 5345 5203 466 6792 5176 885 293 6455 3720 4777 5732 512 1400 6928 5413 2507 2980 3794 1405 359
13814 5345 1868 91 1987 6171 887
8108 5345 5896 4223 4587 2509 4156 4383 6882 6499 5405
11681 5345 5137 3983 1549 4830 2328 3354 6511 2870
9066 5345 1126 3727 6843 3147
19332 5345 3631 4811 2747 4777 5787 799 1489 339 4722 1894 894 391 3094 6984 6227 6188 5350 5352 4210 4682 3356 4744 5204 5788 2940 2791 5347 5845
2934 5345 6217 4825 5393 1479 3080
523 5345 3819 6793 4535 6882 4022
14828 5345 2351 2925 5108 6887 6952 6314 5393 4168 3190
7313 5345 6217 6794 7049 748
2377 5345 1378 6648 3882 942 3498 135
11648 5345 3819 6086 4701 6585
15363 5345 4787 4270
5809 5345 885 3926 4719 3363 6086 666 3129 6534 3165 3023 5658 1921 492 6371 1776 4022 5803 3798 2636 6750 4043 4848 5474 5490
7182 5345 3167 3863 5581 5311
3542 5345 3752 2169 1729 785 3703 3125 1786 1064 3599 3549
11168 5345 4364 4397 5817 2502 2151 1417 5821 2191 3360 3331 1419 1872 1271 4235 446 141 5088 5252 6878 3645 4148 5936 5012 3889 3342 960 879 6398 1883 2285 4101 3491 3548 4530 4170 5910 5370 3920 5444 1857 3509 213 2177 2470 3496 4949 2219 4420 6439 4173 2801 404 118 1118 6957
14962 5345 2351 4291 4161 2747 3819 5397 6548 4846 492 2940
5419 5345 3543 2547 5611 2053
5497 5345 3475 1061 697 3554 3150 1458 2308
15304 5345 7026 3167 4313 293 2502 1491 1304 2879 1631 1072 6813 3849 6785 4156 1603 6083 4701 5833 3272 4177 2628 6700
9644 5345 6792 697 1190 4940 5074 2790 157
10657 5345 2111 5018 1166 5658
10789 5345 4050 4940 1729 122 3204
9410 5345 1535 5992 2547 4760
12914 5345 1665 3781
17859 5345 1759 6217 6704 2502 1459 1560 1269 6195 6036 978 4207 2975 4708 2562 2766 2015 1505 3374 6131 3247 2822 2352 6860 3189 5924 6157 6312 895
633 5345 1916 5120 2879 4462 4830 6340
4575 5345 801 3278 3147
1767 5345 6542 1587 5821 3386 4351 3239 5353 6867 5168 2026 4148 6511 793
18770 5345 1378 6281 4868 4830
2146 5345 4785 2823 6931
9317 5345 6217 2980 3599 6454
14066 5345 309 1922 4210 2239
2143 5345 2351 6980 5794 6237 2927
1773 5345 2671 6003 5452 6660 4150 636 871 1489 999 4317 5743 2684 6984 2294 2311 1088 1517 3338 5748 2639 5414 4210 4789 4157 2791 974 3951 5182 520 3765 5172 1012
5517 5345 1499 2459 3619 2034 5283 203 2592
18236 5345 6184 871 3517 5353 2871 4210
4198 5345 6313 4210 2239 5015
3349 5345 6868 4425 5256 3960 5863 4741
11020 5345 6236 837 1459 6868 639 6785 3301 5316 6278 6291 4478 5838 3272 3548
18153 5345 1417 1304 4699 417 6764 1479 4306 4022 3588 2736 1927 4260
290 5345 1972 200 3044 3075 4156 3741 2964
3437 5345 799 5312 184 6916 5152 3523
15107 5345 344 6373 6762 1534
18174 5345 1922 6902 2502 3850 3439 1199
15490 5345 6605 3516 1450 736 5893
17047 5345 6455 5667 6548
5346 5345 1801 3927 5821 4327 6485 5103 1963 5803
5111 5345 2403 6746 3630 6417
18585 5345 2502 4161 3599
7023 5345 2346 2502 697 2459
4326 5345 6032 6468 2161 1846 5393 6397
3035 5345 951 1603 6882 6746 513 2731 2660 1444 814 3906
6354 5345 6006 1271
299 5345 1801 2976 4284 47
8983 5345 6934 5693 4108 4832 3693 6662 1556 1603 5350 3782 6371 4022 1405 6641 2101 1553 1799 2133 463 1857
2888 5345 1872 3554 6785 2305
18640 5345 5592 5452 2100 1232
11238 5345 1587 2502 1304 659 5142 799 4049 5073
14409 5345 3554 6343 3724
2348 5345 2393 4694 1535 5597 4816 1234 4621 1405 741
14905 5345 6542 4002 5529 1009 3727 1088 3048 5104 1624 376 1241 1776
8555 5345 2829 2351 6785 5152 6546 6442 2639 5736 5682 5012 3080 915 2073 1996
1129 4693 5142 4599 1913 4611
8544 4693 1157 4079 1655 3695 3392 5998 4480
7322 4693 1394 5204 6511 2208 2531
17887 4693 2502 1148 238
269 4693 6068 6458 3729
9022 4693 3926 5025 2291 3632
9552 4693 2351 3718 775 2689 5965 1431 2590 1850 4090 361 1178 5547 6284 5998
2550 4693 178 2479 320 5732 1060 6589 6368 3634 3428 6785 5004 3352 734 4903 6389 4830 6763 1791 6036 6878 978 3776 2928 730 1241 1045 6431 5461 1575 1405 2988 935 4220 114 2858 6993 609 4224 4248 6509 3509 1945 3083 3746 3496 3578 2219 3586 612 1298 2422 6439 1498 4041 1125 404 2680 6663 6694 2674 6962 2586 3669
10091 4693 3718 4291 6902 518 3249
11244 4693 6217 6196 5579 2879 1157 6086 4825 950 5184 6056
3704 4693 636 5965 17 2814 5728 1856
9839 4693 3850 5678 3143
18198 4693 2833 755 3758
13305 4693 6068 7017 512 3764 5926 4658 1112 566 1478 2142 2101 5045
3176 4693 5883 5152 1202 5381 2101
18841 4693 1304 4814 5821 2977 1877 3709 5905 6442 6548 5184
14730 4693 2704 1378 5648 5152 4758 1826 701 1621 560 3215 2348 4464 5545
17252 4693 3700 3718 2502 6980 4699 3962 4215 5522 382 4026 4888 2398 5118 2980 2023 5033 5184 4542
8002 4693 5939 4329 5817 4050 744 1950 1296 2287 549 3128 6456 3557 1559 4534 2767 2028
6737 4693 4897 4805 171
12239 4693 867 5977 1394 1374
1092 4693 1286 1587 5286 1316 1420 6336 2581
15082 377 5460 5602 2773 6184 2359
3326 377 676 4299
18226 377 4719 3480 2126 3150
799 377 2505 4212 2629 6062
8993 377 2629 4188 4384 2701 1913 3005 141 763 6354 4846 4970 2483 667 6409 1608
1521 377 4811 1459 4777 4351 951
10433 377 6814 2233 1157
1493 377 5586 3486 1604 4922 309
2199 377 2206 6517 4010 6644
1847 377 6510 2386 4777 703
3867 377 3267 5448 5870
1523 377 6217 2701 1631 2515 3408 4658
3081 377 6184 2473 2693 28 754 6935 2100 152 3079 5866 3522 2125 3606
2294 377 7030 538 1721 4861 6436 2451 935 577 1548 114 4101 6576 5444 3541 6957 1975 4280
5810 377 851 1450 4341 2356
17091 377 5282
1056 377 6917 3971 6902 2502 4777 2300 2757 799 1378 4460 374 5087 1639
9262 377 4622 2926 234
9149 377 983 1459 91 2617 6872 2026 5354 6130 6363 6105 2213
16129 377 5109 5530 4558 5822 6864 4148 4423 2514 5405
7547 377 5514 2504 362 5729
12057 377 6184 3815 4364 2226 992 6566 1131 3983 1903 941 6843 7021 3781 4040 2432 609 5434 4224 5192 3746 3578 2090 325 1462 3047 447
1456 377 4227 6942 2101
19305 377 284 893 4253 309 5635 1723 4506
2544 377 6934 7005 1937
14682 377 6542 5995 5558 6468 3104 6868 6344 4216 3428 1888 4611 3902 2957 4221 4408 6198 2104 426 1880
9377 377 909 6242
15575 377 2088 5316 2398 3288
2426 377 6934 234 2638 6873 2459
10866 377 4457 2773 4253 3821 1210
1603 377 1772 4940 4102 2418 3034 6289 3463 4939
13 377 5109 1905 6062 1075
17031 377 1072 4777 6151 2632 1243
15466 377 5109 2689 6195 4373 3644 4478
10541 377 4253 6730 3104 4180
8557 377 5056 5353 448 5936
3070 377 5983 2713 4289 2305 338 856 2665 610 6619 681 1443 3354 3716 2405 2323 6463 1756
15813 377 4034 1459 5558 1283 3326 5837 764 3057 3898 4205 4227 4491 4948 610 649 2957 3356 2452 5504 4584 4594 3961 1851 5308
3966 377 945 5323 4832 833 5353 4605 5776 1159 3114
16905 377 5509 3096 4707 4291 3016 1876
7004 377 5109 5705 6442 120
2577 377 4457 6184 3486 2629 3238
11642 377 6532 655 4760
18340 377 3278 3727 4343 4184
15924 377 5208 362 4202 3408 1936 2067 1826 4903
12889 377 3167 2467 2773 3587
18797 377 3718 3239 6583 3574 5936 4757
17284 377 3815 3736 2884 5904 3523 5682 6545 507 4362 3147 6130 2927
15060 377 6527 2101 1458 2308
3855 377 4508 1916 3232
17394 377 6591 6921 4384 1989 1990 1406 4742 2316
18901 377 3486 3386 1225
13746 377 973 5815 1804 327
2896 377 3486 871 1868 1459 4351 3897 679 4830
11353 377 3700 476 4811 4002 6119 1289 2997
18873 377 4777 2023 3356
4778 377 1723 5381 4463 5184 3147
7572 377 3840 2745 4777 5279
13635 377 5109 3159 6332 165
13470 377 5109 2351 292 4707 6368 104 3408 2997 2758 3391 43 4156 6171 2497 4846 4710
6761 377 5579 4777 2476 7003 3523 4405 1052 4533 2023 3288 2940
14609 377 2221 6581 4281 4970 4689
1427 377 2624 35 141 1588
4095 377 2502 2594 6777 338 2842 1151 2318
14874 377 2039 4397 6915 1188 600 5110
9049 377 5286 3851 2502 5579 2042 5129 6868 6551 4742 108 3850 6055 2395 6732 307 6721 6442 279 5381 4167 5412 931 3899 203 4673 2258
10129 377 3926 5558 799 123 3408 7013
13240 377 4777 2457 5904 6269 894
18008 377 398 3853 6915 3564
1356 802 4234 1311 3439 2353 80 5115 904 1434
16818 802 1865 1916 189 1166 4462 6620 911 3001 5997 3406
1933 802 2255 1499 871 3785 2502 6299 6915 4515 4777 6868 4548 744 3239 2395 5353 2834 3626 3870 6354 3048 5270 2980 4930 390 5678 1732 4121 1678 145 161 1776 4268 6153 5060
3718 802 3815 5768 3201
6275 802 5208 6374 3544 2969
191 802 905 2192 4235 984 2860
9279 802 7042 2691 2696 2244 4295 2875
5566 5561 1905 2459 7016 2498 6289 3644 481 3147
5121 5561 1721 3739 292 3677 3005
15547 5561 6008 5079 2527 6679 2296 5596 4281 2459
15982 5561 1905 2693 5512 2248 3677 1591 5547 3248 2028 6808 6993
639 5561 6624 1905 6652 6996 5063
5454 5561 6652 5412 4277
17145 5561 4653 422 4830
2399 5561 2885 1079 2100 4758
17587 5561 1723 2884 6361 3227 1881 3870 2059 3966
6711 5561 2527 1913 3288 1243
1299 5561 6906 3863 1587 3038 1631 4351 2056 5123
15100 3967 3978 1937
6626 3967 5320 58 434 3618 1257 1402 1381 4517
10478 2919 4777 3279 6679 5131 6893
1831 2919 1176 1552 1864 2684 3626 6195 4644 3621
16417 2919 5987 2325 920 1851 280 2742
6197 2919 5693 6188 2639
16477 2919 6370 1901 3548 2714 2445 1194 625 3509 2352 6694 3712
18081 2919 749 1304 2662 1072 4079 1400 5494 4633 1754 2451 3865 1791 1164 1436 3794
10438 2919 2145 500 4484
6462 2919 1016 4515 5519 2528 5053 1947 2059 2876 5700 2307 6756 2341 2873 2066
13265 2919 3486 3659 4089
8342 2919 5335 5841 6950
12204 2919 5407 1489 5353 978 6511 5767 7
11709 2919 1863 2922 1229 5063
11929 2919 5912 943 5928
9122 2919 3826 2208 4566 2291
3410 2919 5891 4151
11094 2919 943 2639 1475 5063
568 2919 3747 6814 5272 3352 918 935
17940 2919 5191 2088 2168
1514 2919 1772 2063 5620 1808 978
3386 2919 6691 6211 5444
6759 2919 3443 2172 1181 1853 810 3060 5846 6232
8085 2919 5124 5507 4161 2508 5732 2697 3239 2953 2814 5152 4650 6984 2035 7042 4710 4795 5936 1434 1542 2142 1458
4978 2919 3700 339 5353
3276 2919 3239 1635 3333
16324 2919 3815 1930 3983 5152 1003
18396 2919 5932 5529 747 4777 6726 1890
16547 2919 3245 3983 1506 1847 6698 6380 665 5350 706 6973 6114 4221 1986 1542
16427 2919 5137 2508 3613 6001 3892
18211 2919 6684 947 5648 4881 4994
3201 2919 6469 1876 6177 3361
9257 2919 6455 3328 3060
16971 2919 2281 3084 4050 3983 510
836 2919 3207 4508 837 5043 4323 1861 4937
4062 2919 943 6662 2383 1405 5838
1735 2919 5579 5353 3730 1327 4154 4211 892
2321 2919 1511 1427 1401 844 6746 4994 6463 627
9018 2919 1459 1072 810 411 4742 1489 5448 4180
9736 2919 6984 1401
10283 2919 4485 3762 3260
7405 2919 160 1749 2064 6189 6789 911
13321 2919 1728 309 2502 5950 1559
9893 2919 1186 1102 453 281 3385 2294 3774 6243
748 2919 3486 2117 4426 943 2047
1464 2919 1280 6548 4830 2208 6778
7997 2919 4375 2770 3721 6901
1600 2919 3700 3718 4291 4188 5286 1772 1015 945 6469 2807 1749 1723 181 3634 5735 5353 1472 6458 5091 5459 6984 4611 6843 2992 586 4507 2446 3782 1241 5792 2421 2077 1743 4970 203 3009 4157
15611 2919 983 1552 3897 253 3385 4516 7034
10383 2919 2647 338 5936 3274 2761 1959 5098
2286 2919 1916 6095 1872 4900 3949 1479 3425 2980 934 3540 3234
6384 2919 5965 1868 2160 1009 4855 4341 4227 2459 1738 3774 6531 3302
6155 2919 446 1556 942 767 1405 2062 1133 5444 6901
19287 2919 6542 3840 6217 4002 4384 4719 1304 1312 4777 6086 5448 6721 338 1585 2542 5996
18842 2919 2504 3693 2855
15638 2919 801 1147 5688 4777 4289 3634 3408 4201 5825
19254 2919 4208 5092
12156 2919 3038 1166 6892
4997 2919 4785 2063 794 6611 6984 1672 3782
13014 2919 6469 3239 3759 1052
14779 2919 3516 6341 6511 4970 6464 6021 5060
13778 2919 5592 6217 1863 5705 1359 6313 1872 611 4825 4522 3422 3354 5928 3681 3350
3347 2505 1916 3239 4859 5411 3390 5412 110
5172 284 4039
4381 6415 2323
18835 2807 676 2264 473 4861 6002 964 5334 1093 1677
5657 5320 2578 4150 3819 3239 3835 5091 1559 1242 199 4211 5633 6371 3114 2308
16717 4622 5879 3478
7339 6991 5879
18099 6991 4716 6979 4253 5879 6730
4766 893 4772 5007
4890 2788 3736 3423 234
6465 3990 1759 6217 6915 920 610 365 2980 930
4157 3990 3486 5677 3841 5693 2508 2305 4644 5926 3659 2659 243 1070 408 2424 1796
10107 3990 91 3852 1489 833 5353 2835
4584 3990 3190 5406
3584 3990 2459 4111 706 823
16954 3990 4364 1036 6469 1459 5353 5411 3727 6721 5387 610 2980 5691 2256 3204
13550 3990 5282 1888 2139 6849
13081 3990 5987 873 3020 3536
10050 3990 4599 2026 324 4726
7492 3990 1897 1868 1099 920 5691
13692 3990 1759 1932 1304 4730 1441 6169
8575 3990 5387 6568
8024 3990 3631 951 175 40 4980
7976 3990 2039 1913 80 6392 5611 2026 4236 1898
18986 3990 6034 5940 5694
11948 3990 5286 1858 5353 3275 920 4571
165 3990 898 6746 3441 3190 2927
10843 3990 309 2192 4477 4930 1901 4221 6067
10406 3990 4754 3882 978 1058
18323 3990 1491 4942 1723 4928 2299
18353 3990 3133 3905 3361
3817 1488 1036 5353 6583 6568 3441 2101
18684 1488 3631 6217 2169 1966 4839 1511 4710 4077 4063 6084 2158
18591 1488 5244 1324 3279 452 416 4630 338 400 2318 4660
14866 1488 4785 3952 2701 6793 1419 63 5477 4211 4905 3781 4879
13975 1488 349 1874 6882 3361 2208 241 723
16849 1488 1904 3587 5594 2839 2461 2025 338
1579 1488 3227 6744 704
6220 6771 4313 309 5335 5684 18 3814 707 3133 4643 697 3104 3267 1749 1850 2064 6215 4216 6618 4239 4672
14398 6771 35 2389 1353 6025
13743 6771 3731 3635 6789 4142 6833
4126 6771 6902 1631 1072 2617 2294 6114 5725 4848
3013 6771 518 4533 3781 1565
8811 6771 2351 3926 549 4029 3406 125 2632
9598 6771 3809 2389 1851 6925 114 5250
3961 6771 1273 1472 7042 2334
1324 6771 398 1900 3536 1213
8437 6771 5538 707 5107 1304 6205 6607 6868
841 6771 4454 929 3193
944 5749 919 2502 1260
3279 5749 3153 4504 6511 4970
3094 5749 3863 6854 1350 6185
13661 5749 6785 351 6114 3310
16835 5749 2100 4644 4771
8599 5749 2922 599
590 5749 2226 2997 491 1588
4036 5749 4313 4855 6442 3201
13693 5749 6510 6168 6053 1761
18313 5749 91 6868 6086 849 6309 3341 2574 5788
17374 5749 5883 2527 3742 5547 5825
438 5749 4188 3720 512 760 6583 2451 1730
55 5749 698 3606 1253 726 1241 2779 6914 5178
3370 614 5088 1479 5461 6446 3937
17127 3387 6368 2205 4837 3114
3091 6034 1511 395 6323 3249 6377 1481 5804 2791
18277 5817 6009 2590 6762 4718 4373 1413
17777 5316 4611 6511 4423 4283
5872 3167 5027 3147
3425 3489 2057 1271 5424 942 6067 5936 2736 241 2143 6022
2139 5208 3587 1913 4264
2681 6032 3647 6749 1052 4260 1608
3479 5240 4289 1928 6214 5353 6951
3970 2169 6915 3897 1419 1872 36 1913 2311 5651 3536 3599 732 1608 3073
16722 3815 5817 6455 6902 2879 362 2508 5732 3239 1400 6086 1489 5256 5353 5004 5088 4901 1088 211 5104 4205 80 1709 3813 6746 6645 132 4221 145 4701 6557 1707 1781 5691 4517 2628 1083 3362
9683 3279 5108 2556 5353 5411 884 2269 6616 3782 354 3342 792 525
11606 7026 5284 2502 6868 2457 2647 4133 3452
10322 1175 3239 679 3983 6721 2471 6746 3260
5078 645 595 1913 2010 5074 6762 219 6664 6165 6898
9349 3727 3235 2980 6951 5803 5070 1211
11506 6217 3911 2891
9312 6184 569 3961 6216
5504 4699 4777 3983
4739 809 3505 4948 3662 1129 1223 5027 3491
7501 760 3523 2577 3902 6248
13403 3419 216 6726 4900 6380 6083
8298 2169 1723 569 6446
18731 2886 2461 4611 4383 784 4418 5563 3272 5497
2871 4291 5042 5794 1535 6721 6195 426 1880 5028
9375 5244 6915 5408 5353 3218 1088 6405 569 4718 5012 3540 2301 1074 2143 4763 426 1832 804 4494
16698 4722 5338 789 4828
4655 4150 6465 887 3781 6278
8072 867 5048 659 1387 1749 3677 2523 5168 3341 5381 4403 4148 6682 6446 3246 3272 3055 6295 2858 3968
17790 3207 1317 4257 6072 3479 4742 2814 3683 7003 3391 4048 6171 2523 140 6578 1637 3758 6573 6239 5461 5027 6598 4332 1832 2187 550 139 6999 1194 4248 5172 738 2680
7720 4222 5284 4291 2233 1079 4161 362 2192 2067 4477 2940 3342 5182
8351 4536 1260 6154 513 2137 6502
10743 7017 2814 3979 63 4806 5833 3150 1458 2308 4219
12062 1984 4161 3819 3239 5794 63 4294 6511 6446 4478 1193 3259
14940 141 5036
4777 5048 4564 6865 2870 1074 3674
8935 5072 3328 2509 5503 1479 4154
9342 5966 6217 3575 5763 4221 2483 6499 1319 5405
1149 6032 2255 6313 5550 2823 4048 3385 4830 6309 586 161 2136 1353 3946 341 3496 2326
11675 2583 1804 2647 2405 4994
10863 6814 338
4295 6660 5817 1489 2395 2886 5353 1804 701 6746 4432 1310 6759 3342 1993
11256 3411 1407 2483 6739 5241
8951 2277 1092 2726 2268
13582 2277 6475 4293
1606 2277 6094 466
16829 2277 4772 6821 1604 5879 4475
1989 2277 7030 3475 2268 3464 5879
6525 2277 4772 1025 4253
10307 5927 6277 4457 4772 5677
2902 6179 2794 893 2359
19431 4534 2101 2930
14851 3874 5164 2683 1283 3060 6527
10427 3874 4887 6932 2322 1304 5108
18392 3874 1304 494 409 6393
9653 6277 5209 4293 6821
18062 5244 5407 2987 3957
14382 5244 4629 92 1171 2044 439
685 5244 3663 6613 1301 3809 4930 4632 477 6111
16700 5244 4477 4629 2118
7871 5244 2505 1126 1512 6099 3543 6867 1802 1500 6746 3030 6977
18883 5244 6184 6217 2810 6949 4777 1535 164 3079 3371 2372 6442 4690 1660 4816 1321 400 4720 5841 6371 1776 5461 1735 5804 5474 6636
8978 5244 4313 1872 1224 2323
14650 5244 5021 793
3653 5244 4930 6955 5461 3036 930
11915 5244 3631 6583 1901 1017 5691
13270 5244 392 1378 339 3408 5104
9696 5244 4226 968 6589 514 4514 6383 4145 1413 3674 777
17151 5244 2192 1860 6594 3272
14982 5244 6217 5164 6749 4629
8889 5244 1860 63 5104 1110 3356
243 5244 6730 5579 5821 6868 3721 2461 3301 4383 1389 6746 3356 2062 6291 4461 3349 3204
12709 5244 6915 3272 2765 966
11913 5244 6660 4148
12762 5244 2368 6260 6309 792
11042 5244 4025 2461 7021 586
9483 5244 5728 6545 5672 3829
6325 5244 5983 4397 2879 6915 4832 6380 360 3691 978 5350 6746 4905 3638 1319 1575 2632 2940 3272 748 1880 1249 5694 1355 5867 2090
8166 5244 1286 2248 3850 2814 3385 1781 4763
16441 5244 6761 6660 4478
8848 284 1099 141 3809 4830 3902 175
17314 284 2629 4620 2502 5142 3523 6500 3181 3129 6083 4665
4101 284 5209 5602 1721 3087 5651 2405 2517 3041 1769 4105 208
14273 284 5794 141 2483 5238 4892 3639 2739
5954 284 4107 2346 1663 3152 1226 5026 4063 1133 3599 6778 2445 4547
11822 284 3475 1106 5886 932 4814 1988 5055 1497 2989 6762 4956 4846 2529 334 5378 6459
15514 284 362 3254 4777 2100 6306 4264 6132 6573 1252
12503 284 7005 6805
13094 284 3866 1876 80 1479 6262 6138 1927 5060
5048 284 4107 3599 3937 3247 2568 2154 6788 5734 6439 4041
1868 284 4107 1791 1435 4636 6285 4318 6449 6639 6782
6217 284 885 867 4590 3819 1039 2323 5622 6084
3034 284 4457 58 2150
2388 284 1115 2013 3662 5504 960 2142 6598 2930 6811
3797 284 4107 4742 4355 6446 6124 1760 5027 3599 935 4440 3548 5649 2568 4530 3273 4998 5370 6990
13156 284 5415 6036 3776 6647 3662 4734 1435 221 2562 4636 935 114 4649 6480 1832 2187 850 2822 3632 2445 5638 5444 6509 6312 3578 4506 1026 4628 6105 705 1498 4041 1125 675 6663 3712 6689 6782 2586 1602 2213
2424 284 2922 2393 639 4281 4611 5616
18284 284 6890 4107 5978 267 4431 4463 6431 3804 3630 6778 1125 6782 3510 2817 5346
11730 284 4107 4742
703 284 4107 4742 3961 1575 3630 935 114 2918 625 5444 5332 2219 1125 5668 404 6696 2586
7402 284 3819 5449 6785 3949 4355 942 1133 792 3937 1447 4530 6999 5163 213 6489 3578 2220 3586 1298 1498 4862 4691
18369 284 5504 1405 700 2410 114 6778 2445 6449 6115 5444 5332 6312 6788 3586 1125 738 2586
4359 284 6568 1335 3195 1786
798 284 5965 1157 1913 1709 5064 5184 3147 5378
7200 284 3752 2687 6660 6902 3429 1304 6915 5350 3778 415 1841
7628 284 6510 4633 4855
10473 284 6890 3700 267 2311 978 2062 6930 3599 114 5444 3578 2422 738 3712
7802 284 4107 114 4101 4506
11443 284 7026 3647 871 362 2633 5732 6785 1913 2997 6274 2986 3385 2488 6036 1603 6895 2980 3165 6091 1637 5563 4305 5341 1575 6124 1133 3599 481 607 6610 3349 5378 4101 4586 2137 6480 4262 3937 1447 4224 1083 4557 4998 5370 5444 3509 3719 5593 5192 853 213 1945 6489 3746 3578 2219 1219 2261 1498 4041 2680 6694 447 6957 3859 3669
16015 284 3540 3630
12305 284 3167 4198 6785 122 365 6167 978
10329 284 6890 2618 5649 4530 5370 853 6489 2674
12146 284 6890 4107 1274 3385 4207 2343 1481 1405 5027 935 3072 2568 4998 5370 6788 4660 2801
10454 284 3205 4364 518 6034 2866
18838 284 871 945 4599 2390 1489 164 3339 3019 4611 5669 1389 6630 4946
1467 284 6730 2473 5055 3834 3902 50 1640 4427
5847 284 2052 4161 5821 5793 5950 4659 7022 1699 4087 2037
17994 284 5208 5539 2590 6868 3595 2614 5279 3782
8385 284 4520 2397 1541 3236 913 6746 5486 2529 3893 5327 3607
2641 284 6890 2423 2343 1575 2352 4628
17772 284 2473 659 3354
1198 284 4107 2980 6120 2532 4043 4649 2432 2177 3669
395 284 6890 4107 837 5055 3983 3428 4948 730 3662 5783 2044 1405 5027 960 2142 1133 4671 3193 3937 3247 850 3632 4248 5826 4333 6639 1416 6439 738
14897 284 4107 4715 4752 2177
19427 284 3752 5072 179 5059 5579 3341 2774 117
13112 284 4107 6239 6782
4205 284 6431 1133 4863 777
8830 284 2981 1115 1800 6511 3521 2903 4506 1298 1684
10034 284 3612 4730 35 5852 1260 6107 303 5311 2059 6981 4994 6488 2317 4057 3448 3913
15390 284 3736 1419 3983 6442 665 3342 5565
18059 284 2590 6310 4558 6987 5486 5008 6117
19359 284 4107 24 4398 4101 6778
785 284 6449 5444
19347 284 4107 4742 1148 3385 3152 3662 1481 1133 3599 4101 3177 3937 139 3374 6131 5071
13827 284 3167 6583 610 978 3354 4939
8038 284 4107 4235 3385 211 6489 877 6694
452 284 27 5460 3863
9904 284 6660 4491 6578 2177
7799 284 6890 4107 753 5676 2515 1053 6916 2814 701 203 6124 935 114 5331 1083 705 4041 1125 4862 3500 2817
10308 284 4786 4067 2001 4715 5504 3540 3630 4636 5364 4101 2903 3578 4506 3586 3712 6782
4931 284 5592 6217 3400 5123 6004 4720
2443 284 2907 4364 3262 3429 1868 3278 1304 2879 1631 4777 6119 1053 6419 955 3169 1655 6746 6388 1823 3667
1790 284 4508 6244 5543 6442
13516 284 6036 2343 2137 5370 4506 2439 4420 4691 6782
6280 284 4107 4822 3152 978 2343 5593 3496 4506 1498 4041 1125
2338 284 4313 1499 2351 4291 4400 4832 339 2116 3022 6785 3410 5904 6984 360 951 2992 1925 5138 4710 4936 1439 4980
3975 284 438 1210 6119
10121 284 4814 703 1826 1798 131 4167
1575 284 6890 2410 5364 544 6993 3632 5826
11928 284 3742 4913 1110 6746 6511
3486 284 6890 4107 1133 607 6312 6694 1975
1470 284 3983 5959 4462
17388 284 4107 765 4742 6292 3019 6370 1732 1836 5504 6124 3599 5364 3193 113 3937 4285 3501 2822 5331 6729 6449 5172 853 213 5332 4660 6105 5567 1416 2872 877 3589 3744 1125 404 738 4862 4206 2674 6957 6495
10272 284 4107 871 2950 4777 2403 3239 5142 3605 3057 1535 2084 4018 5373 6864 956 4662 2305 4611 303 4830 1797 5420 4616 5903 2497 1871 243 2811 1758 2767 726 5825 6945 1405 2414 850 4937
15603 284 4107 4742 1469 999 4832 665 1040 2709 2013 730 4040 6578 1637 5504 6431 3804 5027 935 4586 46 4262 6993 5370 2470
13167 284 801 1208 1072 5752 4281 5547 5184
14210 284 1728 636 4742 3727 4491 3662 145 1637 3521 3804 2308 3433 2675 5370 5861
4334 284 3486 4107 5896 6455 4160 2987 5256 2814 5904 2062 2410 1133 3630 6598 114 113 4943 4285 2432 3280 2219 1219 1125 5668 5071 2801
13736 284 4107 4742 4715 550 2054
19262 284 4107 4742 5444
1756 284 6890 3167 4107 786 4742 4633 4857 510 6124 2062 2015 2432 5734
15087 284 774 3983 5353 5103 235 2739 2732
12829 6624 6150 4186 4260
12634 6624 6008 2007 1808 6171
4589 6624 1972 1304 6498 1068 3523
1468 6624 1916 3429 6950 6953
392 6624 3818 1716 6608 6557 5910
10864 6624 639 622 135 5826
17362 6624 4477 6699 3536 3042
16767 6624 2647 3523 3454
7060 1918 5602 7030 4706 6976 5342
10300 1918 2788 4867 3355 4887 6854
15211 1918 4253 309 7027
18624 1918 1944 4293 3355 4807 6071 2904 6239 6145
11106 5164 91 3331 4473 6589 3898 6309 1055 1851 1883
507 3486 4150 5074 6230
14757 3854 2248 6744 5204
18212 1304 2617 2996 4929 4847 658 1668
12879 801 1345 1427 5360 5350 3288 3755
9848 2505 4329 6807 6551 2657 1225 2581 2647 338 2047
1983 2505 7026 7039 2634 5620 5945 2195 1803
13466 2505 5917 2254 809 6168 2064 1289 4208 2886 5353 4007 6315 4650
998 2505 7039 2693 4145
6553 2505 3332 4900 63 1655 4077 6327 6446
14147 2505 7039 6591 4014 2590 1708 2622
1883 2505 6902 4699 799 3094 354 3772 846 4295
9529 2505 5208 3486 2934 4742 5353 3400 3759 3058 2104
14615 2505 3253 3067 3239 4600 4467 3823 4830
6428 2505 1006 4291 1304 3819 7044 1864 4690 4154 1677 6083
2455 2505 3971 2496 5592 4472 885
8896 2505 3475 3686 4291 1899 4140 1233 5381 7042 204 2592
5640 2505 1932 3975 4050 6949 4375 6868 3850 123 3869 5511 4830 584 364
17412 5677 5286 3239 1060 2757 4885 2581 1792 5597 3824 6832 6763 3319 7021 978 3354 1581 3707
13733 6469 3952 5739 1387 104 176 2871 5937 4881 3636 6530 1921 1572 1151 6278 6473 2022 172 736 1391 4883 2101 6929
3200 5454 3865 5581 1341 5838 5767
13368 3700 928 501 3155
18831 4758 4611
15078 4313 4257 4567 4050 4532 859 6628 666 3327 5695 6984 1097 4534 5997 1059
968 659 3385 6397 1241
8102 3253 4161 4022
2255 5317 2689 6477 2753
11125 7039 4210 1197
12296 4866 5142 1229 2870
14002 2502 3181 2751 2940 5126
12565 3974 5912 63 4821 3901 3513
18929 716 1061 7003
16455 1047 7030 4457 5086 82 4953 5069 173 2186
10953 1047 3020 5837 3869 374 6843 5110 2050 6162 879
4841 1047 1587 1913 3019 6757
218 1047 580 4922 4291 4257 1868 3487 1304 2194 2504 4515 1108 5732 5993 1009 2296 2509 3439 2418 3922 3062 6458 4982 6931 3710 3505 3346 6195 6928 1479 109 4816 2413 45 4631 3229 1998
18890 1047 309 2619 2337 6660 4384 7012 4161 4839 6915 6412 4777 6150 3835 3697 2390 1489 4215 4910 5904 1729 1537 5743 5111 5103 1517 6568 5350 2023 942 617 5618 6371 6545 2961 5341 1575 2940 5027 2101 3272 857 925 642 6001 1640 3259 1701 4652 6502 6509 1960
11183 1047 7030 6622 4942 5659 3314 4705
13844 1047 4725 2497 2957
15442 6991 686 1604 2972
10943 7030 2110 5541 4107
5366 242 2726 1293 6821
9250 58 2773 6991 1006
4410 27 4196 200 6692 1808 6505 4210 5047 1735 3599
10168 27 5460 538 2110 893 4359
8356 27 5208 4833 4253 5342
13324 27 2926 173
3634 27 2282 6854 6507
5447 5460 2800 7027
11192 5460 4622 6184 2800 4253 309
1021 5460 112 6184 4772
9313 5460 6184 2794
8259 5460 6179 4457 4253 1006 2366
10867 5460 4977 2926 78
6261 5460 4457 5879
11392 5460 7030 3486 5879
4942 5460 6475 2110 638 2773 6184
6074 5460 6184 5879 4749
9092 5460 2926 78 6821 4253 5879
13963 4151 1440 2909 2875 2679
17778 1587 6281 4284 2811 5936 4573 6499
18562 6184 4716 4253 703 6794 4949
6946 871 2495 6546 5674 4634 1556 6635
310 1106 4900 4633 2185 5304 3003 5309 6804 2291
17498 4182 3952 4050 339 196
13266 4257 5817 6469 6640 5778 1913 6356 2208 879 5996 3937
8710 518 339 1069 1327 338 5700
8980 1587 518 5785 1703 3241 4573 5483 3674
18677 6890 2007 5090 2013 2239 5504 6446 2142 2685 935 139 5638 1919 3456 705
11279 6890 309 6510 6902 2725 4133 4148 6545 3234
6068 6890 6817 2309 6320 452 1708 3074 1639 3893 5197 5768 6788
251 6890 4355 2239 6578 4063 607 4671 4440 3548 2432 2568 4663 3347 3859
1146 6890 3742 1062 1276
16885 6890 4107 5279 6860 3347 3712
19028 6890 1916 500 5195 6086
3964 6890 3686 309 4161 5142
10413 6890 4096 1304 6915 5555 5160 2927 7
3042 6890 4107 4742 2410 3599 2137 5102 1447 3247 2445 6157
14374 6890 3595 6354 4983 4830 3904 2413 4040 3717 4994 2625 3599 3630 4671 1505 1252 6079 1919 3596
2870 6890 2926 893 1604 6805 3478
14914 6890 4742 4067 5323 2906 6389 5504 4101 3247 2568 4530 2445 5370 3541
17285 6890 3465 3356 6539
1140 6890 309 4107 730 2343 942 5033 6124 1133 935 607 5364 2137 4419 2858 5471 1664 6860 5332 2219 6639 5859 1498 2213
8249 6890 5520 2629 4107 4707 4188 805 3897 5108 794 4490 978 4306 5633 4040 2280 5027 1458 607 5126 3280 4333 3589 256
2295 6890 1324 2926 2016
9672 6890 1499 1072 3819 4351 411 5796 4742 3983 4722 458 1201 6536 743 4633 3727 486 4846 6578 3521 3804 5461 3177 2675 550 5649 1701 3578 4949 325 4206
19149 6890 4107 4742 1322 4040 5504 6124 607 1505
3856 6890 2687 6511 2101 1569
86 6890 3882 5311 2497 6114
18532 6890 4107 1937 1459 4292 4633 5423 4708 935 114 2930 3280 2470 3047 3500 2586
4266 6890 5586 5879 2359
8695 6890 6814 1631 2117 2395 6762 5103 6583 4682 2957 4701 3773 5710
17165 6890 4107 2445
9334 6890 5323 4630 6699
7072 6890 4364 2974 2380 3439 6195 4947 1576 899
11228 6890 4707 5108 6742 4210 5148
10125 6890 4107 5302 654 978 2343 942 6578 5504 3540 3804 6176 4636 2742 4101 2903 3107 139 6131 2445 1083 6999 6449 6953 5444 3280 4663 2470 1462 6811 3589 4547 675 404 4280
15328 6890 3893 180 5535
12716 6890 91 518
1331 6890 1175 6267 1729 4284 4605
17249 6890 4150 1868 3316 5579
805 6890 4034 2100 4832 6505
13476 6890 309 2502 3983 3727 3710 4148
9137 6890 4107 7017 2980 3804 6124 4671
16288 6890 4107 5753 6647 730 3662 960 2137 5471 5638 4420
16169 6890 5648 6928
4094 6890 1552 1186 871 6980 1876 2527 3338 6030 2844 5238 5746
530 6890 4107 4742 2986 2044 1481 1133 3937 961 3501 5332
7224 6890 6364 3478 91 5794 6568 4682 5662 426 1880 1887
3818 6890 4188 6902 5868 4558 3824 2651 1110 4648 175 4471 627 2143 3234
17397 6890 1446 3929 5737 6809 5081
17536 6890 18 4715 2120 4153 2685 607 3374 2167 3947 3509 3496 4949 1125 2680 2557 646
3292 6890 4107 6036 1083 2470
8870 6890 4107 6124 4220 4419 3280 7 213 2177 6788 1125 6694 2817
9595 6890 4833 4364 234 2792 179 2473 6299 5579 992 6876 2814 310 5959 5625 2642 113 2930 4530 3746 3586
18000 6890 1897 5817 4969 35 6691 6313 4090 1936 3005 3346 1798 713 6171 2294 4658 5318 110 4373 4595 205
18415 6890 4107 935 3293 4101 4530
6816 6890 5452 3231 4869 6528
6571 6890 2351 2814 3742 2020 5297 3288 3168 6822 5172
3878 6890 4313 5879 4107 3232 1876 765 2747 4515 1400 4742 6876 727 2997 6856 5461 1447 625 4998 5172 6157 6694 1975 588
17844 6890 3427 2116 5459 3288
9617 6890 3385 2062 3937 2568 2445 5444 2470
5274 6890 6184 1499 919 67 1868 6026 1322 427 3823 1335 6083
14137 6890 4107 4567 4067 5272 2001 2123
7959 6890 6934 75 1023 4291 7002 5108 5956 1053 1217 6458 5088 4156 3289 4630 365 2026 389 2155 2101 2137
16648 6890 4107 4742 5364 2177 5470 2674 6495
2932 6890 3975 2457 2583 3439 6618 3710 1639 2328 3368 5604 5737 3861
4140 6890 6886 3385 935 6953
17729 6890 4313 4241 4253 2186 309
12773 6890 178 5164 91 3123 1679 1737 5616
9142 6890 4107 4161 4742 6777 6015 2035 3574 5033 5364 3293 1832 4440 2858 1447 270 5649 2568 6449 3509 4173 738 6694
3318 6890 1469 3428 5090 5504 2062 2410 935 4220 114 2822 3632 4224 3947 4628 3586 705 2054 6439 4173 4041 1125 675 6694 3712 6495
8856 6890 75 4107 3854 2527 4400 5055 3983 1042 6203 2980 6863 6141 6576
4508 6890 309 5821 659 4050 4777 1899 141 3727 3763 4956 3425
11692 6890 5208 4014 35 6142 3020 1486 2463 894 6583 3532 1791 2260 958 6397 321 6530 4657 2737 3042 850
18955 6890 4107 3385 6131 612 2054 2674 671
9686 6890 885 1934 3262 6915 1872 3850 902 6942 1760 3458 2660 3144 5812 171
484 6890 4107 4909 677
1563 6890 1876 4040 6578 5504 2044 1481 2062 5027 935 6838 7010 1548 3247 6999 5370 325 2054 4547 6696 4280
10191 6890 1728 4107 2366 3612 947 1994 4017 6885 3299 1575 2062 2414 850 4493
12747 6890 3126 669 2617 6368 3057 6882 1137
3456 1944 1459 6583 1781 5041
3560 1944 2309 837 4364 6980 3278 2476 189 799 6152 4611 1097 4109 6882 978 1005 3536 2023 348 21
11452 1944 5072 6086 1020 610
9549 1944 6628 1111 5350 205
207 1944 6469 91 3750 784 3295
1300 1944 5046 1419 3062 2638 2497
915 1944 309 1934 1903
6227 1944 5851 97 5538 5891 3489 6196 4257 4898 6902 5202 2879 2063 7017 2590 4777 6205 4289 4518 6095 3834 4742 3675 2390 3060 1053 6876 6329 4520 5980 4564 3721 3075 7003 6171 2538 6343 6734 6746 5658 6083 1151 2026 3574 3707 3392 2142 334 2514 1588 5727 5575 6825
4472 1944 2351 1858 4777
16434 1944 4188 4161 6882 3829
11684 1944 4313 2150 6730 2351 687 3926 5164 5817 5481 3278 4730 3897 4558 4633 4564 4903 1473 6984 1088 4837 4948 432 978 4201 3241 6114 5341 1953 1917 1575 881 5102 2554
19325 1944 2617 4830 1920 1762
17459 1944 2829 6785 6619 2774
4238 1944 7002 5870 2481 3129 4718
6183 1944 2337 6299 5821 1072 6551 3057 4611 3801 2632 3601 2107
3327 1944 5817 1304 2498 229 3498 1405
8751 1944 3486 2502 1491 6915 964 1679 4611 2899 996 5783
19389 1944 2829 6217 810 2390 4564 6768 2668 1655 4640 3607 3107
2770 1944 1280 5286 3234 2453
15812 1944 6392 2927 4143
5639 1944 309 1203 518 2010 3505 665 6309 3354 3961 5184
1925 1944 884 2843 3031
6489 1944 4364 454 3852 5667 518 6785 2127 1903 395 374 4175 6354 153 2405 5217 6787 769 4878
17471 1944 5693 1378 6109
1119 1944 2122 4284 6759
17878 1944 3693 4049 3300
16812 5520 3253 6746 3758
10554 5520 5851 2151 91 490 3479 5648 703 523 2832 3870 701 1807 4703 2480 2613 6029
9991 5520 6868 5259 1222 4993 5736
5118 5520 4313 2829 2390 6785 6746 4283
2679 5520 1499 1054
2178 5520 6934 2502 3674
11667 5520 2578 765 3126 3239 2460 6214 1260 5837 5353 956 6380 6531 6420 2405 1206 5463 2101
18383 5520 3239 1299 5426 5904 955 5204 2735 5641 6266
16289 5520 5538 5168 854
4489 5520 5137 5100 5633 2143
9973 5520 4882 3904 3667
13859 5520 5150 4400 3060 2860 5178
17754 5520 4777 4885 6436 63 4830 2980 4846 5047 5204 4373 5985 54 1252 5746 4639
18568 5520 1148 6943 4531
1014 5520 3569 3395 329 4176 4649 3973
13723 5520 5494 40 1464 1799
6773 5520 6299 4590 3104 4742 2935
10234 5520 6832 6746 3430 3190 6511 4362 4478 3247
17508 5520 4814 4198 11 3428 4876 6984 3178 6262 4981 4736 4053
18876 5520 6730 2829 2578 6785 3523 5997 172
12923 1356 193 6032 3978
3309 2671 2337 1587 4161 595 4558 1271 3850 3552 6746 2155 3540 1319 6268 2856 162 1199 2613 1553 3259 270
5211 2671 2985 3523 2480
2055 2671 6868 2215
1759 2671 2945 5459 2459 4970
7932 2671 6032 3863 3752 2351 1552 6297 2747 2117 4448 3105 6055 1913 1472 2074 3729 2695 4040 4938 4321 4684
1702 2671 2629 1937 566 4970
3129 2671 790 1987 1050
17812 2671 3486 1419 2498 5919 4878
3708 2671 1552 676 4758 3351 3969 264 196 4994
16811 2671 2981 6133 2100 2205 6618 600 1253 6377 5700
3225 2671 3486 6579 1073
12211 7026 6542 4885 6375
5779 7026 3167 1910 5871 1972 3943 6581 2604 3129 5381 6711 787 4970 1405 6111
13804 7026 4561 338 2208 1442
9253 7026 1028 2716 2660 3937
5109 7026 5091 3730 586 2980 4211 3613 6690 3685 3045 2632 5178 5855 6585
15031 7026 6150 5353 5585 1123 3019 1496 3157
9577 7026 4375 4940 6274 918
9798 7026 3429 4611 1325 2544 65
2465 7026 5983 4786 2492 707 2151 91 6915 1203 5449 6142 5353 1410 1222 6931 61 3391 1503 5581 856 5168 4624 6746 4210 7042 5850 4483 4717
18166 7026 4221 3215 6499 6712 5356 6685 1649
6468 7026 5502 885 336 5164 3131 3278 2701 3104 1419 799 3554 6086 3983 1260 5353 1671 4855 3882 6380 6195 4156 6583 2992 6568 854 6895 569 3561 3354 1333 2022 3080 6545 592 5385 6610 6357
6862 7026 2309 465 6608 4568 439
11949 7026 141 2498 1706
9065 7026 5047 1241
5002 7026 3232 2683 1964 1858
3277 7026 3118 6887 689 3136 3705 4003
13520 7026 466 1916 482 2305 243 3272 4177
9294 7026 4313 5817 5108 1449 307 1559 5350 1074
7559 7026 1759 5987 1587 5129 5801 5041
10526 7026 1759 4996 6730 867 362 6281 5353 3902 978 5633 1895 736 2101 1442 577 2118 1701 5211
17497 7026 210 2814 6389 5515 1234 2208 3630
11173 7026 4996 1966 1491 91 2646 6864 2511 22 4227 6882 2860 2044 3274
19210 7026 7039 2582 5729 6209 2628
15831 7026 5059 4039 6025 4980
4041 7026 6934 5137 2619 3133 3720 91 2859 911 3552 5652 6083 6186 1575 3992 1470 4081
10276 7026 6868 5108 5393 5953
15418 7026 5043 5276 4940 6631 1679 3314 4156 918 7042 5037 26 3302 1588 2675
10506 7026 6032 3836 1010 5353 785 4846 4022 4335 6463 6268 375
6343 7026 5494 4830 5412 3597 4373 6514 6446 5405
10988 7026 1876 2172 6012 5353 4436
1191 7026 1587 6380
2539 7026 3819 1532 5550 6107 338
4065 7026 3631 954
1741 7026 6414 4115 3239 2390 365 900 5729 4701 235 40
10178 7026 5164 5965 871 293 4218 4242 3386 4351 411 6281 756 674 1110 3240 3536 3356 3781 4432 3652 4148 591 6511 105 3009 1575 5804 2062 6968 3193 2256 966
12912 7026 2619 3429 5433 6785 3505 6293 2612 5880 3272 2791 3599
6383 7026 1511 920 5678 525
8924 7026 1449 544 3876
8305 7026 3897 4235 4133 3961 5847 4461 1002 2927 4652
13517 7026 1913 6568 2332
10664 7026 6236 590 419 4942 4777 6785 6464
13749 7026 309 2829 5286 3851 3983 141 5168 792
18517 6475 2110 4622 638 2255
16592 6475 6259 193 2016
14748 3167 1562 356 5316 2023 2957 1331 3920
8189 3167 4222 160 3277 3587 2721 2064 2515 1588
6601 3167 3983 6785 1394 6746 3536 2399 5949 4930 2239 5682 5577 219 5023 5289
2721 3167 4508 1922 3104 1283 422 6028 4022
13293 3167 2829 615 3946
15246 3167 4163 3486 3478 200
10151 3167 799 4421 560 1206 5483 4618 540
10028 3167 6510 4722 5353 3630
18448 3167 4384 5088 4177
4603 3167 460 4777 6583 610 5811
10531 3167 6730 6660 809 1489 3214 6137 5504 1883 3937 3892 6555
11941 3167 664 6498 1888 3075
11355 3167 3678 590 5579 2527 2331 210 3439 5511 1903 5923 4765 6794 3782 4957 5131 3147
1354 3167 4188 3038 6150 6931 3403 3979 1479 876 6942 2664 3182 6275 1744 4763 3350
11230 3167 5541 1286 2169 2502 5579 6692 669 1053 5794 4859 1913 5152 2020 5248 3516 3165 6237 3234
6569 3167 2790 2636 135 2532 1252
19191 3167 5142 1913 4876 5763 175 1776
7838 3167 3819 5353 3597 4282
1816 3167 6542 662 4380 5819 2453
14469 3167 2110 4622 4576
18229 3167 1916 1868 3239 6746 2338
3152 3167 3595 4868
2663 3167 4707 2388 5868 4742 3536 3361 4260 4419
13794 3167 4313 885 5048 2701 4047 167 3587 6374 799 6086 2814 5353 3995 2367 482 4876 1415 5311 4902 3602
13384 3167 3366 4211 540 6953
4014 3167 5637 1791 953 4640 854 4985
186 3167 1060 175 1678 3630
3700 3167 1061 427 6721 3801 335
3148 3167 2169 899 5565
6663 3167 2775 1061 91 1340 2980 1637 403
2288 3167 424 4108 1419 6789 3733 5353 1680 2533 6530 3333
2623 3167 2629 6469 6872 3540
6998 3167 3736 2151 4242 6868 2395 6785 5353 2084 3960 4491 4145 681 934 1776 6377 5535
456 3167 6513 6093 4397 3747 4991 2443 1588 3920
2445 3167 2309 6660 5794 2957 820
7607 3167 5983 2366 5353 3444
11356 3167 339 3727 2684 4167 5016 4087
2527 3167 3279 5104 7038 5767 5172
679 3167 3533 956 5979 4594
18903 3167 2366 339 5788 6208
18667 3167 4257 1872 3979 1479 2239 853
4396 3167 1897 5399
9073 3167 2351 2847 4832 2418 5526 4823 3193
18001 3167 3120 2322 2225
12285 3167 6184 2169 6208
5265 3167 6032 4267 4042
9519 3167 6660 411 6785 2860 6126 6511
16581 3167 4313 1916 3927 1793
10170 3167 2673 4080 211 2668 2408 4128
9398 3167 3279 902 5001
2407 3167 3121 2106 1603 5547 450 3003
14674 3167 2502 1966 2701 2565 3385 4846
12678 3167 2502 6824 3111 4156 64 2101 1447 1857
52 3167 3429 5789 1631 5796
19439 3167 871 91 6640 4490 3626 1088 3368 5633 4148
11233 3167 3736 1227 1015 6882 3916
14497 3167 6805 1868 6176
13336 3167 6217 1868 5108 2769 1803 4605 3737
17948 3167 5164 2980 6114 4937
12794 3167 945 4839 1072 6785 3636 4454 6511
1614 3167 5208 3860 2309 6789 6785 4462 0 6635 6925 2216 3107
7018 3167 4198 1053 568 5808 2928 4795 4005 4981 1589 3201 1444
99 3167 5467 5129 3214 6968 6490
14507 3167 3742 855 5111 282
13290 3167 141 3523 4830 3717
7843 3167 3120 2829 837 5033
5564 3167 999 2790 6583 6141
17010 3167 4150 2395 586 3425 180 930
8994 3167 2624 6866 6836 4164 4394 549 5152 2758 3019
14253 3167 5648 4830 2080 241 1355
8485 3167 6205 1378 5527 6037
13491 3167 6542 1108 2476 6095 2581 674 1997 1479 5350 5850 1823 2612 1187 2062
9627 3167 1499 178 4384 2827 35 3587 2590 5074 1645 5226 6355 6354 665 432 978 1871 1434 2960 1045 203 3644 1589 748
11603 3167 5337 500 3229 5041
14150 3167 6032 6748 3994 2552 3791 4742 427 2989
8331 3167 1916 3429 5142 2569 5353 4830
6900 3167 6032 3815 2589 5403
17389 3167 4397 1868 3547 1904 2509 920
4022 3167 5581 6746 4846 4431 3781 2813
1088 3167 6656 1286 2879 2064 2100 4940 3516 6171 5024 1599
12693 3167 5208 3631 6660 494 3543 288 4477 6882 2483 2323 2791 5555 5691 3234
8916 3167 78 186 234 1015 3152 3621 114 2137 732 1083
6884 3167 5851 6414 5208 6184 466 871 2502 6589 1260 6785 5353 4758 4709 1729 3721 6442 1517 1791 2260 1097 4658 4605 4948 3178 6746 806 4211 4010 4931 3597 3406 4423 4701 6211 5364 2628
10586 3167 5677 4777 2418 6309 610
2986 3167 5320 2108 1868 1749 5353 2670 1878 3241
5446 3167 4967 6579 1868 91
6935 3167 6184 6102 5824 4882 6523 610 3425 569 6388 2338 6232 792
14079 3167 411 3835 2390 3850 5743 1172 4156 6463 929 804
17438 3167 6730 4718 6473 3749 162 1194
6198 3167 5286 3587 3742 6380 6721 6195 149 3289 2957 4478
7935 3167 920 1968 5577 3361
2052 3167 4472 3084 6210
2529 3167 3232 1868 3662 3782
1357 3167 2321
14858 3167 5541 382 2715 5556
10229 3167 6542 774 2950 3851 6426 4061 1221
7102 3167 2829 1491 4235 2814 6785 4156 5823 222 3599 3349 6084 6490
16626 3167 2351 4967 5965 3279 1896
15491 3167 2023 403 4745 6685
6643 3167 4457 871 5353
2185 3167 1928 6732 5950 524 5341
3830 3167 2246 2847 91 1260 3439 1743
17207 3167 2366 2502 3587 4777 5732 6868 1419 6721
14555 3167 6184 3983 6734 4618
4857 6906 1317 1499 6817 1868 5168 1637
2615 6906 6934 309 293 5292 2720 5912 3221 4462 6238 1690 6442 6052 3659 6388 4760 2094 5919
11185 6906 2979 4940 5088
10158 6906 2502 4215 1260 478
10712 6906 6857 2502 2527 1260
12128 6906 4195 1023 6477 3221 1913 755
18430 5209 6217 945 2469 6150 6333 3385 5728 3342
16152 5209 3133 4327 6578 118
6273 5209 5602 4772 309 6510
4887 5209 1984 5983 493 2736 3599
16096 5209 4047 3768 6227
17903 5209 1868 5868 5311
4757 1351 3387 2981 67 1587 2937 1359 5375
7700 1351 1897 945 91 992 805 2469 5323 5648 5794 5735 6561 5274 2010 6794 6984 6583 4383 6777 2294 6936 4133 6964 1762 6584 3674
14032 1351 4150 1868 6491 2451 4569
1781 1351 1721 4996 919 6902 2502 1899 1535 3613 4767 2909 5497
7160 1351 4313 6038 3486 3631 1910 1499 5284 1552 871 2169 2502 1061 363 4590 2827 4484 6605 1723 3239 3857 1075 422 6086 1299 4558 1489 6527 6405 4468 481
5412 4214 2569 2997 1798 6282
8260 3647 4188 2191 1946 6589 1269 6721 6763 2413 6145 3146 2174
209 6150 2099 6759 3772 3272 583
15518 2366 3599 935 3433 5102 2930 6285 6424 6993 850 1083 6115 266
12074 3752 2502 3750 4324 1964 6744 1148 4274 2083 5387 5104 5350 5381 2957 3955 6446 3992 5027 1799
10347 1767 6548 1479
7223 4996 3121 1674 1747
10764 5208 2151 5745 2839 5252
447 5851 141 4658 4605
11718 4166 4658 6746
3724 6335 4334 720
1834 696 898 1420 6466 2159 4830
16677 3253 6469 4599 2583 1389 3561 3588 3593
10214 6934 2502 1999 3366 5555
15667 2346 871 6570 494 2059
17880 4561 3523 6343 1927 3469
2610 4761 3949 6371
4921 5467 5410
4763 6550 4291 1631 1938 6839 3408 136 4611 5581 4043
12255 1984 4922 2473 3994 4839 3852 3819 5108 2457 339 6785 3721 4421 3569 5805 6746 5468 6265
8179 1984 6915 1316 913 3645 4248
13719 1984 2079 2403 5142 5259 5501
16459 1984 5400 210 6873
5885 1984 259 5953 1249 325
14894 1984 4313 78 1759 676 6960 3239 2770 1468 6843 4846 6388
12485 1984 4839 3239 2617 4394 3504
10683 1984 983 2629 1304 2583 7016 6488
183 1984 799 5992 6865 1405
11873 1984 6923 4387 569
2508 1984 4222 2377 810 411 2106 6785 2647 2523 1708 4011 6091 4994
9553 1984 1149 948 6025 3578
4990 5851 4182 4188 5467 1749 453 3391 741
12328 5851 4707 6195 6171
2036 5851 659 3239 5992 1987
16732 5851 1937 4188 2970 4076 4658
7479 5851 3721 4658 4605 1686 1735
3315 5851 6099 3721 4658
7464 5851 3486 4107 6324 35 1512 6679 3995 1690 1797 211 3152 6036 6239 935 2086 6449 5194 5332
14310 5851 1015 584 1925 4559 6044 7037 4219 2154
8021 5851 5342 2590 5011 2997 2758 894 5575 4524
16330 5851 909 5825 2214 6211 5683
19211 5592 1050 1598 792 3799 789 3946 1498
1778 5049 4770 2786
13218 3668 2578 1922 137 4108 5449 3791 5796 4270 3988 1240 2463 386 2649 480
11731 3486 1587 494 141 281 2451 6763 4945 1436 3737
15917 2321 3014 4535 6523 5805 5603 6114
12042 3253 6008 871 2115 6777 2144 45 3003 1070 4399 3644 1809
609 3925 4829 1241
15483 4554 6691 2761 836 4763
16972 4554 518 5550 5373 5926 79
18245 4554 1967 1072 2094
935 4554 3736 5525 2393 1234 4276 3272 4566
13731 4554 2351 5120 3429 4462 5350 1917 1816
4324 4554 2459 5547 3042 4053
16395 4554 2459 3737 2625 846 4279
10527 4554 6192 2524 792
13318 4554 1016 2052 1190
14833 4554 1916 5803 6930
4235 4554 1147 4188 2502 1304 926 1723 5915 6086 4198 4334 6941 104 6885 300 4900 4317 5152 4292 351 2770 5743 177 5088 5113 5232 1374 6746 6473 5008 3034 6681 5758 6165 2930
6370 4554 2309 6053 3239 4090 3983 1913 361 2507 3147 6108
5882 3668 801 3971 1721 1728 4896 6068 5918 4188 6980 2225 5628 2590 2520 6076 6527 1225
19077 3668 78 6980
2019 3678 2629 2160 4144 6485 2523 6882 4003
16891 3678 3016 4872 6619 6511
9125 3678 5684 6873 4970
19314 3678 2351 3852 6310 17 4611 338 1686 3356
15757 3678 1402 4814 2884 1198
11253 3678 3613 2597 329 364 3632
5179 3678 1905 2502 4719 1260 1625
1035 3678 970 1387 3267 6150 3635 1383
15561 3678 1288 4758 5113
13732 3678 4537 3147 4639 4480
12664 3678 871 5912 5024 5488 6470 6207 1197
6322 6179 1108 3366 1635 1588
5669 801 5208 4313 4811 3133 6980 4050 362 5408 3819 4777 512 6344 1060 281 943 4049 1709 1655 3826 3504 3506
10846 801 1144 1304 1512 713 3523 4154 5633 5001 4301
11663 801 4226 5794 4490 2311 3550 706 6161
378 801 775 498 3737 1895
13331 801 293 6784 1512 4777 5732 799 1260 1535 632 3062 3129 5012
12566 801 5965 4730 4709 6762 2960
4734 801 6730 4397 873 5732 3579 3 2574 4221 6499 1542 627 2275 4285 3204
5565 801 4457 6934 3486 2351 3718 186 4291 6507 4384 2827 1749 5732 4599 4832 1535 1913 452 6546 6305 3870 3314 1703 4611 950 4383 640 4728 1389 2328 996 4185 1807 5381 3969 2862 2022 5021 3572 965 3670 3459
9514 801 159 943 2109 203 6198 5572
1283 801 2768 4590 1512 2469 2509 6368 6442 3404
14097 801 5054 5582 4811 2922 2502 5995 3126 4110 3733 3454 1287 4563
5616 801 2345 6597 262 452 2405 2360 4032 6216
10854 801 5137 4777 5732 1535 5597 2023 2870
8372 801 3486 2629 6626 1535
7474 801 5579 1020 416 3707 4845 5497
18234 801 2502 6785 1913 5597 61 6986 2328 5737 2023 5341 6488
14582 801 6934 2403 4885 1214 6878 2023
12259 801 4787 2847 6980 3882 3523 6662 2430 857 5910
6146 801 3926 3133 2502 422
13720 801 3227 2023
3716 801 6455 5904 6442 2638 2960 4774
7845 801 6862 2508 3346
9082 801 2893 6868 4825 4682 3219 2585 3193 3189
7846 801 1175 3952 4467 1826 3979
4628 801 2502 4050 3239 6966 5353 1020 6763 2436 172 6594
17221 801 5693 3800 5794 1202 6922 7042 1534 6145 6463 1440 2927
11102 801 1571 3067 3929 4161 500 3298 3340 1635 3346
7680 801 7030 4777 4079 5035
15726 801 5108 1535 2023 1197
2173 801 6915 4575 1088 6759 3147
13143 801 5817 6915 6868 1913 6511
2653 801 3210 3479 6323 2844 6237
14377 801 867 4971 4699 6150 409 1472 5476 102 6568 6803 5295 4454 4399 1575
13902 801 5137 2492 4707 1772 3560 107
7093 801 6523 2023 4260 6881 536
5309 801 297 599 1413 3674
1125 801 6383 4192 6057
19433 801 3103 334 721
8565 801 2346 6902 1631 2100 6086 2457 3366 3595 2536 452 5298 1172 1371 3763 5168 4405 5604 103 1575 736 1391
17684 801 4291 871 2172 614 1596 2594 1148 7003 2855 6188 3288 229 1434 6844 2142 1133 2101 3855 2927 6022 3941 3746
7147 801 4150 1775 1228 4910 785 2208 5027 3272
13397 801 1402 1020 2677 2636
124 801 4161 5762 3792 3072
12764 801 2825 2731 1440
8018 801 6660 348 4847
10519 801 3084 1698 4777 301 3380
12117 801 3612 1858 5108 5353 6746 2023 2453 4745
11616 801 5724 1856 50 6213 1996
18176 801 4313 3720 3254 2403 1489 5735 2294 5350 6635 4718 5725 3580
15635 801 6872 5508 6676 6208 2062 1647
12913 801 5256 5904 7003 6371 1546 3461
8536 801 1299 2758 4048 1917 3147
6756 801 7030 871 2169 5353 3626 904 5547 599
14812 801 799 3439 3949 1085
16488 801 141 4830 5378 540
830 801 5579 2831 2589 2956 3632
709 801 2624 6814 3563
15836 801 5983 5137 5072 3419 707 6352 5108 2296 4235 5353 766 3552 2651 6746 3536 3288 196 6681 1405 6463 2927 192 4689 907 4557 1857
9995 801 1528 3860 4777 5560 6878
1967 801 3232 5977 4387 3983 4120
11156 801 4313 1359 5108 3079 6546 950 6348 4470 3288 6511 2049 1375 5147
16076 801 4217 1420 3408 1622
2244 801 4289 3543 1427 1187 4601 4053 1451 6894
5668 801 1587 2994 2628
5070 801 4253 5918 5896 6269
16679 6656 5203 928 1916 4291 3850 3450 6188 4398 4524
17311 6656 6313 6762 2639 6545
9676 5602 819 4825 6523 4540
15186 5602 1604 5879 1587 1723
1452 5602 2926 78 4253 2024 2251
8407 5602 2788 5286 5977
6117 5602 791 3368 1413 2910
2040 1731 3486 2100 4251 2536 4156 4245
16063 1731 2548 6902 4161 4381 1260 4578 6928 3155 2519
12559 1731 2779 4022 1199
9295 392 6660 4234 1217
9509 392 1872 978 212
10179 392 1946 491 4903 3532 1429 3405 498 835
15513 392 2145 1323 871 1913
15717 392 2502 35 2504 2248 5448 894 3759
18582 392 5542 96 5845 2412
7217 392 3174 3768 670 3463
15598 392 860 3174 2023 1565 4949 2872 877 3243
287 392 6053 665 2992
12534 645 871 5916 339 6561 6987 3523 172
6474 645 4462 2305 4611 4170
18547 645 1491 3239 5108 4754 978 5350 6746 1676 5099 162 5348
3448 645 4742 3019 2980 2320 2101
16840 645 3486 871 1631 4777 3742 1671 2023 3248 6511
8241 645 3815 2629 3818 2392 6195 911 2528 6977 1891 6942 736 4055 1038 2801
13892 645 5203 6902 2868 5597 3514 211 6370
15024 645 5655 3763 942 6929
9511 645 3631 4777 2647 6931 956 4662 920 4611 918 2025 338 2651 80 5350 4148 1451 3234 5171
14284 645 2590 6150 6086 184 2459 6309 2835 4148
7763 645 6217 518 4373 6759
4816 645 4364 5164 5821 1511 2488 2927 88
6504 645 610 2980 3776 3536 513 6291 741
16505 645 6719 5137 1759 4107 5509 4397 3836 871 1387 320 1157 4108 3239 3098 3479 4742 6589 2457 639 1010 4520 1535 5353 760 3062 395 4341 1229 3364 4123 2992 3902 6746 5639 3356 6278 6371 2664 1776 1407 4463 3034 1481 6124 6098 2625 6520 3272 3599 3630 6598 628 6213 6892 564 4101 1832 6285 6417 139 3374 4285 2445 1302 6509 4663 2801
387 645 2502 3733 1611 5511 3114 6021 1553
4775 645 2583 1674 3264 5197 3963 2022 6981 1442
13028 1620 6934 4851 5896 3038 1260 6785 3010 3532 1149
3415 1620 3016 3127 3587 2850 2985
12277 1620 1304 6588 2617 1703 2311 5850 6511 5769
10238 1620 3818 445 2850 5310 821
2636 1620 4313 6542 3486 1006 6730 1916 1587 3127 6915 344 5383 518
12784 860 2057 2403 411 4023 6546 47 5526 6371 1434 4921 3924 1353
4158 860 5208 2233 3429 6692 1930 703 3288 6391
8798 860 6356 3594 829 940
2339 860 3475 5 2788 2024
17871 860 4313 4777 4558 5151 3450 2176 481
2659 860 3819 6150 2914 943 1923 2826 5000
12689 860 3841 908 1916 4002 2169 1868 1491 5818 6468 5815 1283 1532 2831 1950 799 248 4832 3221 2868 1804 6274 3730 956 3346 5923 4876 2980 4468 3645 706 2957 5559 2609 2026 6844
16906 860 2701 1316 1535 7003 1653 1816
3902 860 3612 1048 6380 6555
8846 860 1863 4161 679 6442 5012 769
15883 860 871 2106 3576 3392
8056 860 1897 1930 1888 6777 5681
8602 860 3815 2619 4180 3319 2636
11305 860 5945 1913 5997 3193
10196 860 5137 2829 1489 6785 1679 5387 106 2960 2483 3572
9779 860 2097 4096 2502 1868 6915 3327 5353 1300 665 5746
104 860 707 1234
17934 860 430 2195 4859 1020 3516 3003 3114 3755 192
8216 7030 871 91 698 2452
17936 7030 3781 1434 6681 2742 4852
2057 7030 6605 2013 3193 3632
8507 7030 4291 1283 3071 4235 6436
12152 7030 3718 5995 6429 1804 6618 1679 3626 6314 4491 4993 4948 432 2980 3536 4965 4119 2208 348 5938 2628 2137 1252
3787 7030 500 2192 6155 1393
15775 7030 6824 1808 1110 5168
15167 7030 6730 2309 4811 2108 2502 3819 6150 4722 6785 1729 4825 3075 5252 3626 6383 665 1389 3902 6746 261 1167 792 324 4170
10220 7030 5353 141 1708
16231 7030 2351 4777 3727 5088 5350 2940 1149 3055 322 777
6780 7030 6746 3257 6511 6828 2531
12967 7030 3486 3587 2527 2457 5353 4374 1624 2315 2957 5521 6844
11130 7030 6184 5879 3423
8859 7030 2122 1890 2096
1069 7030 3480 6973 1553 1141
3786 7030 867 4156 47 6568 4930 2870 6499 6463
2335 7030 5152 6882 1732 6511 2483 1575
1903 7030 3823 3505 4830 4728 978 2957 3356 5728 2961 6925 2062 5773 6165
12010 7030 5677 5286 4940 2980 1407 2208 2927
10573 7030 3239 3444 2927 2875
1880 7030 6414 2829 362 4876 4227 4817
9095 7030 4375 512 4790
7668 7030 3742 5316 3224
6067 7030 4405 277 2863
4642 7030 2097 4699 3554 6442 2507 2574
11472 7030 1419 5503 338 4405 5979
3098 7030 498 235 4689
16368 7030 983 30 5243 908 5286 809 2604 4846 7016 3248 5613 1167 5575
5190 7030 2268 2467 4293 3587
18687 7030 3363 3543 4630
6745 7030 3278 4006 3870 5874
17758 7030 6777 2044 5610 1444 1799
9062 7030 2108 1203 315 3354 1986 4277
11590 7030 4662 586 3155 2767 6212 5348
8614 7030 2502 708 164 6882 6878 6237 4771
12237 7030 5802 58 4163 1723 6171 175
4517 7030 3836 2477 4161 1200 1508
18971 7030 2502 411 2728 5522 6368 5118 2239 4994
14291 7030 2025 2413 3144 2978 2371
8081 7030 5240 5547 2101 2453
15788 7030 4879 3966 1676 948 6409 3031 3632
11514 7030 6591 5579 2147 4807 3514 2942 3064 5354
12809 7030 2832 5501 6252 5581 2957 2137
16657 7030 3612 3663 5522
14093 7030 6730 2502 3721 586 6505 4682 6511
17929 7030 3536 2298 3147 5795 3903
9005 7030 4457 4622 4313 6184 78 4293 6821 2482 3270
5905 7030 1471 3819 1260 4868 4830 289
17941 7030 871 3429 1868 1387 5925 6323 5679
13774 7030 6032 309 2701 5454 2634 3949 3403 6721 6746 6151 540 1089 6454
9460 7030 1916 2509 6583
3350 7030 6934 2309 5286 809 4384 1698 4928 6785 2886 307 1020 674 6746 3356 6388 3260 3938 5199 1676 2791 925 1553 6027 777 5002
3731 7030 5083 4611 3737
19181 7030 1897 2619 6468 810 3123 1260 5794 1912 5549 2992 4405 5012 678 5729
2558 7030 1631 307 6511 241
14030 7030 1304 6511
17831 7030 1499 1587 4754 3480 2930
4229 7030 3486 1072 1535 1166 6102 4758 1559 6681
11010 7030 639 3595 2323 4670
10638 7030 424 2374 4342 3703 22 5273 1529 1064 3134
1966 7030 6223 4590 4164 6763 50
12383 7030 5538 1966 5821 1489 4885 3356 3597 1676 280
50 7030 4242 1913 2638
16723 7030 2351 3402 2248 6442
5945 7030 5208 1489 964 2413 359
14292 7030 4898 1698 6763 5869 5295 1021 433 1895 4478 889 5555 5922
3188 7030 1587 5104 978 4305
2167 7030 5108 5074 6721
17872 7030 2099 3849 2101 2761
3130 7030 630 1225
13646 7030 1631 743 6388 2263 5178
6160 7030 4457 4622 5428 1358 173 5342 4323
1321 7030 978 3017 6914
8724 7030 3730 2025 586
4064 7030 2346 1397 3853 4918 5353 2414
9178 7030 3429 764 1671 1818 480 6568 2980 1067
634 7030 5164 1491 1304 1532 799 4722 6662 92
17988 7030 1023 1916 6902 3870 4156 5103 4611 4830 1374 3272
7663 4756 6805 2351 4811 5765 1938 1489 1373 3683 2294 3368 3454
18106 4756 4867 4381 4590 6866 3023 2559
1956 4756 2502 1876 4694 5316
13471 4756 5866 3777
10649 4756 6063 2748 4478
11161 4756 3791 799 999 3439 4825
10993 4756 775 4384 1061 5995 1491 3183 3587 5061 1060 2634 799 6923 4198 104 1562 5353 253 1839 2288 2838 3683 3626 1480 3385 3240 5515 6348 6882 5350 6746 2023 3356 1823 3597 3782 1776 6545 1405 6208 3392 6610 2761 6894
16105 4756 5056 919 4811 2922 1868 1102 6368 4918 3730 4825 2451 6843 1639 586 5781 3737 2844 4994 1133 6602 2696
13770 4756 1061 5408 850 6999
5688 4756 3700 4811 6430 2502 1312 104 5866 6307
794 4756 4811 2465 5905 6718
3261 4756 4426 5353 2023
5191 4756 4811 4291 6677 6442
16913 4756 4438 6436 2970
4914 4756 1709 6681 3170
15012 4756 4699 5252 211 4491 126 5565 1799 2675
14174 4756 1489 3071 1534 6027 769 715 4143
12615 4756 6785 440 6443
2181 4756 1749 2050
6390 4756 5628 2264 383 2864 3290 758
11976 4756 6917 1858 2064 5945 5256 2565 6647
3802 4756 210 5489 6498 5152 2305
8429 4756 3926 5021 769
12153 4756 2502 1304 5778 3368
9454 4756 1360 5107 5353
9027 6487 2110 5428
9803 6487 3355
4121 6917 3253 4096
10415 6917 5049 2758 4048 726 6571
5282 6917 1431 6133 5129 1339 1020 4048 6981
12452 6917 2624 6217 2977 211 4924
11732 6917 349 871 2603 2239 4957
13998 6917 2150 6491 3408 2614
13739 6917 4257 6785 3052 2994 1627 3293
16683 6917 3700 716 3016 4738 682 5735
18192 6917 5871 1459 5962 1679 2372 4341 4157 2126 6147 192
5146 6917 2502 5821 2906 339 1166 6721 6442 4525 6930
12905 5109 6719 2151 4777 473 2100 5353 3522 6721 3902 2101 6130
3495 5109 1499 4590 362 2469 1042 5316
15678 5109 2829 5663 91 512
5542 5109 4115 4611 3530 2498 5468
17205 5109 6660 3522 3960 524
976 1146 2009 193 3486 4654 2864
5928 5438 6217 871 3439 4025 2636 6750 6576
17079 5438 4188 1304 6214 3983 4633 3552 1556 6878 3406 3737 1697 4478 2514
8976 5438 3863 4163 4953 6513
7805 5438 5203 6184 935 2470
9993 608 6184 6991 6821 173 4475
15870 580 7014 4264 1978
5327 580 6934 6933 4825 5087 4148 1405
10042 580 3245 943 3979 229 3470 406 2126 935
464 580 3821 3523 952 3868
15437 580 3700 1175 3660 706 6083 1234
1918 580 1256 5932 2590 2940
11772 580 6868 2569 6721 4284 1621 6939 4632
5524 580 2689 2010 5931 3180 5113 1151
8210 580 3486 4161 6868 6150 4694 3676 4993 5474
3140 580 2296 6376 2814 3408 2758 2577 2356
16802 580 2907 871 4014 4118 2758
11934 580 3429 6784 4267 5108 911 5316 3530 5468 2811 3685 1241 6584 5070 328 6084
8043 580 2945 3486 3587 5390 3634 3004 3218 5123 6423
6747 580 309 5509 3587 2099 4874 4705
17548 580 5124 6124 935 114 1046 5444 6788 4660 4628 4041 1125 2674 2817
4419 2163 258 893 4716 309 5879 4841 4508
11944 2163 4622 4163
8990 6236 5581 2421 2791 2815 769 6556
17467 6236 4707 5821 799 4910 2883 4701 235 2101 3469 5015 6509
10320 6236 5821 3239 6436 5353 4446 3011 63 2665 978 6681 3095 1898 6600 3649
9642 6236 5164 3852 1203 567 4079 411 164 1468 6355 4830 6763 5652 3842 3377 3713 3745 1737 726 229 5829
12582 6236 1264 473 1339 3109 6536 3729 4962 3636 4710
7520 6236 430 799 210 307
11543 6236 3851 945 4590 5579 790 5323 1489 6785 2968 2992 2927
9932 6236 2832 785 3371 1479
17539 6236 1946 3111 5666 4865 6937
11883 6236 6934 6730 1499 2351 1587 1010 1729 4830 483 5611 3536 6126 5936 1575 1265 3674 2272 1084 5910 2027
10087 989 112 3258 4772
4607 5006 2726 1937 6591
12487 983 1464 3946
12501 983 5452 4590 5990 6619 3961 1199
806 983 3227 2832 2833 4010
18706 983 58 5648
8546 983 3489 4291 6168 3238 504 4194 639 4970
10408 983 1814 1304 5558 6911 569
12338 983 4787 3271 513 929
4988 983 1486 899 6130
1134 983 5965 3516 3880 1914
8519 983 3911 1556 2927
6587 983 2814 3843 1321 2323
17336 983 2437 1015 1810 6536 1754 3505 5113 1062
2791 983 1937 2067 5869 6746 6162 5691 6654
13370 983 6730 2225 1486 3742 4687 3606 2802 1901 4099
2847 983 3060 1486 5381 2436 2371
11242 983 2814 2459
1641 983 5965 4974 4814 4808 6531 3288 1438
15559 983 2599 2992 4145
18252 983 2829 4976 4161 896
16773 983 3486 6313 1427
9331 983 6184 2351 5164 4777 5765 301 3721 4932 6763 904 3406 2888 1055 5504 2935
17028 983 1759 2502 4108 5121 920 3782 3737
11323 983 3815 3126 1808 4477 4080 4879 4607 6010 1179 1475
8737 983 1981 879
4692 983 5817 2527 5049 2814
19424 983 4161 5904 2791 4747
5141 983 5705 6345 549 3128 5152 2459 5936 4416 929 3259
12418 983 4401 775 724 740 2659 4005 2101 5184 4763
18120 983 2693 2208 879 6557
8605 983 2787 810 1888 1164 5279
13976 983 2979 5965 5290 5545
11691 5320 3736 1479 6309 1832 4670
1755 5320 997 6399 2884 6086 1844 2084 2451 6888 5288
12428 5320 5449 5787 1419 6368 141 4659
11258 5320 5592 799 3060 6108 3350
14557 5320 5802 5208 4622 4313 4786 4253 309
9834 5320 1631 5525 4093 2446 1588
17241 5320 2377 91 25 1032
18960 5320 6655 5168 957 5148 3889
9590 5320 5817 799 7009 5152 6746 3655 5184
13061 5320 5965 3356 6657
8790 5320 2403 847 3980
5261 5320 2110 638 1250 1604 2186 5879 3587
7410 5320 6817 4428
4950 7039 3387 3821 5592 4345 5043 1868 5127 1913
8030 7039 1922 6784 5732 5108 3983 2071 2394 4186 5373 4156 6114 3354
12172 7039 2619 1404
17779 7039 6053 1872 6785 5353 4026 3636 7016 2957 820 3662 852 2338
9910 7039 4426 2980 1058
13417 7039 4611 1955 690 4818
17796 7039 7003 2612 4022 3259
676 7039 1772 4835 1767 6551 799 2642 7008 4611 338 5970 7018 1199 3274
17709 7039 6110 3897 5657 3902
3909 6719 1723 3366 6916
12776 6719 3486 867 2520 1400 6323 952 5266 5271
2493 6719 3038 6589 6678 5674
11798 4457 2437 339 4740 6206 149
6341 4457 5353
10418 4457 3486 1419
2087 4457 2268 6821 3587
7689 4457 2305 2023 6682 2632
4795 4457
3954 4457 999 4846 4478
108 4457 6032 2502 1459 4699 2106 452 382 4156 3155 1065 2957 1434 6844 4893 1575 2208 1413 1252 5444 6555 5858
13671 4457 5705 2473 4351 5449 799 6055 327 3319 6843 4948 3114
3445 4457 3278 2509 1260 3850 5837 4662 6388 2405 6562 2143 6576 2177
1145 4457 4761 4775 3727 6083 5053
801 4457 2502 5821 6383 6721 2860 3106
15181 4457 193 1155 5879
8133 4457 2337 3818 586 2660
5367 4457 5072 3260 4555 3630 3506
2669 4457 1340 6605 5240 4091 3019
3108 4457 6817 774 3084 5579 504 1989 1723 4426 301 3552 5104
12046 4457 2349 411 5108 1585 3406 4148 426 1880
16979 4457 6195 3114 2522 358 3272
15138 4457 6542 5538 2502 3536 4148
7414 4457 6217 2473 418 3532 2980 706 6191
12070 4457 2487 924 6126 3685 2414
16142 4457 4777 164 3727 2026
11812 4457 3172 35 153 2497 642 3951
18020 4457 6383 912 6545 6124 2062 5838 3272 6894
7350 4457 4742 1970 6505 228 5840 892 967 6576
1130 4457 1631 1072 5195 6551 799 2206 3583 6721 3552 1088 1791 6314 3425 4507 4682 1575 879 381 6454
4784 4457 6217 1175 91 4730 3239 1419 6923 1489 6565 6785 3014 1913 5353 2084 5091 5036 3721 6171 5104 6746 3716 3114 1895 4759 2284 2101 4461 792 1883 3855 3349
9857 4457 744 4138
15427 4457 1916 2502 5821 3386 6310 189 6613 5004 2084 68 2871 4048 2389 1436 3613 4432 3792 6870 1033
16031 4457 2010 6536 2084 2459 3737 4148 5985 4970 4332 1701
18847 4457 4047 2390 669 703 2957 1002 6158 2749 930 118
15953 4457 5965 4507 1917 348
3040 4457 2166 2427 2814 6383 3301 6389 5600 5409 6375 4884 1776 2126 4424 6600 3187 5404
18291 4457 4351 5908
17022 4457 3833 512 1419 785 978 3813 5556 1413 6950
18472 4457 2063 6203 2498 5469 5163 2219 4691 1975
17667 4457 2337 5821 2859 4722 6380 6171 2860 6514 6511 5928 2348 5622
8459 4457 1203 5794 1148 3536
18124 4457 3514 3341 4211
12983 4457 5939 3853 2515 611 6176
9897 4457 173 5879 3587
17559 4457 1417 1631 2469 3629 3762
9865 4457 4777 4865
15539 4457 4707 6583 795
14224 4457 1072 5453 1479 3272
16931 4457 4654 4235 1377 4026 338 5795
1812 4457 3486 4827 6854 3478 5021 79
1141 4457 2758 45 2498 2965 4970 203
19298 4457 970 6821 6815 2981 234
3535 4457 3841 3850 4825 5168 1234 2940 1464
9447 4457 6730 1868 2757 5036 3721 5111 3385 6850 6828 2112
2226 4457 63 978 79
4426 4457 6095 411 3428 3391 3260 5070
6768 4457 3486 1772 2166 2403 6679 4742 4885 6484 1266 1556 6030 4710 69 4221 125 4478 5212 334 2136 804 6396
15084 4457 5208 6184 4988 1250 4562 2619
5659 4457 6469 2701 6210 91 1260 6306 1559 2659 6882 3813 6511 3945 5804 6641
4598 4457 2366 1587 5353 2462 524 6746 6844 6464 5356
3635 3879 6184 2926 6821 4253
8114 3475 5353 849 3075 488 4145
15326 3475 4885 480 2871 2459 5781 2863
6018 3475 4451 4050 2753 6885 5219
14107 3475 6086 4720 5463 4336 5838
11813 3475 3979 6742 4185 5166 2889
17580 3475 997 6185 4091 3306 2736
9638 3475 3486 2502 3731 4351 4940 3803
6054 3475 6730 2583 6768 4611
10631 3475 2713 713 3467
18361 3475 867 3897 5508
16927 3475 3823 6238 1148
12589 970 2693 6538 3238 2409 5648
13821 970 4787 5883 4047 2100 4512 3983 6941 4006 6485 5088 571
2661 970 1402 7009 209 1986 5504 96
4444 2290 1360 4096 3223 1848 4291 1972 5732 4438
14427 242 6184 4233
14076 242 4772 91
16167 5203 5286 4161 4777 5600
8722 5203 6730 3897 6594
17746 5203 3038 4940 2953 3310 6043 2133
14965 5203 319 1936 6930 2291 496
4822 5203 5674 40
16262 5203 6660 4235 2770
14903 5203 3210 2308 1252 5664
627 5203 6902 3734 7042
8759 5203 6628 4423 5001
14213 5203 1936 3727 3960
16178 5203 2502 5316 978
1776 5203 2629 5817 137 362 1850 2296 3850 4868 6865 2311 95 3256 4930 3195 3969 3782 5974 4321 3855
11071 5203 6053 6911 3030 3147
14854 5203 5124 1360 972 500 3993
15157 5203 1229 3644 5378 5063 4619
8361 638 4988
9 6934 4951 6669 865 2962
3246 6934 1631 5353 1808 6721 4156 1556 6882 6499 1002 4652
16415 6934 3486 83 1733 6266
14700 6934 1144 338 4478
7891 6934 164 4305 1002 3349 3456
4501 6934 1934 1163 6511 3889
18833 6934 3700 6677 104 4771
5571 6934 4150 1072 288 2026 5679 2882 1575 406 6555
12054 6934 2629 3926 6458 2790 5534 279 4748 3758
5993 6934 5353 2783 1709 6545
4509 6934 2151 2983 6511 5250
2717 6934 6542 3851 6097 553 6043
8311 6934 871 2169 91 6868 4940 3479 794 3733 5735 6785 6380 4340 584 5869 2733 1605 3260 1762 6161 915 2786 2940
2077 6934 1904 63 1058 5691
7765 6934 4811 2502 4590 4699
14775 6934 1937 871 2169 2305 1886 4611 4948 2023 4221 6499 1074 2216 525
17804 6934 4154 60 823
729 6934 1010 4009 2901 1229 4227 1335 2245 6981
14957 6934 3942 7008 3832
11733 6934 2285 1960
3427 6934 5208 3851 4659 6314 996 5070
12498 6934 2757 164 2642 177 4630 4594 2559
4896 6934 179 1868 1679 6442
4531 6934 3631 3926 4291 4188 1304 167 3587 5977 1419 1804 757 6171 2025
16796 6934 2432 2445 1118 1975
5135 6934 1897 885 1304 212 1857 4143
2724 6934 1721 4233 1499 5891 2409 1110
5938 6934 5538 4150 4777 679 6785 5353 5219 3693 2758 2541 2935 2927 5255 4980 1993 777
19012 6934 567 4832 2483 197
65 6934 1015 2246 1727 6530
14278 6934 3486 2629 3084 301 3366 2276
16558 6934 4545 486 2574 5350
11307 6934 669 665 5611 1694 3491 3751
489 6934 6184 6299 554 2790 6984 1088 5808 1482 3513
11404 6934 3700 3308 6692 4334 3701 6436
6809 6934 6412 1228 6763 2577 5350 3607
1677 6934 3232 4050 141
1994 6934 871 3232 1802 4488 5389 5182
8793 6934 3194 2502 3983 2957 820 4463
2083 6934 1507 1913 3187
3538 6934 6309 5229
6467 6934 2926 4291 5912 6314
12450 6934 868 1506 798
13888 6934 91 1930 6368
5875 6934 871 2502 5514 5570
17611 6934 6032 3736 2829 1489 5033 5804 4318 3083
8126 6934 799 3983 1494 4290 1842 730 5362 4165
12828 6934 3736 5997 6511 2360 4853 2927 907
17423 6934 5541 5127 3472 3560
7611 6934 4313 1260 4341 3961 2340 5190
18388 6934 2473 1868 3554 832
10385 6934 1489 2871 6548 6514 4573
657 6934 5353 4830 6273 1243 2317 369 3946
615 6934 6868 6777 6568 2866 1032 6391
18147 6934 4590 6389 1088 5808 978
13246 6934 1728 6886 7017 2161
3087 6934 6184 4179 4730 2457 5648 4722 1496 951 6511 6218 4588
18349 6934 5323 6680 6882 4478
96 6934 146 7020 1556
12530 6934 3752 4226 3386 5142 3983 4564 698 6878 706 3899 4970 2592 5691 1292
16609 6934 6991 867 3983 6291 1942
15086 6934 6843 1585 1758 6981 6488
18689 6934 3540 2716 2685 4939 4745
5853 6934 1679 63 3385 4830 1517 6843 586 3356 6809
1538 6934 5191 3159 3402 1723 5187 1202 2348
10292 6934 4898 6902 5579 5408 2651 5350 4846 1923 6371
7148 6934 5208 411 6785
203 6934 5208 1800 1603
8583 6934 2057 3579 1489 4376
10951 6934 4959 3956 2238 6568 1393 2927 4085 1279 2045
2278 6934 4787 1406 6882 5021
5729 6934 6902 4777 1532 2757 2605 1635
6336 6934 1868 91 3850 3452
17881 6934 503 5033 6818 2474
13458 6934 2366 4161 992 6053 4777 1148 3923 2312 3716 5662 1776 5487 1031 5099 6929 5616 1553 881
8801 6934 3239 4709 6984 4882 3670
12035 6934 2829 4787 4242 1489 1301 4227 5168 2323 2139 2927 3793
8286 6934 2309 2957 2101
6499 6934 6882 4478
373 6934 4758 2372 2568 2054
14740 6934 3587 6155 6947 5621
11564 6934 6817 2502 5467 4830 3349 3469
1396 6934 5802 3512 4188 2502 1041
2071 6934 1587 1304 4050 6095 5353 3492 6746 6212 1133
18246 6934 1868 6785 2980
19420 6934 5871 1304 5868 4742 6923 4832 4235 3721 1727
626 6934 6550 5056 919 5806 5579 5312 6006 1322 6195 6036 5563 114 6190
4260 6934 6032 6542 5896 35 865 6931 6767 1986 4092
359 6934 4433 200 91 3366 339 3057 198 6354 5827
17085 6934 5152 6371
6538 6934 928 1186 1459 3245 6876 807 6930
596 6934 2629 1876 6588 5108 5945 2949 3606 6568 2980 2023 4168 2636 3272
3236 6934 837 6878 3129 5350
17396 6934 3897 3769 5731 2208 781
6191 6934 6628 2010 2639 5996 6204 5184 5126 2453 1302
17209 6934 4233 173 3478 3270 1322
4429 6934 6328 3495 3660 4141 2446 4294 1575 4946
9619 6934 4150 1587 4161 5108 1489 1393 3961 5804 6022 6449 4652 4986
10389 6934 1908 5509
13604 6934 6446 6409 3204 6509
12833 6934 2791 575
4843 6934 5208 4590 3239 607
8460 6934 6789 5778 5104 924 3737
14235 6934 6102 2909
8646 6934 3254 3129 5027
2611 6934 5426 5531 3147
4764 6934 1836 6208 5184 2210
1927 6934 4940 1009 2040 6054 4418 4347
13548 6934 1485 4787 1061 3883 6436
14759 6934 6305 2980 5979 5700 6990
10052 6934 6217 3835 4558 1489 6546 6762 492 1224 6759 5496 6463 4980
16189 6934 2390 6746 4309 3349 2909 930
17134 6934 3486 707 2757 4545 6458 3730 2866
11379 6934 5834 6980 1417 164 5036 3721 4830 4816 5026 3737 1575 4478 6950 2119 3937 4652
1649 6934 647 2395 4876 622 6078 6057
10047 6934 5286 586 3356 332 838 4363 6141
18410 6934 1865 5127 3239 3721 4683
16260 6934 6785 3257 7018
3893 6934 6660 1036 5164 2151 3897 6589 1679 4830 5104 6746 1732 3272 3349 4763 1071 2371
7721 6934 5286 4366 5808
7036 6934 2337 6785 1987 2748 5249 5356 2564 6688
18729 6934 6152 5730 2324 6446
7057 6934 749 91 5868 5784 2980 6511 1627 5033 5847 1074 3036
3746 6934 5762 5950 3398
15769 6934 5137 4096 5693 1868 6915 1009 4846
14832 6934 3486 3227 2814 6071 3174 2980 2023 6560 5027 1409 4332 1432 777
6049 6934 4785 1552 4150 3926 871 1264 6570 4940 1009 3391 3492 5997 74
6934 6934 5411 5168 3669
13776 6934 3429 2701 6785 3902 978 792 6084 6025
8547 6934 1587 3626 4616
4325 6934 5541 6785 455 126
18108 6934 2057 825 3532 6309 2522 6685
7465 6934 2829 6455 3851 3954 1491 2117 4699 6868 1060 1419 3492 6568 2507 3862 5279 4698 2736 3491
7892 6934 6991 1772 809 1203 2636
13787 6934 6034 5353 6721 4156 665 1110 3724 6746 498 2146 6499 3272 6084 2873
12430 6934 1916 2701 4699 6328 923 4832
16100 6934 4960 1319 328
6784 6934 2366 6817 5794 4564 2770 1903 2328 3862
3205 6934 2581 4948 175 704
8333 6934 1587 2100
11187 6934 4202 1818 1229 4454 1606
12077 6934 383 3075
4518 6934 3851 1489 3727 1903 3523 2790
15771 6934 3952 4470 781
9401 6934 1489 6380 856 2595 915
13478 6934 5558 2747 1260 1847
12155 6934 3223 4777 6344 3564 6442 3215 3117
13502 6934 3750 3800 6880 141 4156 298
5231 6934 91 3126 2100 6631 4215 4405 6882 1434
522 6934 4067 6710 3502
12129 6934 490 3727 3515
18509 6934 6386 452 3709 6354 2574 5547 6676 3737 6147 1546
14133 6934 438 5592 6483
10382 6934 1587 5164 1459 307 3727 6721 5168 6568 5728 3229
17764 6934 6032 2629 1587 5896 2859 4350 338 4948
4561 6934 3387 2629 5284 3232 6233 1283 4387 11 4722 2389 2592 5378
3190 6934 4811 4758 6676
1555 6934 411 4885 1645 806
14059 6934 1587 1009 5550 327 1375
13409 6934 5586 6821 4253 6730 18
5429 6934 3486 2337 867 362 1512 2583 6785
16387 6934 3815 2322 3437 6935 5187 4067 5504
4288 6934 4358 3727 3865 279 706
18595 6934 2502 4709 1886 4721 4148
14616 6934 1489 2471 4510 2685
19006 6934 6814 3429 4777
8442 6934 1937 7017 3470 3361
15156 6934 4313 1560 5111 4644
18561 6934 6032 707 6902 2414 3599
15899 6934 774 633 6133 1868 91 7044 611
16495 6934 4115 6894
1721 6934 5219 2651 5215 2101
17244 6934 2366 810 5393
5079 6934 1079 1964 4351 2634 6987 68 3626 3532 6503 4948 2975 6578 6499 1575 6681 162
10909 6934 2351 3819 2659
16748 6934 4682 1676 5178
1842 6934 2619 4707 3926 3814 1304 6599 1560 6100 1729 2980 604 5901 2761 977 4652
10270 6934 5290 872 47 2413 6619
12968 6934 3752 3172 6607 4876
11617 6934 3752 3205 6902 2057 518 5947 3660 106 5033 235 6158 525
15777 6934 4291 5821 2160 3911 7029 4221
9215 6934 3863 1499 1826 3450 978 1005 3157 5679 5389 1434 1119 4806 54 2101 4524 4998
4096 6934 6868 5091 3289 3356
3815 6934 5168 2101 577
8492 6934 6885 5596 203
6977 6934 2377 4825 6882 4481 2716
10840 6934 6902 2063 4777 665 5350
13438 6934 5353 1901 2421 6844 2101 5691 5444 3461
11925 6934 5048 1673 2509 2980 3781 2927
1766 6934 1417 2305 327 1947
9115 6934 3970 6583
2191 6934 285 5494 5270 3257 6371 4445 3342 5683 642
15849 6934 1552 3543 6732 3606 4011 4264 6878 3652 1509
12927 6934 2502 5195 2206 2002 3147
6398 6934 5152 6503 1823
10317 6934 1499 4384 6915 411 1703 1319 241 6610 2927 2143
5 6934 3145 6660 5286 5353 4309
4898 4361 1868 6868 4776 5204 2598
5740 6542 799 4659 1791 1374 6746 649 1393 2927 6424
18150 837 6469 497 6746 4718 6676 5126
17253 1166 3023 6041 6947 3630 817
13861 2829 1723 1504 5928 741
4493 6032 5817 1868 35 4777 2418 4910 5353 785 1172 6777 4658 4605 6568 870 3214 2609 627 4601 6929
9700 2891 5908 2980 4507 6126 3452
11951 3316 4722 3979 2239 3540 4032 3070 5178 5332
19337 2418 2980 1395 2625
7837 3486 4707 1587 1204 3587 307
1527 4313 5806 1489 1535 7003 63 5393 6635 1243 1133 6044 3681 4419
12646 6704 2264 383 5412
12996 6915 5560 1184 1033 2660
8116 3118 2590 339 5722 5794 3869 1427 374 918 6171 338 3904 1024 1752 2023 1962 3781 2731 3782 246 1735 4203 741 642 2761
14307 6336 6832 1110 3781 6446 328 4478 899
7920 2502 4108 1729 2790 4156 2659
13908 2502 1419 4742 4425 662 5174 3813 2710 2436 5929
7468 6915 4235 3742 4317 6568 5547 5171 2699
18777 285 1094 6485 2965 542 3095 3228 3546
9353 2829 4590 2814 47 3354 1795 1743 954 4423 1481 2514 2927 4038
44 3303 6882 852 845
5455 6915 2657 6738 1761 3470
14071 6730 2127 1804 3312 4055 1883
15151 2351 4096 1234 6533
5661 1808 5930 3885 6701
18138 2418 2834 3300 2994 6114
16283 3211 5779
18774 5514 2509 3129 5979 5610 2927 1756
12603 3321 3949 2498
11539 2701 694 3850 1474
18773 5579 1469 1221 3850
18 4313 4811 3926 5353 1679 6630 5850 3356 2699
17691 1015 3852 4091 338 3636 758 6981 6488
14783 2255 3370
13472 4384 5195 3227 4235 4317 3583 2334 1032 3034 3999
15915 5004 2511 6537
10204 2305 338 772
13063 2548 4839 1669 2395 5353 5597 2305 4897 338 3707 4594 6216 5649
1607 4397 3126 2321 2395 5088 5564 5387 3492 6945 5021 3920
16135 1868 3321 2666 1024 1475
4192 3626 5381 5664
8423 4303 1289 5040 2274 4611
15488 91 5868 6721 3740 806 3536 1575 850
10710 2829 3429 1826 3882 2818 172 4423 4892
5678 3489 2151 4430 1532 3850 3428 3075 149 1229
12649 6915 4148
15743 2169 3550 219 2483
19348 4785 488 5682 2909
8600 886 6446 2927 3204
5050 1203 6868 1489 432 4510 2562
8232 2337 35 6119 2192 3268 6336 1676
14531 6260 1304 956
16969 2829 2377 6591 2814 2395 6785 2020 5350 870 2940
5052 2052 999 3452 4408 6499 3272 5555 3349
3678 3863 2775 1280 4291 5579 2814 6721 2305 2459 7021 6530 45 6083 3003 1241 6208 637 2514
3801 3159 5048 1872 4462 6910 5504 1481 2940 1832
8834 3721 2528 583
18109 271 5440 6826
16192 2351 1486 6442 4575 47 3826 5204 4760 900 5901 5349 2544 6147
9948 4425 2642 2461 2305 586 4298 65 6756
15764 309 2246 285 3328 4814 2984 6150 411 2722 2372 400 978 6407 4148 1434 2101 4277 2927
5821 5802 5818 5852 1804 2461
11245 6335 4235 1365
13136 5965 1913 307 918 1110 1458 4155
8503 627 5406
9782 3316 4590 3439 3716 162 5178 4285
2066 5059 6072 6494 2430
9306 3084 5048 4807 6410 5004 3557 4156
2241 3275 894 1338 4168
14186 4777 1902 5247 1603 4210
962 1673 2068 3733 4156 4948
14385 3486 992 6370 3354 4221 3114 2870 627
9260 5107 5579 4473 2700 2305 2901 1550 4227 4705 3454 5204 6004 3538 5563 4510 2685 1215
5550 5208 336 1587 3908 2052 1041 3366 665 2026 5012 5178 1074 3116
14571 6414 5048 5999 1572 575
12187 6414 6184 3815 2351 212 1149 4053
11866 6414 4384 6721 4723 3588 6057 3578
14169 6414 5286 5048 810 3439 2700 6721 3341 6242 5204 6275 1880
14671 6414 6184 6821 67 4062 6505
9332 6414 3863 6299 5401 4837 4145 1591 5997 4478 3393
10752 6414 4313 3104 6183 2100 6607 3523 4308 6882 3781 3716 2870 2037 826 3187
1208 6414 6817 3084 1359 5529 2322 1698 3819 1283 1378 5489 4387 1322 3532 2156
4335 6414 2922 1015 1868 1491 35 1631 2476 6097 2814 4145 4795 246 1575 5225 826 3937
12531 6414 290 4405 4641 2897 6083
2708 6414 6039 3356 3749
11182 6414 1872 1826 5910
15407 6414 4940 5353 894 2791
18482 6414 3631 3205 4096 6479 2169 1459 2057 4242 6310 5129 3791 411 6551 5278 1469 2457 446 2581 253 6772 3626 6383 6380 4611 5827 2389 4205 6309 6872 978 486 3745 243 2013 5841 5979 858 1405 6124 2414 4636 607 4101 3193 2858 2930 6993 2822 5331 2714 6115 1945 3496 3578 4949 2439 5567 877 3243 6957
5760 6414 6196 4428 560 270
1771 6414 6184 2323
7502 6414 6184 2469 4940 1900 7003 1450 6986 4697 4992
3760 6414 503 285 412 5232 2992 6882 2542 4930 6533 899 657
11364 6414 3112 1260 3536 3737 2118 3031
246 6414 3091 6631 4832 4464 2208 2514
11881 6414 6184 5191 4188 4777 799 6405 80 1040
5381 6414 4175 1559 6986 2798 4970 4762 829 3250
7939 6414 2502 362 4866 6721 1660 5563 2612 5928 6145
6352 6414 3956 1441 1366 5501 3425
8238 6414 3693 3523 6665
4562 6414 4787 2871 950 6882 6083 1575 5683 3868
16797 6414 1915 4066 4810 3759 3713 5423 6137
1783 6414 83 6491 5916 6793 4722 5252 4816 6341
4624 6414 1417 5936 952
10612 6414 6184 5502 6299 2683 1860
8655 6414 1749 3428 6112 4281 5387 3561 5197 2512 4592 4632 4594 2876 1575 6488 1291 2654 3134 4818
17435 6414 3841 4787 2847 4226 3331 2728 4846 3597 5728 1162
8920 6414 518 799 3543 1671 2899 4714
7940 6414 1868 5821 1479 6568
6630 6414 5137 104 1535 2825 80 5140 1948 4478
4573 6414 6184 2368 6692 5142 4837 808 2023 1732 4936 604 3413 4461 3272 2927 426 1498
13281 6414 1966 3278 3790 755 3272 3393 6216 5015
16040 6414 2082 4161
16900 6414 314 6777 238
6009 6414 4313 2309 362 2508 2634 5511 3626 4687 4791
1905 6414 6511 6011 5619
16022 6414 35 6511
4550 6414 3736 794 4235 4740 6485
10841 6414 210 4198 1401 3599
9600 6414 1126 1339 6520
5155 6414 6184 1872 6882 4817 3540
11811 1092 6368 2871 5104 6041
13382 2726 2773 5586 3258 893
1218 2726 91 5187 5353 5088 6067
11447 6259 2773 2926 893 6821 3478
13835 5802 2268 5428 2794
2765 5802 2583 5247 2710
8645 5802 6032 5514 2269 2483 4037 1646
12864 5802 5852 5549 4662 2338 5130 6511 2791
716 5802 5375 5818 4351 2363
3102 5802 5529 6970 5353 2372 6145
8378 5802 5818 5852 5783 6357
3706 5802 3727 3523
14217 5802 1260 6568 4723 1405 544 155 3808 3885
12480 5802 6730 3647 5449 4067 6195 3552 4862
11160 5802 6792 1804 943 1110 6083 6126 2208 6027 1857
4159 5802 2523 5247 1708 2324 5197 2798 6514 2844
1216 1324 1587 734 3870 338 5553 3117
4257 1324 4188 5503 665 5639
6075 1324 2629 1885 1674 3094 6188 2101
5988 1324 3489 2814 3809 1679 3597 2208 2927 936
5154 1324 1528 1539 5072 956 2992 6568
9120 1324 4293 6045 3038
4832 1324 3718 5817 1202 3319 5547 2168 2927
208 1324 4622 6094 3618
9860 1324 1532 1804 2461
13149 1324 956 6882
17895 3486 809 1304 561 2370 3727 6768 4210
19075 2502 4303 2583 2084 3314 5515 7021 924 4298 690
14998 3819 698 1341 3430 1799
18268 1826 1556 297 1799
11658 1246 4730 5292 1631 5390 6235 3653 1996
6925 4161 4599 4722 5353 5743 1901 372
6910 4188 293 1230 35 1631 1319 960 1996 4353 1701
10159 636 1359 4188 4062 4561 610
12979 3547 4267 2509 307 1708 2026 5979 2870 6446 2940 2514 2761 79
1332 4188 5720 1304 3819 799 174 3365 1913 5904 5715 2035 3774
6378 2916 4182 3227 2618 4985 5547 1756
7424 2057 5945 2023 106
12391 2619 1402 4730 3303 760 43 5311 1052 2957 4151
14401 4381 5373 5743 4507 6951
1858 1359 179 3278 6368 6725 4154 2639 2542 1958 5575 3868
6109 4426 4885 6195 1585 3354 2660 1252
14741 3612 3135 799
1636 3044 2161 1913
4653 4996 2829 5452 1144 945 3038 3983 1535 1913 2507 4454 5600 2026 4148 2960 7004 1880 4880 457
13006 3530 5197 249 2876 3717 6237 2632 6488 3632
11565 4462 6581 5621
15267 2451 1032 5769
33 6902 4816 2980 2312 5887
8681 3098 610 912 3246
12517 3278 6568 2913 5504
12371 3486 1126 503 871 1304 3624 5323 6332 3595 1192 3737
17088 4002 4291 4188 1304 35 2787 6368 4825 1148 3342 960 334 6896
14159 67 6902 2504 3279 6436 3180 1374 1621 6188 3574 110 6499 5131
2068 2797 871 2151 1339 3850
9762 6921 4437 1691
8592 4291 4777 2925 5401 87 3514 6442 6171 725 5936 5569 5063 4493 4669
2494 5635 4188 2502 363 2977
19275 753 6807 803 1847
17002 6003 6150 1473 4148 2960
16782 1981 327 4156 4366 6919 1556 2459 74 2101 4992 151
5358 160 6704 972 182
16611 4777 4140 5111 2305 6379 2405 6511 2632 6972 3292 3393 5505
6903 4291 6915 6233 1792 1450
6905 2268 4716 837 6733 1848 2701
10313 2502 3979 6843 4148 1129
9064 4384 5142 3408 2084 4682 3674
11838 91 2166 1621 4221
5106 3253 1099 1846 3034 3383
6799 1106 3815 4096 5965 6868 898 4832 3983 832 4859 6618 3710 4491 3444 6759 575 6424
9216 3123 6548
14412 5817 3853 3819 442 5753
16937 2351 6210 6915 3104 4777 2010 1589 5184
17439 1554 2502
9173 3523 2049 813
19125 35 2056 6114 5725 2664
6800 4777 3590 5219 978 5850 1895 2935 4357 2927 4176
16534 3084 633 156 1936
12641 7016 3644 289
12858 1360 2366 4707 1825 3451 2354 4758 3351 4970 6759
10583 6507 1512 2296 1229 229 5277 5063 3632 2154
14579 837 3138 2473 1417
16612 4730 679 6785 4830 3763
6575 3044 6462 3968
3591 5036 6768 2813
3334 3686 2309 2337 4761 285 320 4699 3439 3516 4355
11112 2520 4303 2583
7979 4580 3277 7020 3772
12600 4472 5056 4161 5194
17468 3253 3554 45
10837 1759 2619 2151 1076 556 376
154 6744 2758 5850 5025
16306 5142 5489 6721 482 6442 3024 6578 6511
13282 871 424 2390 6333 5794 2374 2511 6721 1405 3799
3703 362 6619 3504 6743 3644
15531 5164 1711 6635 4478 1303 6874
16366 5558 2673 4135 2722 3742 742
14116 6840 911 1542 6398
1779 4034 4291 1304 2040 5480
5879 1723 3564 3115 6314 798
16024 2100 5353
18925 6980 6274 4810 5105
13773 6817 3819 6442 6500 5889 3192
15037 3486 3360 4175 5217 5044 650
10475 2377 6579 5514 2527 3561 1149
2928 6622 3851 2656 81 4387 2758 6687
8245 2169 362 1299 4859 1148 5311 4846 1119 1627
6697 1255 3479 679
16856 6784 4587 2884 904 6635 6083 5936 2203 1458 2308 3147
8502 2268 534 5752 3495 4350 1074 2927 2761 2453 4939
1312 2268 5048 3445 4587 2509 141 2497 4846 5691
10422 2268 6991 5879
6713 2268 1210 156 1723 6442
15343 2268 4234 1491 5646 1763
13110 2268 2773 1293 3038 4978
18652 2268 2629 6854 1359 992 2172
14687 4622 1337 1293 1250 2186
4660 5 4293 6074
14318 6184 1604 3587
4234 1631 1511 4230 141 3214 6454
15663 2337 5821 2791 2076
18636 5353 141 4932 3960 640 887 5731 3430 4682 5166 3295 3114 6754
17701 2829 3232 702 3564
6180 2502 2115 6531
11438 2829 6886 2502 6824 4148 1676 792 5225 485
16801 3328 339 2989 2004
11792 3030 3311 6512
6339 6730 1175 5579 4777 2728
13594 4988 6991 2800 5879 3478
19030 2366 4841 4135
8977 873 1550
597 1872 3902 6767 6746 3356 2026
6267 293 1868 2590 6313 5325 2980 5633 7037 1458 2927 4043
16521 867 1916 6166 1489 3439 2323 2822
5758 4706 3464 5428
2665 1868 6500 1624 706
8253 687 1916 1061 3104 141 128 6647
10335 2366 1587 1989 3217
16120 78 6902 2172 5453 153 4510
4297 1485 4291 4435 1631 5732 905 339 326 5793 2547 2565 918 2328 6939 7022 505 6235 5725
9462 3385 6777 1883
14906 6730 4150 1489 4235 815 6568 6925
16907 4253 2024
12119 1868 6269 3574 2436
12759 6184 4373 2210 1074
14067 2390 5323 4830 1517 6746
5585 4188 2502 6915 3104 4777 5152 3727 6195 6171 2992 6568 6878 2574
8760 3387 4786 5965 4749 1491 4742
6241 2366 3926 1868 1966 4050 3239 6678 2638 138 2889
16988 1972 4223 6760 3960
13992 3612 2502 1618 5107 4381 6868 810 3279 6368 300 6785 3109 1839
2380 6902 4050 3366 6882
16123 5912 4885
10246 6095 540 1355
4117 707 4777 1660 2483 5643
6301 2473 3429 1868 6876
17992 4313 2829 4761 6455 6902 2502 1868 4351 4742 1489 4235 6785 1535 1579 6746 820 2026 1407 4463 929 6849 3147 6598 4419 3705 4285 2822 5826 3496 6105 2422 1498 3669 6190
12231 5958 1989
15863 6817 5732 1260 237 6171 2328 3794 2818
417 2502 1304 3239 1535 5053
2088 4050 3227 3540 2101 2927
11775 6902 2502 2701 5579 3819 4108 5108 6762 5232 3385 6843 3074 610 6293 6388 4760 5557 1149 6559 929 2661 5402
17371 5208 4188 1868 1304 91 6546 2980 6804
17338 4515 2005 2025
11513 5154 5879 2359
15000 1905 2346 4777 6034 1881 1818 3165 3574 4005 4148 2870 5378
1770 2773 4772
6531 6455 6210 5929 4517
927 4991 422 6465 1808 3289
6421 1908 3486 3618 5312 4048 2472
18662 6730 5286 3278 810 6380 6171 3354 2323 1676 627 3630
2484 5086 4253 2366
19381 4922 6217 5111
5994 6184 4253
19137 5094 1491 790 6785 3949 4825 5581 4846 3040 6388 1588
19430 4226 6876 850 2780
5708 3815 2337 5830 1868 5821 1631 1532 4216 6785 4900 5353 4874 2980 6746 5682 1776 3540 1676 1243 792 1951
15807 5630 5732 4633 3882 3865
1731 78 1293 6821 4359
3345 91 1834 6878 297 3356 2101 3572
2649 6660 3183 6095 5353 5755 6486 2101
2151 809 794 2395 6485 515 6644 5545
1627 5522 3005 307 3019 80 6964 2685
15661 716 5648 339 4431
12810 1757
5203 6730 3370 575 5211 5406
12883 2773 2024
17478 1937 6591
15944 4107 4950 3922 1808 3776 5504 1405 2062
580 2629 6368 1629 162
6513 2395 1836 1434 6576
14856 6817 2989 4026 1808 6343 4306
9016 5939 4291 3352 918 2025 1708
14306 1304 1019 1489 4630 1619
8147 2773 4253 6805 992 4303 2469 2583 5435 327 4611 338 7021 939 1120
17801 3278 4590 1761 6746 3599 3947 5734
5696 4950 1203
12016 6915 2349 4599 2803 2305 4830 365 3356 4075 5385
6646 6455 164 6174
10193 707 6210 3662 4478 5874 3259
13765 6785 569 792 4170
6313 1868 5068 2757 1069 4825
7185 2150 293 1723 3564 3997 5373 492 2026 5647
11271 6915 2100 5913 4816
4840 4777 1339 4709 4341 4227 872 1917
15884 309 1471 4070
11814 1280 5048 2728 3356 5767 1898
2490 5579 5476 3185 3399
9112 3489 5164 5286 1491 1304 5821 3897 6789 3227 5108 4742 4928 1913 2536 4876 1703 6777 3152 432 2980 978 6635 498 2239 3260 5516 2044 1895 1948 5266 2101 1883 6889
1643 305 6801 893 4772 6821 1250 173 5879
14015 6184 1868 5579 4777 2161 5904 3590 6114 4423
10514 2794 4293 1257
18538 3819 1676 1209 213
19310 1479 978 4846
19189 5983 466 4253
9211 6660 4007 1017 850
4588 4293
14438 3851 1489 4832 2573 6377 2625 5160
3709 1916 5977 3791 6185 2906
16004 3718 4227 1178 5352 4682 2774
537 2619 2074
3875 6032 4728 6126 2741 1766 1993
185 5317 1916 6481 4161 1304 141 5715 4830
6391 75 1539 1304 3038 6310 4599 6193 3057 1003 3651 5087 2372 918 935
7654 4988 3486 6513
1131 91 1574 4832 5036 3721 1556 6850 5212
4163 908 5965 4281 3729 505 952 5184 4321 2135
7142 2523 5168 6882 5204 79
13513 2097 1772 1872 5424 3215 6511 6237
18016 3278 189 1366 1373
4569 6469 1491 1459 6505 2957
8209 3486 2502 6210 3587 2590 4777 5256 6458 3693 4095 6746 2204 1151 1743 5863 2759 6545 2101
13189 1916 4590 508 1950 5108 1130
1007 3841 1149 544 1498
6143 1173 6184 1293 5007 309 234 116 4758
12974 3486 5164 3278 1260 5722 2010 4343 2448
368 3579 326 2980 6463
470 4212 5056 424 6760 576 3455 5316 5563 4461 2073
19175 4257 4188 6166 765 4807 3791 3742 4118 4903 4156 4830 2218 3003 3406 5788 5341
18407 2366 3279 799 2823 1679 6014 4175 3457
16253 3262 230 2502 1367 411 6785 3094 3708 4305 2612 6951 5212 4461 4054
11748 4622 937
19247 4234 4905 4148 2960 6010
652 659 4742 2832 2565
12002 4188 2814 955 5810 5576 3377 3783
11758 5541 3486 5164 5059 4381 6053 6352 411 3850 5040 1913 6546 3825 480 6442 6878 978 3813 3356 5633 3597 3716 1676 615 2073 3491 6298 6638 4170 2873
3290 6455 2418 3514
9788 5999 3902 3114 507
6868 5031 2541 5804 5691 2326
9535 6980 3595 6785
12143 1110 4148 3540 930
17181 4313 2596 4742 2390 4558 4387 1053 5904 3523 128 978 6619 3813 3398 3782
1457 2322 2447 5226 6568 6188 3147
10539 2169 6785 141 4148 792 2766
9458 3385 5168 6616 1901 2101 6069 2216
11992 4599 3468 1886 5669 5727 3913 3640 471
11538 6013 5186 3038 3710
15271 809 1868
18249 5208 2916 1304 567 5108 2728 568 1088 4029 5623 5936 4893 5610
2400 336 2169 6034 2987 1489 5397 61 63 6762 6568 2202 3611
3463 2110 3486 1257
13932 6469 1491 362 6721
18688 5538 6196 1868 5821 1782 1489 2583 6785 395 338 5350 4846 1676
16783 2829 6210 1511 4722 513
3210 309 4742 4846 6377
14768 6133 5353 5083 6530 6388 6146 3829
304 6902 5408 1930 1603 2541 2089 5398 4478 3822 4571
16525 3429 4699 4108 5353 5691
2500 2159 6873 2577 6882 2498 5184 4177 6349
4160 2981 1999 1394 3236
17549 6902 2502 5942 6868 5929 2927
9488 2745 339 4907 7003
1127 4163 6821 5879 2359
9307 2351 908 4599 436 4662 4611 6420 6844 603 2286
7834 160 2922 1472 943 2524 6751 2568
1164 4313 2619 1916 4590 1904 6868 3239 3897 4825 7003 3979 6568 6746 569 5985 6759 1002
10703 4777 5152 5353 3937
8820 3815 309 4787 6915 1203 5168 5199
1980 438 992 4383 4830 6872 5496
6131 438 2879 167 1723 5111 118
18934 438 6692 7008 3574
2797 438 5541 1916 2322
19150 438 4107 1533 2062 935 4220 114 4649 4419 3548 270 1701 609 5434 2445 2873 5444 6509 853 4949 6788 4506 4420 5567 2872 5470 1498 4041 1125 3712 2557 2586
10582 438 893 1404 4002 6481 6532
17847 438 3815 1916 4749
10666 438 2255 1604 6251 3059
12346 6747 4100 3727 6511
6480 6747 4910 3019 4374 4148 5661
8787 6747 6660 4777 5360 5675
10216 6747 1187 3206
4773 6747 4329 4740
17999 6747 5871 5817 6242 4224 1355 6740
2160 6747 3278 3239 4795 2089 481
15111 6747 5164 411 3536 4277
8674 6747 4397 101 6278 2595 3036 3234
9957 6747 6574 6746 2249 644 4170
5108 6747 3430 4682 3143 1691
11469 6747 4364 2502 307 6762 3356
12820 6747 6730 6217 1916 810 2823 2833 2026 1565 6509
19366 6747 5387 5350 3356 5364 4880
12169 5983 3851 1631 189 4630 5783 4771
14130 5983 3851 5129 2823 2594
5534 5983 309 4188 1304 35 4777 6245 6230 3758
13020 5983 3733 2395 3288
16011 5983 1693 2937 2413 2023 6266
9917 5983 4397 871 6631 4235 2891 3314 4648 4843 6888 3758 331 3806 240 6849 3592 1451 5348 5499 5347
2772 5983 5284 2482 4375 4940
5933 5983 2502 4846 4148 5702 2101
15268 5983 5538 1987 2497 4708 1355 6685
7487 5983 6868 847 1895 3234
15252 5983 5353 498 6375 1745
11144 5983 1419 59 4383 3356 5979 2143 2333
13170 5983 1868 164 3452 5940 4458 6999 4818
11386 5983 6762 924 1002 1252
5903 5983 3489 1587 2390 307 2909
10534 5983 5208 4787 6119 3227 4462 5353 297 125 4478
15440 5983 809 1913 47 6882
13243 5983 5137 1916 6902 1698 3239 2469 2728 6565 3997 5606 5104 6635 175 3361 2927 2244 1821
6888 5983 320 2230 5353
13869 5983 6217 2548 4096 5957 1767 2100 141 3522 4825 1808 6195
3841 5983 5208 1729 4284 6446 2927 2143 2453
10901 5983 6455 2502 3227 1403 2328 4744 4177
4415 5983 6730 4303 5956 3326 2583 169 2305 1172 2025 338 3129 2528 6126 2405 2499 2323 1409 2750
12945 5983 6367 2851 3629 5353
14407 5983 5353 6371 5880 2382 6120
8582 5983 3863 2351 3016 5286 6150 3564 4477 4340 3356 5026 125 2208 3272 2685 2927 1524 6396
13066 5983 2502 6868 1535 338 175 2940
13615 5983 6902 5383 2985 6635 5200
4025 5983 2829 1491 1631 2115 4742 639 6785 395 6568 5936 172 3999 2927 2118 2564 6701 2679 3669
12779 5983 3439 5088 6746
5773 5983 2502 6972 50 2143
15069 5983 799 5912 6214 3850 2395 4930 3182
11804 5983 2502 4719 1459 91 5579 2117 4777 3366 6785 5353 956 3626 4156 4211 1676 2903
10880 5983 6583 2459 5462 4846
14047 5983 1175 6469 3850 4235 5353 307 560 2142
5042 5983 1061 2701 614 6095 2886 665 2980 3356
7738 5983 3278 1283 6864 2372
10654 5983 5124 6691 1260 1913 549 3128 6466 3918 4947 332 5378
10783 5205 1877 3715 5113
10477 2502 4161 4375 1723 3424 1763
4194 309 2192 3319
15851 1698 1913 3421 3574 3992 2940
19205 5817 4940 4460 6721 1110 1382 3901 700 4660
9269 3133 6380 6794 5808 3406 1241
6429 362 473 6313 1872 4634 5563 3540 2208
18704 5688 2502 805 4777 5944 4884
17331 4291 5290 4994 3868
14989 639 5508 2562
17907 4188 5558 5672
749 2907 2145 3523 4373
7071 3863 362 702 1111 3835 3697 2105 427 3421 4355 6083
18802 1535 6125 2860 4883 5378
13450 2128 5760 3224 6162
19167 2510 309 947 6210 2161 3882 3532 5928
13662 5056 1853 869 3629 3988 6485
10942 3612 5129 1535
10348 1552 430 5204 4762
5765 1111 5016
18896 4777 1575 6509
7767 3736 6735 362 5837 452 956 5763 153
18969 4814 2590 6691 3239 810 799 1928 1913 1472 4855 7003 6984 918 1088 4830 1556 6635 132 2779 2208 2940 6044 79
5220 1016 973 3479 7044 1097
13416 3486 3103 1671 5184 966
14755 2502 1072 6442 1672 402
6970 1108 1322 4110 6389 5604 3968 4493
10437 1552 6297 3624 3238 4115 3239 6992 165 6380 5226 5232 2459 3369 5215 1057
15256 765 1913 3532 2208
8708 6923 6086 2996 6882 839
10065 3971 2510 1916 3239 2654
18761 3971 5335 4375 17 4102 3516 4166 1917
16426 3971 1814 498 4434 5033
5522 3971 2294 6548 3147 732
5755 3971 3486 6730 6660 3727 395 3523 4876
17664 3971 5977 5449 6785 5036
6967 3971 2473 1802
10423 3971 4161 1489 5648 5678 5841 6892 1606
8409 3148 3391 2074 4682 3422 5555 3193
17065 3148 3486 2629 1937 6591 2745
3681 3148 5915 920 5691 2732
16618 3148 5514 3226 2787 1810 799
16938 3148 1973 4922 6591 91
4504 3148 1728 3288 6138 6213
17148 3148 4188 6857 3346 1653 757
17504 3148 3718 5726 1318 896
3006 3148 5965 5245 3992 1470
4156 3108 3220 2583 2072 1807
9922 3108 6628 2354 3934
13141 3108 6542 1973 2233 1322 1225 5866
10754 3108 6789 1690 2980 1109 3574
1080 5137 4291 6902 2502 5579 4777 4115 810 7002 799 6589 3303 1671 1679 5088 4477 7003 1050 400 1052 5737 5026 110 1434 1032 5504 2844 5803 6545 5610 162 4609 3531
8989 1981 1203 3438 4777 2884 5904 1886 2517 3080 4022
9716 5108 5353 1776 5691 5474
3605 2239 1958 2941
17078 2829 3104 3684 4742 6086 2728 3850 236 6171 1517 1791 1479 1953 1542 4701 2101 4277 3633 6105
15778 6217 1872 4914 4745
17928 1025 3104 1283 3769 5033 2564
526 1922 1587 1818 6309 1436 3937
13427 6331 3644 2119 6541
19067 6730 175 2026 5356 2137
11592 2403 2753 4025 1405
6716 2728 1686 4148 1393 1542 3599 3793 4419
1123 5995 3038 6915 896 4932 3614 2203 5691 1476 4568 4322 273 1128
1346 6032 3316 3614
6588 5720 35 6034 6472 1371 1242 5283
17647 2151 2239 6371 221
1155 3489 3902 5725
9911 1981 2502 5886 5955 5240 5152 2084 3721 2871 5104 827 5679 3206
16236 1868 6868 785 3626 6746 2927
19156 1932 5925 964
5086 2491
14247 1535 6195 2023 2026 1258
7818 6915 4932 3234
14389 4384 5393 4210 3662
10960 3631 6113 5353 1603 3181 3813 3782 6499 5277 6894 3920
4468 590 4758 1861 1229 5473
17798 189 5108 1872 2395 6785 6269 2871 2026 2177
18724 4900
14629 2619 5732 4140 3400 3425
12655 1922 2473 1260 2871 5338 1781
8499 5592 3733 6867
12082 6730 2443 3239 6150 3554 1511 3983 855 4340 3865 6662 360 6766 3613
1954 5511 7014 1484 1405 1074
7398 6604 6946 3385
16591 2337 5579 1228 6865 4461 3599
2296 1587 3791 5393 3080 2146 5728
7340 3718 5407 1203 2248 4661 3227 6076 2509 1913 920 2260 4843 6370 902 4454 5486 5473 6545 2870 387 3829 2988 4747 4493
13970 193 4067 6080 6036 5504 6694
3783 193 3821 6622 2502
1292 1155 4313 1604 2359
8248 1155 937 6821 3587
18112 1155 4576 5069 5879 3120
17172 1155 3517 4620 4160 926 3694 6583
817 2773 5541 434 1604 3840 6730 5509
3694 5814 104 5846 584 4670
15682 5814 4107 5056 1868 3439 1039 2208
12674 5814 6217 200 5637 3408 6619 5350
2566 6032 2829 5168 2497 483 3257 792
8958 6032 6730 3371 658 1668 3968 2679
8182 6032 5187 3569 758
4612 6032 3387 2629 1521 4090 2126
6892 6032 6368 610
18214 6032 6086 3693 4284 219 367
7412 6032 809 411 5168 730
9710 6032 810 4659 3969 4806
677 6032 5407 336 2169 6902 2502 3057 61 5104 586 355 4369 6670 6875 4177 4260 5171 575 2177 5843
14384 6032 1304 3516 3781 1901 4148 203 544
762 6032 3425 4221 5241 3234
8365 6032 4313 3486 2351 6217 1922 3133 2502 4161 2701 3494 5821 4351 5794 6612 1479 2677 3902 162 1134 3234 4980
12361 6032 5821 6203 5033 4531 1303
374 6032 4832 6511 2062
12502 6032 4777 4199 4742 3979 3019 995 1925 5012 5847
17879 6032 885 5646 1668 2297
4285 6032 3429 338 1947
3657 6032 2337 5821 5316 4221 5008 1149 6216 6369 6896 1464
5620 6032 5124 4811 3239 1535 4806 3599 930
4634 6032 2244 4458
6177 6032 5048 1260 6681 341 1219 6105
4955 6032 3445 4009
7903 6032 1417 5925 1119 5930
8584 6032 309 1072 3680 3564 4758 4709 1479
17815 6032 2351 4364 1280 1344 799 6785 5168 903 208
8184 6032 11 1860 2305 4611 3792 1745
18031 6032 4381 2834 3314
14485 6032 5284 1304 1419 2457 3983 2116 1240 4358 6984
1447 6032 6119 4462 2833 4168
2957 6032 5286 6746 6273 3257 5997 6454
6604 6032 679 1761 4930 2483 3136
11082 6032 1587 515 4405 6141
17967 6032 5514 5100 2639 2957 1756
11867 6032 1930 2395 5353 5232 6583 1655 808 3597 5000 5082
13239 6032 3815 3647 6785 3809 1694 4588
3840 6032 6333 3075 5763 3614 6083 2004 540 850
293 6032 2110 2502 4161 4216 5479 268 1085
5020 6032 1904 4426 5353 2677 1434 2480
6695 6032 3239 355 5500
16338 6032 6730 2829 4846 2323 2878
14436 6032 6505 3614 6084 4285
13651 6032 3472 63 6309 506 4275 2927 6476
10012 6032 6217 4150 3851 1304 4730 189 6458 5316 5903 4760 1529 2101 1799 5015 4143
15735 6032 6785 4825 1886 338 1389 5350 2405 4309 6143 324 6509 3578
6284 6032 1874 6589 3439 1787 4018
6417 6032 4626 1870 189 6511
4249 6032 293 5597 5104 930
2731 6032 309 4777 1311 4140 3949 5656 6450 6239 3639 6781 2158 5211
16265 6032 2255 2926 6821 5879
17942 6032 4384 6902 1203 1260 665 2574 879 3580
5595 6032 837 293 3316 5821 5055 5449 799 3569 1479 2668 2541 978 6746 161 934 6377 2073 3469 4054 824
13980 6032 5539 4590 1506 5651 4491 2483 1353 6025 3204
16303 6032 1539 5316 6126 3041
5989 6032 2395 2891
14279 6032 707 5787 3850 4745
16953 6032 4777 411 799 6785 126
12007 6032 4096 6902 5108 152 4599 4460 2670 656 169 2833 3237 2405 3963 2341 1083 4165
11797 6032 1916 4830 1823 3599
7744 6032 3486 5353 4357 6141
12076 6032 3120 3478
16496 6032 5055 3564 669 2659 6529 946 3150 2771
12243 6032 91 5353 3048 3354 6759 5691 426 1880
7247 6032 2457 5353 307 665 338 6829 2497 6746 3356 5162
5947 6032 2617 978 1407 6490
8170 6032 3897 5785 4148 769
7534 6032 454 1872 5904 5316 978 670
3863 6032 3400 1808 2565 1948
851 6032 6184 1868 2068 1295 2665
14684 6032 6730 4564 4846
19159 6032 2172 5108 61 4236
8616 2110 1623 1126 1317 1210
9138 2110 412 6195
19154 2110 1916 6902 3929 765 5657 6746 3862 1676 5399
3772 2110 1868 2172 4777 3227 5330 3514 2372
8558 2110 173 1604 1501
4847 2110 2687 5486 2529
10682 2110 6785 5448 6114 6759 1319
8688 2110 4107 5579 5353 4156 1529 3630 3705
18204 2110 4212 309 1916 1304 4777
3933 2110 4108 1489 5353 6380 1791 978 5658 2870 1169 3116 6555
13411 5208 5056 203 5446
3621 5208 6902 2605 6746 1151 804
925 5208 3887 1415 2128 1639 2954 2811
346 5208 2108 2418 360 4449
16251 5208 1888 4857 6984
10033 5208 2810 3645
1143 5208 4313 6960 3835 3439 300 5824
16851 5208 3818 6865 6584
13059 5208 6660 6923 1489 2594 2023 3190 5717 6021
19375 5208 2787 2770 6494 6511 410 1458
4100 5208 4364 1709 2980 904
8963 5208 4590 362 4699 4777 4861 4855 1148 47 3606 6878 4454 6545 4190
14810 5208 871 4660
10374 5208 3275 1438 3134
4447 5208 6086 4201 2943
2363 5208 1950 1260 6458 6030 2940
8898 5208 5284 830 799 1260 441 437 3674
12788 5208 2366 665 4930 4712 1576 1464
15380 5208 2057 4351 5501 5338 4980
8420 5208 4626 6868 2770 3190
2159 5208 1698 1097 432 6882 3737 1434 4701 1707 4980 3765 3876
3163 5208 4777 2023 1434 2765 3259
8726 5208 3232 5059 3227 2634 6777 2980 3813 513 3356 2143 3491
12369 5208 5917 412 300 3178
11871 5208 867 6785 5152 3693 6882 1032 6098 2988
18683 5208 2351 4719 2693 3238 6903
18162 5208 5228 1224 6616 5225
2004 5208 3736 2840 1459 6210 500 2509
2136 5208 3803 1572
8509 5208 300 3019 1335
15212 5208 1485 665 3737
19088 5208 4313 6086
15410 5208 885 5817 3419 3044 3239 6086 5743 6380 1100 4089 1842 6568 1052 513 3704 76 5126
2612 5208 6886 3983 3002 1913 3676 2050 5653 5829 6871 3937
12447 5208 5677 1850 5025 6176 6145
14981 5208 3897 1839 2260
15814 5208 4196 6730 1404 4188 2358 6376 5748 402 6930
9101 5208 5987 271 3494 3675 584 6939 5885 4994 1149 2101 826
6469 5208 5353 4791 3781
1647 5208 774 1981 4644 4635
17953 5208 5286 1698 4950 3883 1749 17 1489 5913 5011 5908 1917
6052 5208 4063 6804 4684 966
517 5208 2620 960 5184 1211
16390 5208 7021 5970
7868 5208 6730 4777 2206 3186 5316 6746 3538
18324 5208 3387 1015 422 339 5794 3727 713 6984 2311 2954 5872 6235 1234 2338 6584 5554 4994 5691
13632 5208 3962 4156 6759 3146 2101
13193 5208 1596 400 6188 4970
17363 5208 3111 5822 1791 1479 4454 5936
10715 5208 3815 5353 6546 5387
3374 5208 1937 5995 2527
8934 5208 4872 6150 799 1506 4855 5563 2612 481 5182
2650 5208 871 6412 4777 905 6868 3279 494 5108 799 436 2770 3721 4477 6380 6777 80 2712 6746 6371
9737 5208 679 5448 3030 2208
6955 5208 6368 1808 132 2208
6144 5208 5286 4418 273
17582 5208 3850 6984 6635 2940 3147 79 6775
19021 5208 1587 1489 2790 3966
6547 5208 1695 1868 1009 5187 2728 2870
7166 5208 1972 1459 4226 300 2960 5804
5772 5208 2629 173 4906 2376
14605 5208 4526 5353 3514 598
8879 5208 6660 1863 5514 682 362 803 3600 4940 6629 3476 2634 422 383 1489 16 1596 2206 5954 4903 3843 6314 4700 4491 5304 4865 4221 6870 6930 4619
2894 5208 5072 5948 6760 4355 942
10555 5208 4313 5176 5514 1283 4816 4145
3967 5208 3489 6455 5821 4824 1574 6215 6336 1020 6470 4335 2870 3234
840 5208 2309 2508 4936 3644
12116 5208 867 4699 4318
5194 5208 3818 5821 1987 5908 498 6114 40
11736 5208 6455 1304 1387 3564 799 3949 164 4830 1517 3763 3129 5023
2497 5208 5055 5256 5785 5908 1842 924 3030 218 5672 2208 1756
2910 5208 2583 4611 338 79
18341 5208 5137 2351 905 5108 61 2328 3291 5008 1413 1134
14048 5208 1499 6785 3549 4530 6999 213 2439
4267 5208 1587 809 3979 492
3811 5208 508 3897 4710 5985 3758
16267 5208 91 549 3128 6721 5763 6083 1434 1206 606
138 5208 4811 2166 281
18703 5208 5509 2619 362 6823 1596 203
13334 5208 6915 3438 1872 3829
17680 5208 6902 6172 4430 674
17846 5208 4313 5547 5521 3782 4168 6681 5727
10982 5208 3098 999 4216 1888 2980 2023 4710 1901 5901 4736 4771 781 1302 1194
4327 5208 3752 2117 3660 2814 785 1681 3385 5811 1241 5182 5694
12396 5208 4896 2757 2814 5973
5506 5208 2351 6660 1868 4590 35 4108 4650 5204 2026 542 6463
3629 5208 1897 1152 775 210 63 7022 2519 4151 5389 4555 6446 2069
8656 5208 6715 2309 6086 339 5617 2770 6230 5730 45 1065 5378
14016 5208 4313 1916 2649 3354
15610 5208 799 3707 4701
11676 5208 4150 775 871 6923 1913 4758 7003 6710 2311 2940 3644
17501 5208 3486 5193 6975 5637 3729 6609 1509
31 5208 4758 3505 2421
17830 5208 3543 1535 996
4081 5208 867 2084 3314 3310 3055 5378
6225 5208 894 5633 6545
4503 5208 6184 4161 2701 91 1988 1445 1754 2809 6442 757 4882 6523 5381 3201
9520 5208 6299 2660 2532 2628
11649 5208 1280 1304 1072 4832 5074 6499
2551 5208 4313 1916 271 2502 1459 3044 1723 4026 4514 1681 1192
6572 5208 5705 676 1535 2072 3823 491 3094 6583 5285
17373 5208 4161 1072 2842
14148 5208 5164 1304 2160 4537 3031
140 5208 5821 6368 6400 1996
11635 5208 4940 4558 5045
11207 5208 1814 5011 63 2837 2681 6870 7018 5583
3728 5208 1344 5108 2728 1401
15364 5208 6542 2160 4402 6436 6583 2260 655
7796 5208 1437 4611 4383 3185
9039 5208 4096 5743 5074
11766 5208 2629 2624 6730 5897 6400 1679 1401 584 681 175 1719 6849 1640
6706 5208 4811 1886 2731
4867 4622 305 5879 2359
9946 4622 6821 173 7027 6250 2502 5426 402
18017 3686 173 6469 4161 1928 4856 2286
14918 3686 4188 4306 7037
19244 3686 5693 3227 3721 328 5756
10630 3686 3227 3268 87 103
6990 3686 3439 1148 2101
9550 3686 6868 2353 6785
19408 3686 3547
11787 3686 309 362 2590 1825 2984 4202 2084 2185 6354 2294 2311 5748 6969 110 150 700 3513 6520 5063
11380 2859 5521
12598 3736 1631 1489 6499 4792 5691 5289 777
7942 4730 4114 5785 1065 2870 5029
8636 67 871 1491 4742 955 2790 6397
5684 4590 6960 2728 3613 2883 1083
16026 3851 344 6119 1950 5904 6442 6662 4488 40
9711 6660 2502 518 307 6195 335
15274 2093 1872 4148 946 603 2858 4652
3272 58 330 2351 3718 3008 3911 2010
16884 58 3464 3618 2792
1705 58 4195 6267 6429 3824 3290 2639 5547 3444 1241 5728 2448
14596 1721 1499 4590 6793 6680 3716
3335 1721 3486 5987 676 3098 5353 5113 5908
10776 1721 6168 4940 5353 1804 1214 4728 4718
17630 1721 5918 3747 4906 859
4585 1721 805 2206 911 5674 6984 3030
15045 1721 2647 6530
12028 1721 5227 5537
3072 1721 5507 2520 2291
12492 1721 6385 973 2755
5365 1721 1512 3380 1787 6442
7420 1721 2100 4507 7042 3652
12183 1721 4196 1916 4257 4144 2647 5581
14494 5236 3700 6817 5268 411 1429
18102 5236 5108 4235 6933 6843 80 3536 1248 145 1716 5847
17120 5236 2337 6915 5104
6539 5236 2473 5955 3098 3363 4124 5904 2871 2222 3341 6030 2430 6407 6925 1784 1942 1212
12769 5236 638 1623 4896 6915
7493 5236 6902 6915 2172 2834 3216 5229 3793
6940 5236 1015 3278 91 17 6086 1913 3514 2459 4816 3129 560
5859 5236 5806 5644 3587 6119 4758
18711 5236 4611 2833 3341
7712 638 4291 5187 5974
17882 2467 1293 3355 3423
7816 2467 3486 3736 5056 5286 6299 2879 6692 340 3270
13019 305 173 5879 2880 4475
3952 305 1604 6805 7027
9072 5086 3486 173 1604 2359
14201 5086 4291 3587 1260 3439 3142
7105 5086 2773 893
4875 638 2773 2800 6821
15999 638 1916 2147 1288 3742
9261 638 1225 1214 5194
1242 638 926 248 6880 4394
16264 638 5079 3313 5514 501
7006 638 398 4161 3711 5603
16718 638 82 4977 6976 1757 1293 5879 4508
2509 638 3604 1499 5999 4456
12611 638 2224 5276 494 2657 1225 2391 427 6153
15118 2351 3026 798
3814 2221 246 1704 4478 5063 270 2439
17854 5191 5868 1340 5142 2785 300 4633 4830 4123 4881
9050 7002 104 1913 3181
4054 2502 128 4000 2026 1986 1426
7511 1949 17 1917 1405
13342 3851 6430 449 6483 4026 2651 6986 2848
18439 2502 2508 2814 3385
14341 6184 3618 1257 2502
18168 4662 2449 5928 2930
12405 2689 6133 2747 6368 1479 4461
4336 3038 1749 1214 4266 5997 3782 74 125 1395 1375 657
2234 2773 6979 4841 3490
3348 2773 2926 6991 3587
12766 2773 4233 4562 3840 3478
977 2773 6821 1604 4562
14220 1865 5978 1175 4108 5449 1991 1920 5138
15554 4953 3736 309 2366 837
6833 1967 4749
17288 5541 1036 5164 1868 1283 6960 3227 1872 2390 3983 5353 3626 6195 1172 1634 4830 6568 610 1436 6746 5737 3356 2883 6545 946 2101 241 6610 2143 2173
5321 5541 2366 362 5195 6923 618 339 2814 2161 3310
15985 5541 1897 2337 1587 2502 4872 5579 4202 1419 799 3326 6631 3850 6785 4611 4383 4728 6309 586 3813 4682 931 1575 4946 3491 5261 5469 4660 1125
12101 5541 5979 1599 6359
19118 5541 2829 6817 945 2502 1491 1203 1060 3850 6785 2647 4477 1172 4355 2523 1708 4591 338 6568 3264 3963 6124 1133 5338 2562 3599 935 4220 114 4101 2878 3193 1832 2187 3705 1447 6999 4998 5163 6953 6509 3189 5924 5332 6788 4660 4420 6639 3589 4041 404 4280
19016 5541 2377 3087 873 4901
14090 5541 1499 4222 4291 1304 3038 785 1629 3636 4795 5880
481 5541 3387 4345 5043 3230 1144 2409
5789 5541 1916 1858 4227 47 6511 3521 1883 2532 6409 197
13530 5541 6785 1254 211 4343 6192 4277 1766
19416 5541 6817 3429 3742 845
17000 5541 5467 47 6499 789
19304 5541 3133 1966 17 3882 4148 952 2660
189 5541 5677 2634 6631 3268 4758 854 3430 5412 1901 3310 6594
11126 5541 4814 5383 1041 5265 943
5516 5541 5048 2879 3516 4156 4145 2980 6619
768 5541 6133 6368 5459
649 5541 362 4202 2942 5788
5996 5541 4472 6589 498 402
17668 5541 4025 2156
9945 5541 3486 4291 4758 4192
18049 5541 2578 2937 920 2453
2698 5541 590 2701 1304 5579 1340 141 2452
4915 759 2829 3897 5108 3557 4611 6690 3540 2632 3640 5446
13301 759 3821 1186 3634 6527 2870
17210 759 4361 1204 2515 3218 2660
6690 759 918 45 4260
16254 759 3647 2502 765 5168 1588
18898 4977 5056 1772 4242 3505 338
654 4977 5782 5834 5958 659 4758 4049
12479 2510 2351 2309 871 6902 6915 1072 2224 449 1903 1703 6847 6984 2023 566 5047 3782 3905 6853 1487 6213 79 5182
6088 2510 3700 6133 4719 6868 5745 2814 2825 1606
6647 2510 3486 5684 4175 3772 930
10701 2510 6785 4868 2497 3614 792 540
17370 2510 4484 5904 3319 338
7078 2510 1512 6036 4925 6608 2142
7630 3863 5323 6368 5353 6323 4830 2659 2855 6746 4846 3214 3599 3630 2927
7888 3863 3718 4291 1417 3278 1489 6785 2372 4211 2023 1774
14481 3863 362 6150 6207 6930
16081 3863 3718 6817 1312 5265 1936 1225 6171 4331
2007 3863 2476 5353 1032 6499 1481
1736 3863 5125 833 3128 958 5604 2969 4994 2107
12008 3863 4758 1826 1229 5678 1405 5063 2675
17576 3863 3897 6086 549 3094 4405
9046 3863 3104 2871
16991 3863 1015 1225 5252 4154
1589 3863 6184 1916 3084 3232 2473 6210 1988 1723 3564 5489 4512 6485 1997
14697 3863 3232 4080 5024 3905 4546
15127 3863 422 4510
8533 3863 4742 1434 6232
2364 3863 5705 5286 1772 6583 4488 5547 1948 2786 4517
9445 3863 4150 1061 5769 845
315 3863 3700 2992 1917 4493
635 3863 3866 3626 6721
10008 3863 1499 3533 2502 2701 91 500 2879 4777 3897 177 6721 6123 4830 4308 2035 4905 4820 4865 6371 5063 5849
10565 3863 2662 5108 4742 5353 920 5651 5557 3462
11280 3863 1877 4715 2023
11246 3863 4017 5272 1791 935 6598
15493 3863 871 3949 3147
16028 3863 2323 2073 1353
7632 3863 2845 4196 4044 6902 2502 2056 6646 4758 5904 7003 5788 6408
16577 3863 4257 1913 2781 3693 2511 7008 1479 6922 6530 7004
15195 3863 833 7020 2871 5997 4221 333
5159 3863 2619 2502 6469 3226 1072 4202 1419 799 3870 6984 4611 6548 3130
4040 3863 4222 2100 999 6930
17041 3863 1791 6568 6930 4937
4745 3863 2151 7003 4641 6844 4697
8609 3863 2443 1283 323 799 1228 3733 4855 3340 1839 1636 3626 6383 5699 2975 4845 1565
2487 3863 4222 5214 5046 6436 6276 3181 6138 1275
11900 3863 3253 3736 4599 6527 4927 1229
16597 3863 2689 871 869 2010 3011 2638 3636 5825 229 4957 2101 2308
2753 3863 2246 4590 7028 6960 4327 3439 1787 6583 4830
15253 3863 5648 2205 2914 2084 5555
2020 3863 6591 4548 3239 59 5742 6746 6145 5405
4168 3863 4313 5353 5597 2506 4365 3256
5697 3863 1905 2684 6015 4970 5060
7915 2255 160 3663 6188 2957 4823 2026 5025
10944 2255 6980 436 6742 3493 1927 162 3272
13952 2255 91 5579 1631 3398
8691 2255 3700 6345 786 1288 6721 2459 306 203 6145
8064 2255 1897 1587 1981 1631 3897 5078 4928 4392 4477 327 6583 5350 3260 2208
9239 2255 5852 4611 665 2622 2051 5562
3328 2255 1260 5047 4767 5829 4563
11317 2255 1930 3733 4564 3342 6825
10632 2255 497 6984 2239 3662 5936 4370 1809 6598 46 6131 6449 1298
6236 2255 3815 5965 3819 189 4832 2395 656 303 2294 5168 6431
7645 2255 1723 3121 19 4994
7348 2255 5538 1868 3239 3675 3737 4393 4517 2453
10798 2255 7025 4953 3443 1604 3232 4934
12630 2255 4364 2627 707 3232 4777 4742 4067 978
17075 2255 3718 2498 6030
4694 2255 2398 5666 3968
9162 2255 918 5936
4646 2255 1587 6313 3850 4903 1682 1458
14958 2255 2689 1868 1928 2010 3516 6188 2567
2835 2255 2991 2509 6721 4611 6763 6630
8754 2255 2583 5074 1818 2790 4611 5515 4245 2249 6539 6788
13287 2255 1723 6745 1164 6511
17386 2255 1499 5688 5579 2160 2248 2814 3005 6171 6882 2802 3399
9438 2255 707 3133 339 1703 6568 2338 2410
14855 2255 3700 4707 4462
4854 2255 908 5896 2115 5794 5152 1888 6442 4355 2083 4846 5303 1760 3817 2903 3937 5171
13611 2255 3489 5152 4490 5423 6431 4043 3204
5279 2255 3239 1366 2168 203 329
5802 2255 91 3853 3402 553 5936
1165 2255 4922 4987 6436
17166 2255 6077 5936 5728 3889
3268 2255 1345 3800 799 4885 4049 5232 1056 498 2338
2598 2255 4832 1703 4478
6875 2255 3131 5579 3114
14144 2255 4761 2983 3364 279 1612 4498
3405 2255 6184 4233 3429 1491 91 5187 3809 3721
14911 2255 1539 871 2502 1749
12725 2255 4742 339 1624 2154 5370 5668
9231 2255 6792 1009 1100 5215
12414 2255 4787 5276 6793 3960
15041 2255 2502 1838 4599 339 5959 3869 3523 573 515 6936 6809 203
1833 2255 716 339 6882 3754
7367 6821 4222 2979 5689 6251 3096 4291 3232 2473 200 6949 6915 4970
6264 887 6746 2143
7969 775 4738 91 2321 1723
18267 6542 3835 383 1791 5350 2302
9446 6172 4777 6086 3245 1860 6485 2871 6939 2731 3288 2308 5200
5971 3131 4515 2393 6499 485
16458 3486 6468 2100 2393 2296 5527 6527 5104 2942
12870 2409 1930 3324 2965 952
16212 1459 2573 5353 5091 2957 1986 1407 6666
7514 6591 35 4484 1989
11727 4313 3486 4150 871 3038 5739 1749 5278 6566 184 1913 5152 5353 6246 556 1473 2871 1559 5104 6188 5350 6191 6208 2094 2927 4038 5795 966 1599 3632
6580 5137 6217 4257 871 362 4351 6119 6868 708 1489 4387 4512 1913 5353 1941 3721 1679 3130 5928
16125 6976 775 659 5850 3392 3201
8046 1337 6184 6730 2619 91 4097 565 5024 3129 40 1588
7698 1337 6991 1323 3814
6945 1337 2186 5794 3395 2660
7564 4313 2666 4341 5350 2208
9585 4313 3278 3104 5168 5350 4980
10237 4313 3852 4903 1018 6763 1389 3130 7016 706 566 203 6145 1412
10291 4313 837 5614
1433 4313 6730 6785 1088 6763 3782 792 4176
13575 4313 1499 6618 6300 5547 203
2536 4313 3418 5583 3234
18826 4313 1937 6885 2770 109
199 4313 5514 2957 544
9721 4313 809 5926
18274 4313 293 3239 665 3569 400 3599
9903 4313 2370 2527 5944 5011 288 366 4284 5655 5385
3353 4313 2827 1339 6376 334 5680
282 4313 5431 418 2581 2709
1269 4313 6902 1860 4284 5000 5008 3142 1074 2858
9464 4313 2010 2399 5197 6146 26
1496 4313 3486 1587 5214 4050 6436 1913 1808 5316 4846 2023 4005 6539 2927 1914 4038 6158 426 1880 6576 966 4980 1071 6408
8725 4313 300 6054 524 2712 2811
9037 4313 4719 2827 4777 3540 5172
11164 4313 5056 4694 4722 2696
7815 4313 3486 6691 25 6937
6237 4313 5677 4198 4903 4491 279 3361 4792 4980
18877 4313 1304 1020 5204
17383 4313 2829 3523 4227 6619 5184 5200
18242 4313 3850 3595 4342 3614 2961 403
13351 4313 871 2851 2469 4940 6460 5503 1776
3576 4313 6003 6133 1868 2814 2770 2565 4611 3430 4454 4682 2146 2208 6291 6594 1883 115
2897 4313 3486 6086 4035 2459 1151 3042 2988
5038 4313 2829 1036 6133 3929 4161 6477 2100 799 6400 1124 1697 2791 3147 6804
11557 4313 1491 1304 91 6763 4720 172 1007
18577 4313 3815 1775 2770 713 5184
518 4313 3363 5047 4370
12821 4313 91 5912 5030
15065 4313 3486 5035 4391 5378 536
11580 4313 6286 512 3564 4558 794 6785 5088 560 5047 5026
14986 4313 5056 1899 5353 2645
15742 4313 3327 1679 4810 1242 2204 6262 2759
126 4313 4762 3644 3868
353 4313 178 2937 5527
17802 4313 2578 4242 921 3386 411 4514 2770 6763 4634
15137 4313 3631 5693 5408 1723 3675 4090 361 211 3904 4697
2238 4313 3262 4742 549 5065 3147
18326 4313 7003 1559 45 2943 225 6533
8312 4313 1587 2463 6931
8610 4313 1036 6915 6813 3730 6878
9649 4313 1489 4477 6114
17026 4313 6660 4063 3293 1766
11573 4313 5137 466 4738 2827 6789 799 4527 3595 2084 4868 5904 6864 556 6323 5082 6700
3090 4313 590 2351 6546
6010 4313 1937 6250 636 271 3816 4829 4657
7101 4313 3439 2478 6442 3544 4408
10987 4313 6660 4274 4810 3745 175 3955 1434 1760 4645 769 6556
13358 4313 6721 3052 5479 6670 6208
3988 4313 1016 791 500 7044 5962 1222 4454 1162
5482 4313 1246 4467 3231 6872 5997 2044 4893
12557 4313 3486 1925 2559 6153
15187 4313 6960 1489 3439 3626
18103 4313 3486 871 5107 2100 3595 4460 6785 1913 3522 956 2305 1105 2980 5381 5204 1032 2201 2612 3336 5833 1167 6098 3272 1458 5378 4043 5307 4689 5172
18342 4313 3486 2502 1535 6619
12289 4313 6814 6314 6198 5027 4478 3397 2244 4670 2873
8154 4313 765 6583 6520 5378 907
11150 4313 6640 3960 2156 879 5996
11073 4313 2768 3429 5732 427 6389 6036 6842 935 5370
7641 4313 2437 1011 4760 6232 5535
5120 4313 2150 3239 3742 2101
6437 4313 319 152 3523 4823
18302 4313 5592 6217 2491 4150 3926 5286 6793 2330 1489 1511 4770 3850 3809 5876 4018 63 4049 4765 1886 6662 1827 7013 531 4948 2733 6746 6635
14103 4313 5592 3926 3038
13121 4313 3814 1503 6337 2960 2101
7274 4313 6217 2246 6960 1791
14973 4313 271 6171 3745 4391 6511
11382 4313 4198 6842
4627 4313 761 4454 2612 4461
2999 4313 1489 5353 322
2639 4313 1088 4830 1517 2022 652 3754 1575 4510 2685 1067
16506 4313 3486 1048 1587 1419 1535 835 5199 2940 4478 3272
10001 4313 4830 161 3342 1133
15422 4313 3253 3722 6841 3774 3310 1241
11272 4313 3035 871 91 4590 223 5323 3983 3742 1913 5763 6583 5424 4830 1686 4705 5174 5850 5936 3272
12617 4313 5137 1723 3626 4763 6476 7034
9382 4313 3587 4855 6721 1172
6011 4313 1937 6648 2638 1088 5389 3406 6545
16996 4313 2240 2748 331 2791 6855
17972 4313 1378 1596 1936 1241 2826 599 5680
14665 4313 4156 4227 2759 3772 700 2414
14932 4313 5478 4558 5386 7038
8549 4313 6469 1954 2495 4216 2305 2843 1823 426 804
5680 4313 2106 5633 5997 1134
7306 4313 5456 4063 6804 966 2135
13727 4313 775 5786 6721 918 303 6341 4555
17805 4313 2160 6328 177 2436 2559
11383 4313 1203 2957 3147
5314 4313 2629 4364 4898 810 3098 4235 1535 4876 2638 3552 47 6930 741
9574 4313 3486 2745 1723 6517 3902
6578 4313 4090 1188 3576 203
3383 4313 4303 2583 2647 4662 1708 338 1725 5979 6788 4660
3101 4313 178 1410 2507 5997 3260 3170 6907
650 4313 1916 871 2395
4929 4313 3591 2879 6491 152 3060 339 4694 4982 6718
6658 4313 1539 5743 3870 2305 338 1947 40
12782 4313 3253 6442 2577 3737
13340 4313 1499 3718 6455 6902 1949 6915 3239 6813 1489 2068 1260 3721 6984 6583 1559 6314 3783 4077 5936 196 3361 5728 3861
10589 4313 4150 1749 4558 513
9567 4313 3386 3239 5353 3727
1050 4313 871 4777 3098 2010 6228 5936 3114 1895 6463 6211 1413 3933 2470
17180 4313 590 4222 4397 1175 871 4976 3133 5268 6915 6866 1419 4599 6880 4553 5585 7003 2305 6762 6984 6777 1088 211 3414 321 153 4095 6903 498 243 2519 3737 6149 1588
15708 4313 6902 6915 1489 6368 3694 5743 6066 6216 114 4322
14749 4313 4291 2084 6777 1151 2357
5744 4313 5782 6868 223 1997 3636 410
1583 4313 5072 707 362 4223 2345 2460 3227 6744 1689 6721 920 6680 5555
1784 4313 6164 1304 4050 212 3599
5322 4313 590 4460 452 5788 2791
17247 4313 2619 5449 2436
8207 4313 871 293 1304 5821 2403 3835 799 3595 1913 5353 6546 1729 2367 6171 4421 5034 1603 6746 2399 6420 2609 5577 3787 1948 1575 4362 2142 6284 5378 5888
6871 4313 3841 908 1587 5821 3850 6785 1148 2758 3626 4830 2855 5479 5985 1776 1243 1396 481
2658 4313 6469 4777 1348 2144 6877 4929
5530 4313 6660 2957 1409
14229 4313 6086 3011 2986 1686 400 1428 2940 5285
3732 4313 5079 6410 5276 708 6176
9167 4313 3612 2909 3719
6624 4313 5502 2829 3230 4291 6455 6469 363 2807 1825 1283 3239 5765 1009 1322 815 307 3010 3552 2062 5364 46 3968 5746 3501 1701 2445 2470 6157 4628 2054
13142 4313 6282 5547 4703 5555 1474
5379 4313 3741 954 1057 933
19127 4313 3486 4242 1776
2094 4313 2829 6660 6902 4649 6541 525
244 4313 3700 309 3891 4018 6442
9168 4313 871 6628 5074 3314
14465 4313 6868 2106 6721 3289 3259
9651 4313 4742 6511 4396
2546 4313 1274 4259 6442 4881 1639 3299
7375 4313 271 6862 1749 3239 1899 799 4490 955 5239 45 5788 2637
12019 4313 3722 5945 6878 4893
13206 4313 5168 7041 5178 6509
17722 4313 5530 5655 2004 4937
17053 4313 4867 6730 1539 775 3851 6299 5720 1304 3853 7017 5852 5628 2515 1419 3060 923 6566 3057 6527 2970 2670 6461 2839 955 1150 4810 4089 5412 5791
16226 4313 1587 898 3042 3274
1040 4313 3897 6931 59 6016 3192
7079 4313 3587 2906 5140 5731
13109 4313 697 6785 3385 5393 4478 907
10153 4313 2459 3737 1768 348
3697 6184 2366 6185
12212 6184 3752 2502 6299 5995 765 1459 5579 3104 2117 6086 2728 4731 6785 2127 5988 80 3369 6114 5679 1947 1407 6291
5133 6184 3428 4868 4284 2957 3260
17773 6184 2476 679 6442 4221 203 6145
4690 6184 4599 2952 4760 2866
12843 6184 4758 2710
389 6184 6299 5360 2669 5116 5148
18605 6184 5164 285 137 5713 6368
10160 6184 1868 1417 3278 4387 307 876 4148
14141 6184 2502 1072 422 6511
17567 6184 2829 2473 1077 5930 6490
7854 6184 6746 1694 4615 3578
3450 6184 3736 6915 149 3319 1842 6016 996 978 4117 2323 1058 2927 1125
12024 6184 4976 6868 6823 6393 3626
9643 6184 3326 1240 1341 1898
12748 6184 4742 6368 4846 126 1064
17920 6184 4355 560 1443 5841 4148 2960 5483 5535
16322 6184 2337 5821 6868 2205 3742 6721
1241 6184 5337 5765 3619 4405 1407 1543
7453 6184 6309 726 2716 1149 2908
2823 6184 6290 4190 1149 1588
7835 6184 3486 1552 3038 5448 102
16925 6184 336 4148 6925 2062 5266
3257 6184 6000 4034 600 1018 5655 249 6545
19299 6184 765 2395 1069 4221
18893 6184 3919 1378 3057 1588 587
11558 6184 309 2024 2248 5449
13880 6184 805 4777 1245 6665 1482
69 6184 1036 6299 5323 2481 856 2497 400 6757 1119 5169 3876
5935 6184 285 3278 6864 4405 4148 1776 2231 1958 2173 777
15367 6184 1419 141 3516 3272 3036 3491
7121 6184 4777 4387 3346 4830 5270
4888 6184 2502 4234 959 281 4825
4427 6184 498 2561 2360
10131 6184 3833 1511 6721 5729 2284 2927
14672 6184 3464 434 2788
16666 6184 3464 2552 2730 1517
17239 6184 6821 1604
9235 6184 2629 4226 494 1419 1787 4341 6616 4221 1133 5364 3937 3705 4224 2445 2154 6953 1691 2177 3189 6312 3746 5668 1118 6957 4280
9439 6184 6730 1036 3133 6299 1868 4742 3439 5931 886 4846 1408 3716 3540 5033 5804 5027 3549 3173
11412 6184 6455 978 4177 2373
4206 6184 6299 6086 6227 4846 4930 2598 4148 1055 240 3274 4557
17158 6184 3961 1212
15180 6184 4161 3428 1844 4460 3721 6442
2166 6184 4039
7035 6184 5195 164 2834 605 540
10381 6184 5481 6762 6777 3356 2568
7746 6184 4233 4034 5056 696 1587 3232 3227 4742 727
2532 6184 633 4940 249
15783 6184 4359 309 4887
15594 6184 4351 3523 5928
10790 6184 1208 3609 6465 2617 4156 4682 2323 7038 2307 2660
3948 6184 6205 1723 5783 3361 5859
4695 6184 5072 4234 2172 3949
1698 6184 1888 3870 243 73
19274 6184 2225 4940 6996 639 6505 2413 3299 2876 2870 4736 2592 4057
14631 6184 466 2221 6733 3239 4079 3835 2397 1427 7003 6721 4570 128 1098 2759 103 2940 1440 1576 6750 6056 2335
19058 6184 1076 3721 6380 6077
17200 6184 2473 2590 4758 1229 1594 6208 2940 3147
3644 6184 4426 639 1671 3730 5763 1504 2294 2406 4791 3130 2870 1405
14974 6184 1759 2351 2662 5108 799 4215 3439 5904 1625 4405 6746 1743
2049 6184 6915 5061 1867 1823 1234 6446 88 6600 4513 6424
12673 6184 871 5817 6299 3221 45 828 5725 709 6327
14173 6184 867 6768 2276
17130 6184 6730 4839 1377 6833 6843 2208
4279 6184 5489 4461 3272 3876
15265 6184 4699 3239 5256 6882 2498 2101 162
7906 6184 2502 2569 3354
11524 6184 3897 422 2021
9624 6184 633 6655 307 6091 2018 2940
4134 6184 6368 5353 785 6759 5189 2940 4273 3274 6892 5624
15436 3776 1962 2136
9365 1908 893 1358 309 5449
13716 1225 2912 3515
18913 1604 5978 694
14613 1937 1345 5125 848 3239 3020 339 6941 554 4114 2072 6458 1729 4901 5616
11077 2845 6932 3127 2322 1491 3437 859 4208 1697
7921 6660 3853 411 2102 2421
18217 6854 2346 1915 4234
13625 4107 5163 5593 2219 3589 1125
4353 4163 2745 5784 4970
9236 4163 6817 1304 3226 992 5852 1723 1260 6320 5087 406 1451
111 4163 5323 3241 3716 4908
945 4163 6003 2319 1496
13601 434 6036 978 1435 935 6788
13576 5205 2747 4699 3385 665
5670 5205 3486 590 230 267 4058 1877 4940 5912
8050 5205 4222 3035 5544
13699 5205 2337 6660 6814 871 6902 2502 4161 2225 1459 91 2057 5579 4730 362 1203 1749 4108 512 2552 2993 3564 2390 2728 1299 6393 4460 1596 310 4907 1472 1445 5511 6442 1703 5262 4541 6188 1738 5936 1458 1799
4814 6469 833 1534 2348 1405
12051 4950 5549 4095 4970
4564 4188 911 1479 4795 4670
9452 1862 3038 1872 449 1681 6742 5288
726 1862 1015 676 4940 5489 3576 6433 5226 3368 827 315 5521 85 5378 1976
8444 1862 3700 3597 334 1412
16021 1862 6068 1015 2160 4375 4856 5426 4476 3042 3150
18269 5276 357 2395
11695 4150 1913 6546 4903 5379 3695 4603 3737 6759 5027 2126 2562 3192 5126 5474 6600 5182 5444
13577 707 482 3632
1041 5124 1114 5197 5906 1405
11774 3317 5547 6531 4789 3406 3758 334
1699 6299 1072 2192 3075 4048 5581 153 6188
15740 6492 2296 2106 6458 1097 1496 6630 3758 56 6490
16435 5677 775 4291 362 3104 2728 1535 4758 3692 5316 1088 4227 6878 6757 4789 3758 6499 212
17481 2353 6864 920 241 3799
2793 1147 5509 4188 3819
14042 4050 2504 905 2296 3891 3742 2758 4662 1479 6334 5037
18355 4351 5108 865 6864 5414 5949 6759 3147
19063 3450 45 2517 5341
8470 6902 6691 727 4758 4605 3237 2298
8771 6980 4289 3239 5108 4648 2677 6388
6156 5124 2991 1587 320 4198 3555
16122 5124 4291 1913 6750 5938 4689
1739 5124 1493 351 5904 3256 6326
10207 5124 4050 6390 3782 5496 2101
3146 5124 4611 5979 328 6488
16155 5124 908 5104 6203 6188
11489 5124 1147 6821 4715 935
3385 5124 867 5834 3439 482 2430 3704 1565
3618 5124 1552 3866 3494 2523 3758 5200 1464
17273 5124 6053 4885 4825 1818 4903 2218 2023 4221 3737 5953
3099 5124 178 3049 4885 4983 6548 1795 5063
13238 5124 5137 2488 1405 4701 235 985
6536 5124 3736 1304 4050 3239 4405
10080 5124 1937 4291 2390 6536 1229 5652
11852 5124 2264 2393 3636 3758
11135 5124 5739 6868 6721 4346 5781 4607 3855 2045 6105
1281 5124 4590 3636
76 5124 5317 5043 2502 6469 4777 794 2153 3422 4496 5021 3644
8106 5124 2248 2413 1310 2112 3593
7343 5124 4940 6436 6274 2294 3153 2459 3636
15829 5124 885 2010 2949 674 6662 852
4087 5124 6579 3303 5353 1808 943
10576 5124 3227 3733 3364 2334 3716 6539 1149
13418 5124 2010 6442 4082 481
7433 5124 5579 7016 622 3272
11331 5 1317 4472 5286 465 659 5449 3850 6597 4141 1913 4868 3536
19257 5 6915 5390 5252 6746 3215 1953
15029 5 1623 4785 5987 1311
8026 6217 2502 2160 3587 1899 5648 80 4641 2889 6520 2094 2696
10766 1499 2974 5048 362 761 5091 5373 4611 2992 691 3260 1409
1229 5689 2473 3897 5787 3391 4611 665 6516 1391 88 114 5593
8814 1106 1397 1723 5580 5763
16664 1106 6923 6368 3737
14522 1106 2309 6902 424 5055 2393 1521 4198 3468 6460 5092 943 3516 4778 4383 939 3803 4682 5547 3737 2524 4957 4771 1375 1127 1567 5126 1996
6821 1106 422 1094 5353 2855
11186 1106 4777 4633 4227 6882 5166 3147
10217 1106 4620 6902 5821 1419
6789 2184 5579 4807 1009
4027 2184 1973 3851 1073 4832 2814 3408 2904
15349 2184 6436 3797 6188
15266 2184 3788 4033 4156 3502
9107 2184 3952 4876 2957 3892
2779 6038 2689 3650 1966 1072 3600 6072 3479 1299 1334 1680 6442 5581 1479
12985 6038 3631 1916 4291 4384 2502 6691 3239 1053 3997 4462 1724 904 3241
6260 6038 6817 5908 2980
15443 3587 5943
14842 5137 1868 4561 2618 5496
15501 5137 5579 4050 3983 5353 6493
18994 5137 3949 1258 5099
10088 5137 6862 4687 887 4478
3690 5137 3429 2977 5353 3264 2870 2632 5729 6576 1169
9273 5137 4699 1339 3823 4855 943 6171 2507 3574 4908 125 4762 5063 3491 6396
1799 5137 885 5055 1913
7144 5137 5891 3436
18203 5137 1669 6878 6635 2731 1658 5052 5725 2313 3632
8095 5137 3718 2502 145 3674
19099 5137 2879 6537 2980 2574 2023 2452
9370 5137 6631 3430 5037 6516 6685
850 5137 2403 189 338 4688
18243 5137 4188 4855 3870 4611 4383 640 2459 5788
11415 5137 3232 301 2020
12536 5137 1695 6784 5732 6099 3721
14146 5137 1698 4777 799
9820 5137 2351 2191 4777 3835 2397 1541 407 3477
7590 5137 336 3285 1522 6368 4211 175 4478 5756 2628
13489 5137 1241 5863
7133 5137 2337 3929 3720 2364 5821 2977 905 5108 6785 4564 1635 4903 4355 1963 2328 4011 279 6878 5737 7016 3190 915 1258 3901 5285
7281 5137 4777 2617 6371
16810 5137 1868 4587 2509 1479 2328 3902 5033 6594 4615 2073 4880
13619 5137 4291 5286 362 5108 6292 3326 3870 2305 6675 1088 338 1389 3530 3356 2767 410 4771 2073
13714 5137 1994 3543 6274 4868
12039 5137 3002 1110 2927
7927 5137 3278 810 3463
512 5137 3718 775 5912 770 1611 1913 6222 3870 5178 79 155 5361 1960
462 5137 707 3133 915 3822
8804 5137 6902 1801 4882 6878
18672 5137 5817 3983 1535 4816 6091 3190
15744 5137 2508 4454 1901
7370 5137 307 1000 2387
18596 5137 2379 2502 3782 1774
14902 5137 2871 4020 2975 4219
12170 5137 4754 2328 4757 6638
6635 5137 160 4777 5732 1847
8659 5137 4384 6902 3062 6878
10809 5137 2870
18325 5137 2151 6742 5729 3199
1067 5137 5817 5286 3419 2879 3360 799 1873 6785 5581 6746 934 3336 704 3666 2555 4609 3906
18962 5137 3914 1698 2287 4758 1703 5350
878 5137 1499 6902 945 1419 6096 1535 2367 3364 6872 5504 903 4838 6257
6691 5137 3406 3737 4478
12260 5137 3486 4002 4384 6902 3278 6861 1419 5796 968 896 427 1535 1888 1068
7918 5137 2772 6110 785 5564 4048 6083 3470 4568
12340 5137 1072 6537 6981 1781
19116 5137 2364 4777 1535 5104 4808 2023
4127 5137 2689 6902 2502 2364 2701 1304 4777 5732 3227 1535 1913 61 3436 2960
13092 5137 309 5353 1923 5725 4357
9898 5137 707 6430 6902 4777 1535 1709
6229 5137 1937 1304 1723 2758 6984 5350 2023 6371
16017 5137 5693 3929 6727 5904 6246 4597 331 6545 1487 1553 5009 3580
1048 5137 1304 2403 964 5397 1353 5647
19321 5137 1868 4532 6915
14548 5137 3133 1723 4025 5453 3341 7042 2612 4954 3968
2221 5137 4107 978 3813 3642 6289 5461 6972 879 5996 6098 3349 2453 814 4493 5638 3280 1279 213 1945 3578 3586 5859 4547 3744 1125 3541 6957 3669 5346
4765 5137 3026 3600 1864 884 6568 4445 250 4043 2355
411 5137 2991 2619 5579 4699 1711 4795 6098 4177
7651 5137 1072 424 799 5915 4633 2638
5065 5137 61 688 1178 2731
6537 5137 2346 775 2169 2502 6784 6652 2191 4950 494 3227 2509 6380 6195 5926 927 4011 4648 3636 45 5633 5389 4148
10970 5137 905 3363 5142 6777 6523 7042 2609 3190 1258 4236 4954 4478 1914 3572 4295 1799 2272
7173 5137 1552 6902 4108 4211 3107
2458 5137 5286 4050 4839 2997 4467 4868 3651 4477 2855 5479 1605 6670 6356
17914 5137 3194 4839 2296 3439 3733 3181
16485 5137 3564 5108 2395 1948 2101 2532 2431 1464 6025 850
10137 5137 3486 2351 5793 3010
18733 5137 455 3391 2603 4846 5692 1012
4552 5137 4777 3742 1535
18011 5137 309 1304 6631 4722 5353 6931 3721 4611 2996 3902 6530 560 2483
15261 4253 4707 1404 6431
7896 78 3313 4567
18101 3604 4161 5612 3227 104 6785
14285 3604 6868 411 1535 1706
4600 3604 2829 2366 4801 5216 454 5431 2264 2088 7044 16 3217 1844 6678
4413 3604 2101
5594 3604 865 4564 2833 2498 4148
11654 3604 6785 1519 2305 6077 942 5724 2735 4440 5710 4191
546 3604 3718 3785 4590 2354 5511
10448 3604 3253 1304 2610
15941 3604 4644 2050
1928 3604 2309 1061 4208 6429 1195
15004 1571 3426 6222 2013 4101 1505 2445
12228 1571 5918 4234 4855 3340 1373 5073 3623 3288 96
10048 1571 4267 2594 6931 4711 4383 338 5146 1799
13419 1571 6166 2457 3869 943
5849 3486 7027 3478 4749
2302 1728 123 5825 110 2154 738
16200 1728 3486 716 5965 4161 5048 5789 4730 3104 2345 6023 17 2161 3727 3516 4049 1866 1752 4028 2203
4315 1728 319 2590 3480 1134 6881
14709 1728 741 2613 1956 3755 6907
15974 1728 2368 1499 2502 91 2757 4909 4227 3147
2107 1728 1499 4647 3181 2101 3147
6022 1728 3742 2459 4365 6737 6511
17672 1728 6530 3150 2308
9110 1728 3429 1304 3677 7020 3710 1761 4227 47 1070 3782
1194 1728 2502 666 1558
3714 1728 5932 2172 320 3331 3271 6466 3147
8308 1728 5965 1202 6442 2940 2791
9819 1728 775 5522 6984 6964 1234 3905
9051 1728 2010 1689 4868 6764
11521 1728 1015 7017 6840 5311 6664
14034 1728 3232 5628 5276 2520 5353 3354 4970
14805 1728 374 2294 3803 1405
6073 1728 6785 1621 6955 3491
750 1728 6281 6336 4151
868 1728 1554 4761 3720 4207 5258 960 935
3729 2926 6821 4827 1257 2366 7027
16603 6991 4242 5091 4432 3899
4519 6991 3130 2980 498
8608 6991 764 4477 4613 3794
6013 6991 1499 871 992 156 5785 128 5184
955 6991 3736 5879 3478
14673 1623 6730 810 89 1596 1936 6436
15183 4833 2039 6704 4291 1296 249 732
17329 4833 1186 5652 3034 1917
3295 4833 2379 2745 3532 1588
16025 4833 775 4777 6436 4383
5153 4833 5243 3057 327 2356
6149 78 2745 2106 1808 4423 1375 4332
4873 78 422 104 6885 1913
13510 78 5107 6281 6785 136 2109 2323 570 3318
15662 78 258 2016 2619 5928 4994
6303 78 6591 992 5644 1099 2904 3716
2205 78 978 129 5229
2168 78 3035 3239 3030 6914 2208
2785 78 3486 2950 2502 4161 1296 3797 2061
9084 6542 5353 6583 3214 2483 1355
9666 6542 2351 707 114
12514 6542 1552 4188 3835 6086 1299 2725 2957 2818 5199 183
2948 6542 5904 5792 4964 3652
13060 6542 6303 7029 725 6322 221 6480
5021 6542 67 2922 5693 3908 5142 1872 1260 6436 141 5259 5763 4611 3552 6503 1000 2023 7042 3356 6237 6925 1856 3599 977 3031
3123 6542 362 6511 4461 2685 1002
15582 6542 3631 4950 3331 1406
5976 6542 4188 4978 2329 1896 3523 3201
10108 6542 2473 4742 5070 241 2143
7889 6542 4090 1913 6208 2021
1894 6542 4234 951 4148 2174
9346 6542 6721 6503 2980
12038 6542 466 2502 91 992 3386 4289 3326 2010 4570 3621
19437 6542 3612 1210 4044 664 1225 2329 1151
16724 6542 2823 856 6568 6552
12758 6542 1587 2807 11 6984 4148 3142 5261 4424
1525 6542 1317 1036 6171 211
3371 6542 4364 1532 3982 5448 374 2305 136 4383
12718 6542 349 5995 3800 1729 3523 4284 1368 4380 3142 114 1799
9419 6542 6503 1382 114
9608 6542 4364 6868 6292 2478 1020 6503 3425 6534 2332 2302 1368 5985 5769 4555 3272
774 6542 6607 2757 4215 3428 265
15134 6542 2469 5353 281
4059 6542 4226 669 870 5052 2155 2562 4920 6147
11849 6542 1587 567 1472 4026 2199 6925
6452 6542 4630 5285 5182
6978 6542 2151 362 5846 6746 6083
5077 6542 3587 6915 1872 123 5135
14508 6542 2366 28 3514 5936
7882 6542 1981 5152 4542 457
3496 6542 2937 1902 1069 484 5695 5846 5678
14445 6542 3814 4272 1211
15889 6542 1858 422 5441
7618 6542 1899 5343 1724
1153 6542 6868 307 1871 5458
15126 6542 5871 1912 6872 5809
8774 6542 5164 1060 1069 62 6442 5024 4902 45 5679
7286 6542 867 1036 3833 5164 3851 1698 2527 6286 6868 3897 1729 6063 4477 5103 1158 3354 5621 1781 2173 6476
12429 6542 3647 91 1787 3356
4086 6542 2502 152 5353 4026 2295 975 1661 4048 5118 4227 584 3813 6849
7258 6542 5316 3425 345
18165 6542 1557 1511 1900
13490 6542 1210 1867
6502 6542 4699 4846 1258 1841 163 5231
3204 6542 5286 3049 337 6002 5142 1104 4018 6222 1376
19187 6542 1304 5425 4837 279 4478 3461
18310 6542 5050 6591 6328 6597 6744 4141 3221 3468 5581 1000 3813 4820 6463 626 2453
13260 6542 2366 4991 5316
14168 6542 5726 3523 5683
18628 6542 3815 422 4156 5316 4948 3745
13664 6542 3486 5821 362 5667 5088 5453 6568 2541
16012 6542 6730 1459 4108 6691 5956 6762 1480 5717 3871 114 5015
14578 6542 3791 3870 4611 6126 5130 4893 935 5664
6692 6542 2151 4234 5431 6843
9432 6542 1491 1260 1409 2428
1256 6542 5186 5942 3556 4940 4009 6307 5674 4611 321
588 6542 1419 2023 3356 3781
16006 6542 362 2977 5765 1535 6635
17799 6542 5688 2502 3331 6589 2790 4830 4227 1901 6925 5967
13968 6542 2937 3943 6030 5936
13521 6542 3523 4962 5033 6291 1649
17366 6542 1587 5036 6511 111
7356 6542 6868 5547 1213 5389 2101 2927
343 6542 4384 5827 6147
15292 6542 1360 3232 3479
14432 6542 1368 879 5996 4092 114
14455 6542 3818 786 4940 2871 4335 2927 6834
12275 3253 1814 3278 1304 4721 4808
17659 3253 556 5979 1038
911 3253 5064 2852
13481 3253 2689 4903 556 2882
17187 3253 5191 2704 1061 5353 6867 598 3721 3979 5674 1033 7004 2592 741 2143
14215 3253 2629 3239 3332 6442 1987 584 4454 5215 4823 2561 3737 54 3201 2333
9280 3253 1499 6868 1111 3614
10750 3253 4967 2502 5667 3001 6388
2137 3253 2169 4699 5744 5666 5204
12846 3253 1562 141 4830
19128 3253 2527 1203 884 4948 5381 4806
9516 3253 6815 6824 4758 3727 484 4635 2980 5215 1085
8218 3253 3866 871
16133 3253 1916 1772 3742 3721 2075
2408 3253 1749 2515 6063 3290 4781 5928 4370 6930 6600
3233 3253 4156 1213 5389 4748
1690 3253 6053 6915 3523 6511 2049 2927
1109 3253 3278 981 706
9699 3253 5335 6817 6591 3564 3057 2839 4662
15983 3253 3927 5875 3275 6721 6583 4665
8362 3253 2491 5579 3111 6785 5353 3693
1243 3253 1175 2937 5268 1225
16814 3253 4188 2638 6355 4431 6146 2883
12036 3253 2509 164 5378
5637 3253 3486 2814 1229 3613 5063 1976
14098 3253 3486 3239 6203
6363 3253 2515 943 2025 827
964 3253 6203 4022 4376
14877 3253 596 6915 4226 3983 4462 6546 6583 6568 5702 6810 1740
13948 3253 2393 426 1880 1996 6395
12034 3253 6789 4635 4221 2660 1303 208 3193 6057
5555 3253 2647 4662 4744 6224
10667 3253 6013 5353 4477 4611 3364 498 6511 4423
14451 3253 1489 4340 4297
16136 3253 3736 2624 5436 837 1210 1916 5896 6857 4749 4934 2007 1322 3523 858 544 3578 2090 325
18700 3253 2976 6055 1225
12085 3253 5514 362 3692
2614 3253 1499 91 6640 4558 2389 6503 6499
10390 3253 1499 6814 271 1723 453 5580 1166 5921 5168 2410
9158 3253 3360 785 1818 6762 4341 2709 4211 3737 4461
16397 3253 809 3742 2244
14020 3253 271 362 3897 1535 892 623 6446 642 2628
4936 3253 339 478 2874 4736 5184 1409
905 3253 5965 2305 665 3095
11896 3253 2619 6915 5121 1419 5501 6777 3356 175 5885 2101
12037 3253 6133 6915 3809 6721 1898
854 3253 2701 2957 4852
1890 3253 4150 189 4373 4478
3065 3253 1876 5195 6233 5944 1804 4758 4855 4049 4156 5140 6853 4649
8777 3253 5917 3471 2483
4119 3253 2907 909 3787 966
9117 3253 6640 6335 6923 2084 4855 1020 2523 4993 2459 3685 5000 3228
4423 3253 1850 3239 5074 6081 974
14523 3253 1299 6083 2813
127 3253 6785 2996 6882 3288
11629 3253 2309 5794 1703 2506 2208
16319 3253 2701 3870 4897 5468
2547 349 6882 3614 6973 5461
1254 349 871 5514 1723 6361 104 1913 4018 5800
12639 349 4787 2169 2057 3731 4351 3239 2099 422 6923 5366 3997 1913 3505 5606 2650 540
636 349 4846 6084 5914
8925 349 6817 4991 336 1359 5431 6468 5877 3324 3626 4080 5581
17893 349 216 6086 978
1404 5630 2835 1694 6759 6594 3674
5963 5630 2629 726 1416
14695 5630 1036 5514 6864 3824 6777 6568 876 2026
4115 5630 501 5353 6749 1000
7046 258 6821 4233 3747 3854 3313 3476
827 778 1102 3103 156 4940 6083 249 2791
16460 778 6975 5525 1682
9620 778 2150 5896 3385 4431 3249 2137 2445 7 86 4628
16444 778 5078 2395 2305 6653
8622 3387 1916 6902 1075 679 6726 3660 6785 1119 3401 5692 1676 5184 6712 4649 2903
14388 3387 1072 3495
11993 3387 3736 1203 6034 6777 4846 2442 5618
17315 3387 4785 697 2831 4023
13598 3387 5821 799 3983 4156 2446 3772
13353 3387 1489 2980 4211
17449 3387 978 516 1901 1760 2244 3234 4649 6079 4170 3509 853 3083 6489 4949 4041 1125 6694 3712 447 6957 3510 1285
18921 3387 3663 1535 3727 4700 6022
4981 3387 590 6368 6583 5930
3645 3387 1876 2747 1072 4599
4277 3387 449 6599 3364
15219 3387 4707 5120 6785 141 2497 586 2980 978 1901 1575 6141 3318
946 3387 309 2366 3238 4777 5726
17669 893 6821 2366 837 2111 1849
3962 893 1317 4107 3096 1041 5706 5092 6964
1393 1147 5592 1497 1596 1225 6137
16882 1147 3700 664 6119 4164 5312 4102 1903 4662 5928
16861 1147 5072 5904 3759 2023
4848 1147 2469 4018 5341 54 2637
2846 1147 6626 500 5108 1913 491 5508
5347 1147 3979 4507 5047 5724 5063
15702 2945 2169 6902 1703 4575 1709 2762 4151
3888 2945 871 1260 5763 2023 4221 4148 1252
3965 2945 3949 5456 929 485 5575
15789 2945 2629 871 4188 6980 172 3272
14624 2945 3486 2161 2569 5825
10778 2945 3926 4777 4758 3505 3737 1917 6892 5063
1445 2945 590 6715 4564 3295 2344
4756 2945 4460 2072 374 1524
9844 2945 4291 4161 4839 702 1111 2757 3476 3227 2997 3710 4876 3450 5168 2542 960
12384 2945 1485 3609 17 1535 4093
8317 2945 3486 6628 5620 2451 3048 2960 2514
5776 3736 1157 1378
5902 4293 6821 2186
9858 4293 3486 3131 3038 3983 1225
14456 3815 4253 1360 4911 6250 3747 3131 4749
13877 5227 2215 4838 334 732
12772 5227 3486 5794 1913 3181 4245
1640 5227 2351 3852 6531 157
8284 5227 3631 452 3730
2284 5227 6902 2546 1392
17605 5227 2296 1913 5393 3502 5569
7134 2016 3699 2807 4651 6709
1079 4716 4772 1358 3618
11251 2351 2172 1078 3406
13851 3429 91 2172 3564 5091 3710
17305 6299 799 2192 1322 2814 1913 3356 5547 3599 79
13306 2366 5072 4182 6469 3278 765 5579 1631 3238 3239 810 223 3279 4742 1489 1260 6996 2353 3221 1913 6195 2565 5232 2294 4713 4605 6264 6619 2574 4846 3398 4306 2519 2866 6947 6994 4363 2927 6147
18428 3851 2996 2731 6011 4260 3876 6971
545 2166 2035 1605 2935
5865 1693 4942 4940 3460 6188 4354 6573
15816 3451 1879 6618 6832 106
15300 6640 4448 3239 6123 4962 1496 5990 6188 2639 3602 106 2965 2514 4679 481 4043 940
14501 2353 3662 5755
7436 1111 5187 6030 1151 5804
8999 5094 775 6242
17162 518 5931 2957 481 1252
4026 4257 1015 3720 659 1387 3661 2527 5732 905 4303 4090 1053 339 2583 666 4460 1535 281 2316 382 2783 2594 4009 956 5374 4662 374 6721 2128 4611 2523 2294 1708 2833 5318 2574 243 6686 1191 6126 6388 2405 2866 5053 1033 1768 1405 3292 552 1883 6216 3122 540 3674 4043 5291
7175 5948 513 1393 3491
18285 3384 4866 3694 6546 5088 4837 2999 4879
17486 4161 5408 2166 2977 3982 6876 1537 955
559 4761 2322 4733 6964 2900
12972 3536 6030 5791
9896 6730 494 3742 2127 6867
1083 17 5184 2494
11942 2728 6764 4968 498
3807 4787 2100 6882 4736
6251 4777 4080 828 6757 219
1911 1989 4742 2319 4633 5562 6080 978 942 1133 4220 6598 2918 3632 1083 5332 3250 2674 6957
1719 28 2720 2573 6102 1059 3743 1588
19193 4827 1501 4508 3478 4749
7020 4754 5353 2305 1206
2969 3737 4981 5496 2935
1904 2264 1913 4662
7470 2281 2619 1503 6583 610 4846
379 6468 116 3835 6102 1472 6721 1207 5547 203 1319 6098 5184 3674
5796 267 91 6095 1394
5918 4699 2791
4811 5965 5449 339 5547 1996 575 5998 3808
706 2854 5059 3733 5980 5903 4625 5679 5865 4276
15576 3486 871 5401 5581 2980 498
12267 3486 590 5108 4611 5554 4042 1455
13380 3486 4598 1552 3684 1689 3626 2311 2155 5285 4444 3968 3632
8867 3486 6171 4383 2528
1817 3486 309 4364 2057 5787 1053 4885 815 2536 1792 6100 1232 943 4805 6421 958 701 939 2109 1218
2777 3486 1885 4527 4742 5621 1149 3147 6576
13984 3486 5912 1560 4994
10559 3486 6217 5059 3239 679 3523 2398 2025 5168 6488 5184 5444
13247 3486 2728 1045
4559 3486 6455 4940 2980 6718 5843
9363 3486 1491 362 1489 4910 5199 5767 2073 3947 3903
12872 3486 4292 2930 2445
14754 3486 1512 339 2594 2507 5979
8884 3486 5977 4777 2515
11257 3486 4253 676 4978 6442 5763 4035 6984 6188
15083 3486 2629 35 1749 3098 59 3356 4221 4478 5184 5691
17227 3486 6915 2418 3590 2758
6791 3486 3326 2647 452 2839
2257 3486 6784 2147 1723 2814 2684 498 5204
5022 3486 2502 3494 679 2106 1427 3196 2725 1791 3569 3300 2239 2026 4005 4981 594 6499 4994 5474 4348
17375 3486 3700 6885 2928 2360 5131 5624
7417 3486 309 2351 6217 871 2502 5821 4050 3721 6442 6763 2562 4419 5444 5826 4949 2090 1219 612 190 6663
4012 3486 6923 1260 4846 3772
4983 3486 5118 2421 1458 3147 907
613 3486 4536 6635 1021 5633 5341
13700 3486 6783 5407 5164 1858 6697
1976 3486 1304 1119 3601 2927
891 3486 2629 5789 1459 6210 3853 3104 6491 2100 4340 5841 481
5839 3486 590 5226 6777 6389 2843
11916 3486 1967 4469 1853 504
16694 3486 6902 2345 4611 338 5737 2876 6066
13319 3486 5579 3979 6266
16353 3486 6469 362 1550 6746 1291
1244 3486 1519 1800 4679
6661 3486 1260 1864 2311 229 3260
8219 3486 3821 659 362 1842 4657 249
11519 3486 2502 6168 6410 7028 6868 5765 5353 3079 4467 2642 2770 3626 3870 2487 4156 1672 100 3552 1088 6843 1389 701 1325 5604 2957 3737 5974
15223 3486 4699 3737
4191 3486 2701 3850 2670 2481
3752 3486 3631 4207 1213 6098 2654
5066 3486 2502 6500
4545 3486 4364 4161 676 4418
12863 3486 4777 5108 2498
13501 3486 2502 3516 1418 6114
2676 3486 1214 3011 5666 1738 6290 2940
5591 3486 2689 1512 6436 141
14236 3486 3239 2457 3997 3869
5783 3486 5965 2509 87 1105 1898
17792 3486 3835 6785 2957 1212
6065 3486 4188 5286 5558 278 6442 1229 5105 6676
14947 3486 4161 3316 2662 382 1600 2168 3291 5907
7893 3486 4777 6195 5168 1883 6541
6326 3486 6915 5936 4461 2685
92 3486 309 1916 3398
7117 3486 466 5123 3290
9812 3486 2191 6442 4575
688 3486 4811 1723 785
7437 3486 1528 167 4625 2062
16685 3486 1772 2100 6923 2728 2161 6882 566 5928 2940
3636 3486 4454
15721 3486 4777 5142 4910 3356 6232 5729 1464 6391 777
10856 3486 5286 1868 3328 1203 5353 6396
13926 3486 3984 1434 544
14081 3486 3736 6868 4007 3550 4817 77
14868 3486 4786 6468 6368 164
10114 3486 4501 4884 5829 3827
5606 3486 3238 1383 5091 4682 3003 4893
10467 3486 6660 267 3278 2701 2010
12539 3486 5317 717 1157 2546 5962 3523 951 45 5547 3215 1033 5184 5178 789 5649
19018 3486 2814 3742 5655 481
15391 3486 2502 2659 4211
18945 3486 432 3772 2522
18461 3486 309 2829 4742 4694 7003 6746 3288
11437 3486 3087 4699 4940 5648 6876 1486 2311 5908 3961 2544 4703 4557 151
3547 3486 4922 234
12813 3486 5072 4384 3536 6914
4878 3486 1499 6455 1868 3278 1459 1631 3104 2508 2498 2026 5930 2101 2514 2636 2137 6285 6953
16699 3486 3631 2251 3587 1989 3239 1111 353 2287 6416 2970 4799 4383 2942 4970
18776 3486 2366 2287 5985 6232 1927 1395
15583 3486 3429 1972 1767 5073 2413 6028 4795 397 525
18188 3486 1930 5152 4843
3214 3486 2979 3851 2527 2224 4208 2490 5794 4477 3030
5390 3486 83 2527 1550 3667
10680 3486 5467 3082 562 598 279 1124 218 1455
7826 3486 309 2366 3926 3650 4188 4361 2502 1491 1304 28 3587 3983 6466 1888 6721 856 80 3001 4481 1151 2636
12699 3486 3718 4558 174 5526 3704 2101 6808
12671 3486 2578 920 610 3064 3920
714 3486 3278 1723 2677 4994
13058 3486 6902 5108 6763 4846 6371 4568
1785 3486 5400 6183 2010 4758 4690 4634
12613 3486 338 5064 3318
11461 3486 885 4108 611 5353 4038
14551 3486 3870 6114 6237 2774 2297 4165
19379 3486 6931 2731 6499 2031
13953 3486 6442 6759 481
11250 3486 1772 1844 4596 701
16984 3486 3084 2502 159 6631
5893 3486 6567 4461 3855 2333 536
8346 3486 6660 1072 5433 45
16941 3486 6233 3564 3659 3738
12552 3486 1489 1241
17184 3486 4148
11202 3486 1499
16772 3486 1863 1088 1234 4603
12560 3486 2829 1631 2830
7655 3486 2502 6469 4777 6072 6292 339 2684 1473 1709 2488 2208
9628 3486 3718 3911 760 3181 5840 2101
19119 3486 4811 2079 1280 6868 3721 3626 4846 4682 5672 6516 5184 428
16650 3486 4317 2488 4592
12280 3486 4188 293 4478 3799 6585
14300 3486 6455 1229 6341 2675 5444 5826
6598 3486 2825 4467 5805 2660
15512 3486 2619 4761 4478
450 3486 6217 6785 5516 334
14299 3486 4034 156 337 422 6941 175 6511
11232 3486 1403 681 6208
16768 3486 2351 3962 1689 2459 45
6938 3486 2619 1587 2650 1658 6082
15508 3486 625 7 3746
7504 3486 4233 1360 2359 67 6250 5186 3262 4188 749 179 4161 2225 3226 3587 4758 4902
12770 3486 1419 498 2143 3876
7051 3486 2169 4699 4215 3769 2980 2118 3293 3748 1841 3047
8910 3486 871 5286 1698 3239 1550 2227 3902
2236 3486 4564 4908
5805 3486 2309 2117 3564 2020 5808 1241 2382 4471 4464 587
12127 3486 6168 2088 494 5092 2901 4177
7793 3486 6814 5164 4699 3366 7003 3094 6762 4830 5742 2269 7007 6253 2284
5209 3486 2039 687 6867
5623 3486 5677 6807 4291 1015 362 2633 926 5276 5945 5259 5904 3314 4148 4478
14567 3486 6868 3111 2957 4963 3743 879
11201 3486 710 2483
12399 3486 5538 2337 3818 4898 3227 5142 2023 1998
10796 3486 6469 6152 6785 4855 5074 3516 4728 4718 2050 6488 6957
3622 3486 4893 1440 5795
279 3486 5048 639 6380 4611 4728 498 2442 5801
11776 3486 590 871 4761 1772 1459 5108 5657 815 6785 5353 1903 6984 4611 1024 4405 2980 978 6635 6690 2026 2483 792 6754
15384 3486 1304 6915 3406 218 3412 4478 883 804
493 3486 4257 3727 6195
7562 3486 3494 4742 1585
4108 3486 1916 2509 4284 3741 900
11114 3486 338 3829
11468 3486 3952 4387 6442
15860 3486 2629 6684 5817 2169 383 2271 6876 3849 5353 1188 4156 784 3536 3538 1776 6759 2870 6499 6044 4461 3272 2685 4273 3630
740 3486 3612 595 1419 5187 1930 1010 6436 3410 5152 2294 5104 3406 631 5928 3880
5887 3486 4730 6368 1088 47 5033 1375
14978 3486 4107 1280 3016 2246 2879 3587 3044 4327 1469 2206 2010 5353 6458 4355 6389 6710 4648 2023 4040 6511 6828 6446 2142 1133 544 1548 732 1664 2154 6509 3578 1026 325 6957
130 3486 2502 1928 2814 3356
1137 3486 2351 4291 2597 622
19041 3486 6093 5965 6579 2701 4050 799 3314 1229 4211 2957 3354 6809
820 3486 5939 775 5108 6546 6261 6746 3288 2077 2022 3272 2685 1002
13349 3486 2701 4108 999 2240 5033 4771 2244
13346 3486 2502 3221 5091 4477 1338 4611 3356 1248
7553 3486 2151 362 4259 2594 2288 3626 3391 5515 4682 2957 4221 3737 1776 2632 850
18440 3486 4811 4150 3419 707 5107 2701 6570 5612 6960 3239 3850 4216 3727 3797 3710 3391 3169 6872
18615 3486 3849 542 331 537 6224 1553 1793 4862
17413 3486 5965 1772 2590 5633 1241 2940
9868 3486 1345 6876 6436 3309 498
2914 3486 871 4351 6885 3181 5444
6812 3486 1111 920 6407 1291
6297 3486 2666 942 4478
16410 3486 5072 1660 2483 1781
15051 3486 466 5663 4536 2951 6839 3701 2032 452
11038 3486 915 2717 2791 1538 5361
14211 3486 1491 1203 5573 1761 665 5581 3356 6511 2101 3674 2494
2428 3486 518 1913 1534 2927 587
8399 3486 5579 6518 5068 3552
11674 3486 3035 2502 5049 4722
2411 3486 4002 2023 3644 1194
18237 3486 5284 4541 6662 3185
8667 3486 4096 5284 4397 1552 362 3326 4460 5837 2769 452 2638 4611 5468 681 6126 2767 3685 328 899
4171 3486 1499 2619 6237 930
18569 3486 271 4161 6691 6842
9701 3486 189 3984 6320 6721 136 4410
1734 3486 3850 713 4799 1149 2076
3820 3486 466 1036 2627 4866 4940 4855 1724
13811 3486 1299 1808 6528
3553 3486 4761 6072 964 5350 4211 4496 2514
8900 3486 4885 2825 1088 3652
10963 3486 3934 4340 1603 6593 203 4370 2808
15980 3486 1015 3135 3634 1913 4009
13605 3486 4777 4616 4762 5347
18248 3486 2351 4777 2617 5794 2594 6878 1589
7567 3486 4107 6591 1304 4067 1322 2106 3408 3552 4555 1481 1575 1133 3773 4440 3937 4862
8877 3486 4777 7004 2101 270 463
8482 3486 5048 6261 3272 2685 1002 3349
10400 3486 309 1535 950 2023 1428
19060 3486 6599 3904 4780 3717 2414 2685
14867 3486 2476 4403 2361 2791 2761 79 270
6887 3486 636 3587 6868 5017
156 3486 2922 3675 3061
8833 3486 5912 6669 5353 307 1594 2158
7943 3486 5993 5794 4882
17862 3486 5256 1847 2155 2480
10590 3486 2351 5265 5420 3493 6272 4701
18447 3486 775 3818 2502 4777 5732 6380 5118 338 6878 2023 6635 2498 6083 3685 5516 6464 4893 5081 2285 324
12047 3486 4188 1512 63 4227
14678 3486 2768 4761 4187 6960 4657
12483 3486 5048 1868 6594 2101
10122 3486 6217 1775 6721 4611 1088 4543 3117 6539 3758 5928
5235 3486 2194 1522 6721
18288 3486 6344 2013 4022
13581 3486 2536 1472 4490 6503
9554 3486 2403 2634 1271 6721 6600
5112 3486 2114 964 6882
5438 3486 5502 4527 3391
1036 3486 1587 6785 1818 3652 1149
10393 3486 3487 5518
16805 3486 5579 3314 5113 1458
13505 3486 6465 5350 3206 5575
10973 3486 6814 5579 1060 2125 498
17990 3486 4462 5374 6878 2315
12160 3486 825 1888 5516 5569
18956 3486 5705 1868 7044 1260 2497
13215 3486 6166 3341 3045 915 3095
1718 3486 5879 6507 4613 6690 3452 6066 5545
10254 3486 2160 2194
9808 3486 6591 3814 1915 2057 3993 1674 4292 3804
1077 3486 4945 1575 6098 6147
14010 3486 3634 6548 1229 4211 6676 3224 5936 5012 4994
15557 3486 2629 6626 2775 4222 2596 5281 5059 2683 5821 2504 3819 6605 4518 6034 1913 3005 281 2968 2459 2980 1098 6083 1776 6670
5343 3486 4050 6368 1913 665 4830 2269 4454 4148 1483 1542 79 4285
3637 3486 4777 7022 5639 6237
8853 3486 3254 5401 1686 2335
18778 3486 4156 915 6499
9882 3486 6854 5393 5953 2858
7558 3486 2619 3278 5558 4777 2248 1378
10338 3486 1533 2367 4272 4948 3758 5649
4984 3486 4150 281 1479
7517 3486 4364 2614 6511 7004 1589 162 5041
2430 3486 1186 164 1123 4374 1658 4698 4703
17634 3486 5014 1437 3659
1547 3486 5558 4758 4166 6030 1857
6976 3486 871 6442 4607 5184
4568 3486 1749 6150 6533
14737 3486 4253 2169 1512 4777 3239 3983 2583 3727 5104 2023
4502 3486 3821 3223 2827 4940 1296
6222 3486 4364 1631 1135 6036 4221 1355
1037 3486 4161 1761 5562 978 3390 935 3560 4296 4649 1701 2822 6778 6509 457 711 1498 2586
690 3486 6759 6547
1566 3486 4196 5592 871 5628 2403 6996 2753 4903 2677
18982 3486 4754 4237 5783
8778 3486 1749 6764 4192 1682
13275 3486 2515 554 4095 1737 1744 5184 3404
18356 3486 708 184 2823 922
13474 3486 908 2502 2859 3694 2871 54 3029
15962 3486 2619 5290 5997 203
8968 3486 2366 5478 6368
5655 3486 5408 2239 3540 3599
9800 3486 3439 1913 2026
16526 3486 5056 6202 1255 2831
7949 3486 1036 362 6785 1163 4171 3129 3213 792 2003
10962 3486 3983 1603 3498 1777
15842 3486 6469 6652 1110 3203 784 6882 2980 746 5563 6511 3147
1633 3486 3736 1521 3733 6635 2975 4795 709 5516 2582
17133 3486 871 4777 141 5597 2498 2636
17080 3486 871 285 1400 6442 3186 4227 6030 3416
16009 3486 6442 4994 3773
3218 3486 1937 1015 1928 339 1913 6171 3181 5389
16568 3486 1210 2792 4002 2893 6980 2225 362 2721 5383 1990 6150 5272 911
18564 3486 4722 5350 3354 2208
302 3486 2758 6188 2413 6083 229 4994 2940 3095 1409 2777 5727
4164 3486 1304 4777 6077 3607 6519
16309 3486 3857 2634 3479 2296 6383 6718
18999 3486 2629 3221 5381
6917 3486 1349 1304 799 2159 6195 360 3902 1895
7452 3486 716 6591 4448 104
12135 3486 6086 1544 4190 3272 85 2371
13914 3486 4719 91 5558 921 1260 1166 2825 1005 904 3241 4306 3782 2866 6709 2612 103 4994 2101 3755
13256 3486 5817 1723 6583 1234
6908 3486 6817 5817 5286 2473 992 223 2989 598 3334 1803 986 1660 6309 2023 706 5703
3361 3486 5164 2502 411 2459 6242 2818
1084 3486 2502 6436 943 6380 1458
6110 3486 2619 837 4811 5676 4473
10023 3486 1198 2574 3707 6610 4296
5745 3486 181 6876 3128 4118 1550 6390
13408 3486 1693 4188 4777 497 1299 2770 2452 6545 4423 370
4741 3486 586 5270 6278 952 2275
10727 3486 5515 899
1970 3486 1587 5164 4291 947 3238 6546 4514 6195 665 4830 4227 2620 4931 5928 3147
7001 3486 1110 4454 553 4478
15782 3486 5317 5915 1890 643 5850 492 1434
16701 3486 5957 5522 6867 1861 4825 5810 2523 5581 6710 5553 6619 3614 1637 5928 3147 2567
12959 3486 309 4266 5845 2412
4256 3486 3084 4758 4903 1229 2047
7329 3486 4772 1876 6119 4564 5459
19411 3486 2309 871 3038 391 1306 2026
10439 3486 5072 6980 3239 810 5108 6620 3300 6505 4846 492 1823 5000 3182 4357
10156 3486 6303 5891 4108 5449 1872 3365 5904 4156 1056 4454
1163 3486 5403 3079 5459 338 3264 3288 5979
14007 3486 3009
6126 3486 6436 2311 3782
16567 3486 2366 4361 3934 3019 1088 5863 6239 2940
569 3486 775
6985 3486 6730 2502 5256 2536 6984 3955
3363 3486 2619 5200 3147 3973
5227 3486 2270 2701 2884 2728 4454 3356 3772 6084 2494 5171 1346
707 3486 6821 330 6168 1205
5208 3486 3019 6191
12463 3486 717 871 2502 2349 5387 6816
7711 3486 3750 4599 4662 2899 3224 5936 3966 6098 3968
14202 3486 1772 6902 5111 3597 4478
5012 3486 1698 1631 5373
6402 3486 164 2305 6583 3530 40
4074 3486 2100 4824 6195 6843 5168 4454
2647 3486 5056 1060 6274 4888 6963
1869 3486 611 3823 3597 5681 1699
666 3486 1552 4742 1861 1575 5364 732 3548 6424 4493
3229 3486 4532 6885 3516 6878 5633 3058 5725 6371 2176
7024 3486 5094 4329 943 2638 4156 4516
15770 3486 2264 4156 5189
17378 3486 4662 3870 2305 4611 1947 2284 2119
2245 3486 2026 4148 1836
10621 3486 871 6183 1201 2943 6711 2940 3272 481 6326
9147 3486 271 6168 3523 4748 2438
16131 3486 6817 293 1872
578 3877 2271
2718 2150 1148 6873 2980 1542 6208
16819 2150 4384 2502 3927 5732 2814 43 2565
14073 2150 6785 5783 4994 4101 1505 625 2873
14791 2150 2629 1257 3711 630 3239 411
4703 2150 2351 5558 1233 4929
17391 2150 3084 2814 3742 6611 4970
6958 2150 6053 3899 5795
15746 2150 4899 4188 4777 1532 3057 4171 4496 4568 5812
8478 2150 3138 1472 4459 2323 5184
12903 2150 3262 2160 1111 5256 6380 6146 4531
866 2150 5965 5844 6852 297 3042 5873 2988
8640 2150 6183 1506 5118 4657 2094
10457 2150 1636 1093 3782 2575 2421 6511
8687 2150 4987 3293 540 985
12710 4959 3870 2025 4914 5691
18266 4959 3736 5821 4730 4518 4742 2859 1492 5258 3214 6713 1898 3374
14187 4959 6684 1868 490 424
9853 4959 5995 6491 2302 5850
6317 4772 6805 4450 4420 6782
5158 3512 2166 3098 4690 506 6670
804 3512 3742 5904 3523 6442
15366 3512 2829 61 3626 5423 3902 3229 1058 5878 5621 2101 792 5338 6216 3349 1993 1089
7894 3512 2366 1459 128 3129 2957
6782 3512 1698 4375 4387 5629
5306 3512 2482 3308 3437
9266 3512 6367 2814 1559 5776 2980
603 3512 4758 5252 2767 1704 2142 6211
1440 3512 4814 5547 5928
7205 3512 4161 2106 5816 4657
2826 3512 4834 5204 4618 5621
2774 3512 3471 2459 1212
12389 3512 6511 2101 1487
2351 3512 4291 5379
6994 5243 4472 6133 3232 363 5055 3427 3629 1489 174 1020 1233 5486 2598 6870 5973 5577 6134
15808 1631 1335 2826 5929 2696
4487 3239 1798 45 3599 3147
12926 3429 1522 6400 5547
13311 6817 1304 3554 1927
4071 4364 4855 2664
549 1897 5091
5357 1293 2619 1916 2322 3934 5247 3395
8514 1293 6821 2792 3851 805
1617 75 2715 2529 5967 5147
15590 75 4401 1868 5310 152 4216 5353 2659 6746 3356 1610
15937 75 4096 3133 393 6465 4611 806 2026 4771 2941
8363 75 4811 3576 2523 241
16749 75 1631 2977 1260 4180 1517 4227 6568 4720 6713 1710 415 1766 1212
1569 75 1286 2689 4859 6434 4869 2940
19215 75 4107 5048 2192 2509 920 1760
1437 75 1966 4839 5651 2660
11371 75 809 2701 6203
14561 2629 5056 91 859 1260
7849 5286 1868 665 6878 3201
8669 4993 4603 5929
8569 4453 85
18748 6469 2932 4154
16214 4150 6095 327 5979
18123 4161 6086 5959
6870 1025 3254 2440 5866
5056 1025 5342 1360
6746 1025 3736 398 4384 6902 2502 6412 6483 2583 3057 1535 1472 2647
19432 1025 2619 3254 2100 3979
1863 1025 799 4334 3626 556 665 6314 6188 2685
8598 1025 2351 3026 2386 363
4828 3815 35 1877 4132
13957 3815 6429 2899
8603 3815 885 1175 1858 6868 639 6306 1097 6015 1110 5350 4682 1694 2312 5725 5997 1434 5880 915 218 594 2716 1058 5878 3272 3147 4219 5540 769 650 6396 4224 3876 1219
2940 3815 5912 3400 4156 3272
4736 3815 4188 1304 1913 4066 5252
17973 3815 4868 3356 2118 88 2453
12763 3815 5947 951 3813 4461
17339 3815 5514 1868 5152 5251 1130 6746 6531 2239 3630 3491
8872 3815 254 6466 2128
7231 3815 3618 271
13128 3815 4433 923 1632 211 3310 6474
11483 3815 1874 6915 978 4879
11574 3815 4233 3577 498
2875 3815 4705 1637
7213 3815 6374 4108 5353 5501
7637 3815 3268 4900 6746 4461
3910 3815 6868 6785 3942 486 222 6499
10451 3815 1304 494 5373 5904 1839 5074 3979 5655 6763 400 5047 5800 5229 3644 5838 3201
18588 3815 4626 2100 5350 3030
18213 3815 1489 4808 1178 5547 219 2323 1058 4170
16148 3815 3278 2508 1148 6721 1503 6568 3444 4148 6759 203
17557 3815 35 6434 2669 3540
17639 3815 309 5072 2508 1686 5880
1329 3815 3207 1054 3279 6789 3303 2084 6546 1652 5905 5763 2406 1641 4843 5279 2026 4104 6514 6232
18424 3815 6660 1587 2983 4149 1032
3765 3815 2377 2100 2509 2869 920 6763 4227 2980 4905 2324 714 2049 915 6545 6499 6700 3318
7608 3815 1667 3232 5195
17076 3815 5286 1020 338 915 6743
10260 3815 91 534 1420 480 6984 6389 4476 3356 5678 5217 4369
6226 3815 500 3587 353
6817 3815 4508 2596 6954 1838
19001 3815 633 1868 6868 1946 2010
13788 3815 5286 2502 4161 91 5282 2224 2271 339 1322 4909 6195 978 2062 2562 2137 2568 625 4506 190 3859
13350 3815 1491 4242 5916 2583 2395 6309 1321 2026 5728 6594 1127 40 3599
17918 3815 887 2969
15916 3815 3850 6785 918 4882 762 2876 2961
2097 3815 5993 327 1556 6258
3925 3815 2194 4822 2100 365
7748 3815 2366 2473 3278 1304 4095
8697 1614 4599 5353 2305 145 437 6594 5855
17926 1614 4107 2986 935 2154 2219 6782 3859
9485 1614 5821 4223 3239 2647 1987 5024
13485 1614 2583 4535 1114 5053
12207 1614 309 452 4611 1585 1162 4043 5171
7687 1016 4707 2447 639 4235 7003 610 222 3182
16758 1016 3736 5821 4050 2730 211 5443 6937 1947 3992 1149 1914 5015 5172
12647 1016 6817 4108 2649 395 2305 3430 1413
981 1016 4303 2647 4662
4195 1016 6817 160 2169 2502 1304 5628 2906 2581 6274 3352
8496 1016 2390 2418 3749
5262 1016 6485 3683
17144 1016 4361 5309
12596 1016 4699 1804 4477 2305
1917 1016 1137 3337 4759
6036 1016 5677 5193 5745 2367 2311 74 345 2903
8110 2859 1271 452 4897 665 1769 4452
14570 871 809 5514 3278 3172 35 964 5695 3898 4810 4846 4148 2888 5979 2101 2562 4170 1857
14622 6730 6068 1876 17 4485 5674 3430 678
8932 3736 5502 2504 3852 2463 2367 2638 6549 5783
16146 454 4256 6442 4611 4383 3691 3300 6488 1291
13131 6691 3408 2304 2072 6984 6614
7153 1499 4777 3385 4011 6878 1438
16628 3479 4259 281 4418
16947 6215 5040 3428 5837 2814 3870 6847 6843 887 4884
14525 2629 567 3057 3626 6843 5423 2980 978 3356 553 3772 3114 3353
660 2772 1749
19122 775 5142 4527 2068 5925 6309 6882 4682 2405 105 1487 6213 2761
6506 5074 951 586 277 4771 255
18441 5579 3126 4611 5468 3685
8906 4699 338 6571 4994 4686
4188 4351 2583 3439 5468
17401 6660 91 6832 2101
4617 1557 1997 2405 906 6406
4850 4212 6868 4903 904 5063
2328 1781 2927 6025
22 6299 3883 4978 3057 5959 1804 3312 6083
11211 4267 1489 3495 5353 4611 1110
4846 6320 2684 6229 3544
9504 2647 3870 4476 5130 4584 3466
9150 1839 6675 6539
8412 6660 3494 2469 3983 4662 2767 2632
10194 4150 6902 3278 7003 1660 586
16032 2523 338
4250 518 3729 153 3713 6169 3452 1509
16807 5830 3848 973 5854 5657 2583 2647 2305 582
7431 2269 6616 1032 2428 5002
3191 6732 2670 3730 2665 553 2291
16959 5048 5732 639 6843 3312 1639 6537 4148 5979 2625 4357
11247 3533 427 4758 7014 1761
13155 2305 3963 7006
13706 586 3685 1081
15728 1048 5286 3851 3133 5995 3556 799 1041 1489 2583 3057 1377 4477 6721 4611 688 680 3356 5047 6511 2582 26
1147 3235 4511 1509 2284
13198 4938 627 4914 575
5177 1868 3227 3326 2647 956 1639 3341 2632
14331 945 4590 4940 1009 1913 175 6757
2009 3126 210 5956 6785 5908 4444 5029 2216
594 6730 4364 4835 5752 1078 4383 5979
16318 6868 2032 6843
16614 2351 3277 3852 6605 799 3733 141 452 6315 5088 6195 2025 6843 1624 3312 586 1743 823 5341 4537
13638 6613 4383 5053 328
9582 5278 1222 6593 5781
2589 1916 1459 4267 6868 4722 2461 102 2025 3130 249
18972 3752 5072 4835 1787 2632 1243 1133 1577 6209
12312 6320 6843 2876 6981
12831 6730 452 1389
12513 6730 6345 6868 2395 3869 1114 1732 6594 5724 1074
2252 2632 5855 3640 4315
11370 590 2578 4785 2502 5579 6086 1913 1410 5259 6762 6878 2023 6041 7040 6644 1149 2480 2909
4451 4613 6756 2341
17707 765 3057 943 243 3644 40
7447 3821 338 4728 5979 6981 5996
8405 4599 7004 2632 4042
4272 2100 2814 2471 334
3431 3104 2583 6738 1708 338 2405 2208
2254 5468 37 3674 3784
13974 5688 3239 4662 1624 1389 4511 902 2146 6120 2323
8693 2552 3326 1055
11795 4267 5768 5979 6488 5555
2242 5912 338 5197
7531 3428 3455 4192 4584
12812 2647 338 2308
10474 4611 4383 670
10839 865 455 4611 3544
273 4801 2583 2305 4611 3801 1955 5880 1947 4314
2519 35 1804 281 2670
16089 11 5074 4611 328 6708
13120 1419 3326 6762 5316 4611 338 5468 2405 328 79 6756
18855 5054 5193 6868 2583 338 5026
3451 1264 992 659 5503
13710 4345 5530 2617 209 351 2684 2498
14898 2502 4133 3264 2975 6759
4792 590 91 5494 1907 1405
13236 3002 2814
11840 659 4108 1592 3769
12149 3825 5360 1591 498 1567
17673 999 2949 1550 1436 4965 6751 1134 2628
10271 2502 4426 4940 5179 5810 2488 844 5047 6942 5000 4162 2284 1291 2094
11193 5579 3245 6566 4978 2106 6461 1418
17966 2991 4738 4777 1913 2498 2940 5632
7239 1772 4832 2790 1429 249
12424 4145 2980
5440 6315 828
5405 17 4007 1917 2940 2021
4104 2423 440 6619 1986
18423 1628 5710
7794 6305 5111 6762 3904 6132 931
1284 3533 3239 4742 2376 911 5844 2905
14765 2827 1913 2198
2154 3576 4153 850
9267 430 820 5545 6512
8529 1905 867 4787 1304 1225 4230 1335 1248
16688 2151 1946 986 584
7347 1631 2912 2517 2815
6724 3262 5877 7003
17103 1230 2057 3239 4758 3837 2294 3552 1088 4830 5652 3985 306 3398 6402 4022
7456 5284 4384 6390
10324 6053 2569 6721 3837
6014 2797 5817 6468 3245 3128 2372 5420 4476 3493 4525 3310 6137 3969 1149
228 5637 7003 3532 1229
14886 546 639 6678 2684 726
15643 5939 1507 6123 5788
8933 4212 1446 3262 4188 3038 5628
1596 4212 4953 1006 3230 1472
2478 4212 4188 1304
16539 4212 2885 5579 4950 1512 2332 706 4008
17402 4212 6902 3183 5256 785 6865 2560 2059
19273 4212 2502
11098 4212 399 3191 7018
459 1358 2619 5187 403
6430 825 3924 5172
9148 2829 2502 5821 518 3227 2390 6785 1394 1791 3492 4846
7916 1582 4467 3385 3536
18084 2527 1473 5178 5082
8244 4253 319 1587 4069 3587
533 1053 865
4 2509 5794 5597 5024
12722 4253 5582 859 5383
2469 2829 6902 4699
4977 1865 6389 6548 904 2334 3215
17873 3747 744 603
7569 4825 2980
1113 1566 2893 2418 3882 2074 239 730 175 1241 631 6511 1215
3185 3059 1304 3014
6145 5782 5677 5875 4056
16070 5782 4096 6568 6188 2598 4986
1010 5782 4859 2459 5381 1917
11063 2829 4050 5956 3850 1708 1603 627 2750
14370 3736 67 2251
10164 4690 3619 5350
15374 164 199 5841 203
18629 1499 1723 6868 1681 6493
14050 1009 5194
6698 1175 63 6568 4710 4718 2975 3114 4464 1243 6044 540 1993
204 6442 706 3992 4524
6271 6622 2693 6992 6648
212 2473 3494 5129 1481
9466 825 2050 4190 4920
16090 5592 707 1631 4777 1283 6150 703 1271 2753 756 6931 3626 6383 6171 1603 71 1776 3707 1481 5338 2073 4763 3446
18933 6217 1405 5063
11273 2772 6660 5945 2753 611 4025 5259 1603 2023 6371 4019 2181 5338 3599
2707 2772 344 2100 1165 3298 3979 1550 6061 5674 6984 4830 5441 4133 6530 1823 3295
4720 2772 5817 6691 2634 59 5695
2829 2772 2351 5397 2010 1864 4825 6511 1149 5178
19250 2772 178 339 1596 5511 2603
17770 2772 3631 1868 1030 91 3897 5448 2010 3825 6230 3094 5674 4048 5105 1621 7022 5443 2315 5547 569 6239 637 741 5998
6047 2772 4397 6645 2975
5417 2772 2885 1810 766 6928
10542 1759 4730 2100 5776 5740 2625 3272
13541 1759 4161 6931 4701 3829
18836 1759 785 3724 5147
10861 1759 4777 6876 5876
9054 1759 4971 91 5818 1497 4039 1346
4611 1759 5693 3133 6902 6915 4777 5142 1535 5581 787 6371 331 4560 2101 4568 3674
18694 1759 765 1072 666 1671 2642 785
16619 1759 3326 4982 3425
10857 1759 2629 4161 666 382 6878 3480 3574 3992 1375 6056 826
1053 1759 1775 1506 1114 4383 5500
17658 1759 3700 2111 1980 1322 5387 6614
12675 1759 5579 1041 1719 1509
11460 1759 6012 5232 5515 2023 3716 2323
1819 1759 920 2677
7337 1759 1459 3940 2814 3742 1562
17448 1759 2309 775 636 1587 5286 200 4460 5837 2353 5353 1804 3925 6738 1097 3574 3416 2856 4671
8438 1759 687 6785
15147 1759 3631 5579 1729 920 6746 3773
10440 1759 867 2977 2064 1521 4490 5435 1660
1602 1759 3278 1228 6536 1836 793
8449 1759 3631 4922 6660 3851 659 4235 6785 5036 3626 6063 827 2446 6114 1776
15677 1759 2337 6205 6785 1890 6865 5103 5350 1435
18336 1759 4730 3239 639 6703 1727
2229 1759 1485 4518 999 2906 1645 5103 4947 5097 6711 6446 2062 5444 2470
9232 2788 4922 6854 1868
3132 2788 309 2225 4590 5868 4351 5796 3123 6368 2814 1506 6466 573 2497 2156 4994 1319 2927
16973 3631 2443 6368 6785 2159 3613
13396 3631 1868 3278 5323 5353 6721 6583 4830 6568 5691 2873
4727 3631 4364 4787 1268 2825 1987 4156 5140 6030 3737 6499
14815 3631 6605 1240 5706 1373
7719 3631 3736 837 1511 1260 63 3395 5681 5692 3599 5967
10112 3631 3494 3722 4830 5903
16422 3631 3700 775 3877 761 411 799 5353 3721
18789 3631 178 6299 664 2390 1225 491
8817 3631 4397 4188 5821 1631 785 920 5104 3354 4879 5012 2089 1451 829 2568 4774 2699
15170 3631 1499 2309 2619 5891 2337 6660 3818 871 5048 1304 3853 4050 6150 1419 5522 6368 3823 6865 665 3425 4846 4454 1159 2101
2343 3631 4327 3439 1534 6644 936 4980
15333 3631 6455 765 2172 3383 6644
16939 3631 775 6640 1401 2239 6670 1534 316 5405
13707 3631 1304 5152 2731 2960 5338 5566 6740
19316 3631 2423 3718 2063 3694 5353 5091 920 4605 5691
3508 3631 4107 2379 1916 2502 5912 5113 3354 2157
12713 3631 6660 6902 4839 6323 2023 1133 2101 4946 2927 3234
17203 3631 920 1110
4050 3631 2270 4062 167 2590 1018
19222 3631 5705 1587 6902 2502 4626 1838 2527 4777 6086 3439 1559 1088 1852 951 6872 45 4454 498 3613 1795 2249 6371 3798 1405 6145 1243 2935 3122
3076 3631 1175 4108 6323 691
2116 3631 5286 4242 6960 1420 3983 4462 2994 5350 1253 2155 6511 4321 2137 4367
9499 3631 4257 3038 1870 4090 1522 4900 4514 3346 4227 3636 4767 6942 1248 6943
15193 3631 4996 6730 2578 2346 1934 2502 2443 1698 1989 4742 6785 5353 1864 164 1671 6721 920 1097 1743 2960 3361 6600 6701
17074 3631 6096 1671 1401 5936
11853 3631 5987 1858 856 4879 2595 1058
17090 466 6817 3227 6368 164 726
8318 466 1587 5059 1765 5408 6468 6086 16 964 4462 5252 4477 6014 2101
3677 466 3736 5817 943 1253 4762 3392
18433 466 3564 6118 2980 2863
16310 466 3169 3129 1699 2858
11522 466 3587 5936
19387 466 3814 3897 6252 5889 3272 3102
1758 466 5689 2169 3239 2112
11198 466 2629 4460 5091 2770 1903
7684 466 4147 6086 6527 1671 4633 1373 1018
12657 466 6954 5558 5564 4166 4456 3767 3354 835 3406 4893
17515 466 4196 4472 3254 4777 6415 3928 4885 5962
5433 466 2829 2064 2573 6785 5353 760 3727 3391 6882 2650 5850
5469 466 2395 141 5091 416 5516 954 4970 3540 3937
8364 466 6792 6730 5852 1094
42 466 6315 1878 2204 6285
3358 466 3752 5514 5837 4009 6882 3390 6434 261 6981
12052 466 636 1711 5908 6818
16623 466 5286 5579 2443 6245
3310 466 3718 2504 4777 3595 104 1535 3721 1556 3272
271 466 1203 4940 5290 2855 1678 249 203 5829 1707
4527 466 3752 3511 2502 4161
9845 466 6195 5783 2883
5687 466 5821 4454 827 2582
16555 466 2169 4731 1860 3918
6968 1885 3644
701 5784 3150 1458
4761 1723 3636 566 2761 5194
7733 1937 1015 2986 3782 2050
10746 6878 4028
3408 2502 4775 6020 4358 785 5360
12953 3131 2879 1157 1479 5627 1737 2791
5293 5677 4717 322
14449 1937 1876 3624 339 6785 6448 128 4399 5936 2995 6398 5149 2592 5378 5710 5649 4493
14293 4967 1552 3386 3239 3279 1419 1946 5912 3983 4740 1354 5272 1394 2372 3094 821 5021
4421 5854 2353 6785 338 2849
11670 503 3038 3997 4900 4705 3759 6930 5469 3632
6308 1723
17689 4527 2026 2101 6930
17738 6684 5514 5558 5648 2436 6930
2799 867 2886 1188 6939 3513 6930
2573 430 1723 1496 5730 2362 2101 5194
16929 3821 791 1876 1394 366 249
15766 2359 837 3478
7783 3569 4762
3628 1723 4913 498 5504
16276 1723 7004 298
2053 5502 3252 799 2390 2617 4428 6597 6785 1394 3882 4876 2497 3614 6114 1333 5880 4701 250 4177
5239 1860 6499 2143 3892 1355
12354 6792 3239 799 1131 6419 1100
16630 6792 28 992 630 152 1059 6124 3347
3829 6792 4253 4108 6678 6104 2047
18597 6821 3736 1499 5286 4846
17111 6821 2366 4291 1359 1755 4135
19436 6821 4953 234 4749
16908 6821 173 1060
14583 6821 3618 1501 3587 482
16762 6821 1323 1749 2891 7
13071 6821 1250 3736 5879 4227
15503 6821 3120 3096 1552 3587
454 6003 3736 5821 35 1441 3983 493 833 3283 1987 47 6309 978 3356 940 3578
18179 6003 5403 5936 3968 5102
3574 173 91 1181
18145 6168 2977 4323 5742
2933 4359 6510 5079 848 3098 80 1368 5996
10802 1304 4050 4477 894
7713 5436 1204 6129
13386 716 4107 873 5783 6999 6449
17537 5817 3232 3429 4234 4161 1491
14680 4867 1913 1754 268 516 1443 175 6711 3295
16361 4867 3533 344 5087 1234
18014 4867 2246 1767 6960 5993 210 3439 5152 3079 6171 5104 5903 6746 3037 54 2514 5683 2336
4441 5380 5243 4558 5743 5252 5017
3715 5380 5214 6468 5667 5439 1886 4080 2957
1716 5380 2309 5048 4156 6314 4945 2957 3644
14512 5380 4150 2100 1228 2577 3368 2044 5901
16820 5380 4079 3227 4599 6744 1437 5501 5168 5759 1646
18364 5380 775 6868 4079 2393 5274 3626 6721 1791 4607 5516 2685 3670
2978 5380 4910 5104 3737 4936 3901 2927
3880 5380 5693 6172 6868 5108 4564 5350 2023 5729 4370 2973 3906 1857
3983 5380 3505 1050 4575 5714
2341 5380 6902 2508 968 6483
7043 5380 4786 6660 4188 2502 1868 4730 4777 248 4527 5323 2906 6880 5353 4340 4830 1556 3169 4816 4133 2980 978 5350 5714 5184
274 4786 1847 2399 4905 4820
16822 4786 774 4364 1574 3434 6215 4825 374
2394 4786 5286 2713 4626 1876 2879 6589 5265 1339 2581 6274 6100 6222 1818 1473 1886 918 6548 5808 4154 4210 1021 498 4496 823 4434 690 1781 3477 3653 1548 3892
5970 4786 1723 2047 3248 6610
14710 4786 2629 3962 3564 1097 6232 2940 3302
3068 4786 871 2502 4161 5732 6314 3341 513 2023 3961 5672 4792 2361 4615 3599 1074 3353 4101 2628 3193 3937 961 3548 4530 6778 4224 3483 5370 4663 853 325 190 3243 3589 2123 6439 1498 3541 2674 6957 6782 3669
17512 4786 6902 307 1295 2101 3234
5147 4786 6660 1304 5579 799 1260 5794 6721 6195 6583 5104 2980 2483 5545 6216 4246 4085 5171
917 83 4204 5564 6721 2323 5860 5804 4701 235 5953 6594 5724 4478 5767 2480 5668
16086 83 6730 943 4611 6405
4382 83 1532 210 104 6785
18301 83 2728 3428 1676 6610 3234
9507 83 6217 6721 2912 5204
9609 83 4253 1937 2082 5431 4699 1225
2467 83 210 911 3729 6396
4995 83 4971 4520 3 6293
19242 83 3850 2487 2867
2119 2366 234 6121 2502
717 1916 4188 3851 3316 5323 6785 4932 5311 4846 4930 6446 2101 792 3972 2340
2318 2346 3429 1535 4049 338 1842
3842 1264 2583 6583 5197 5327 162
11600 6815 4397 3386 339 1401 1451
17489 6815 3238 189 3346 1655 5350
19152 6815 336 4497 3979
529 6815 694 6183 1458
10922 6815 3821 362 6233 6436 6315 4477 3767 4190
15 6815 1015 4940 1148
4196 6815 4397 1072 3267 5276 1331 6576 1174
5925 6815 512 616 2101 6750 6363 46 1084 4513 6502
9934 7025 4433 6121 6436 4477 1800 1024 4820 969 2208 2636 3168
9543 7025 2225 4777 2728 3514
7525 7025 1698 5904 5709 3288
10895 2629 1036 5819 426
16589 2629 5056 1304 5579 2827 2296 4832 5087 6511
17780 2629 1175 2122 908 5965 307 513 5204 5997
17985 2629 2814 3662 4357
2787 2629 5979 6069 1194
6181 2629 4558 2965 1234 1440 1588
16668 2629 5987 1631 6915 5353 3391 6762 6343 6872 4537
6608 2629 3852 5149
11492 2629 293 3082 5805 4295
5181 2629 639 6505 5283
15987 2629 5558 2814 5655
14190 2629 1417 3278 4477 376 2023 5997 5936 5184 2308 2808 5172
11131 2629 6324 4289 5489 2814 6777 1559 5936 1149
5766 2629 6730 1479 3257 6511 1407 3204
62 2629 2502 1373 6269 4156 6872 5633 2609
144 2629 2980 978 6453 359
11372 2629 3035 2502 6361 5547 2101
7298 2629 1973 5965 4777 5713 4825 3904 2449 5184
10825 2629 871 6902 179 4719 5282 5383 1217 955 5252 6380 854 3181 566 6937 6311 343 1252 4299
5441 2629 5094 2346 6210 3254 1203 5121 169 4698
11891 2629 4922 3986 469
6218 2629 4738 361 6195 3216 2101 6700
9490 2629 2403 6095 3451 5743 4662 5350 2870 5178 3674 2439
262 2629 2693 3820
18420 2629 3533 4161 1521 1535 3797
7626 2629 6465 3062 924 3963 6447
16304 2629 6303 6939 1191
6730 2629 344 6344 1009 1260 2376 2161 6419
11290 2629 4426 4742 4067 1131 1486 6908 2497 2387 5936
14703 2629 1648 978 180
10299 2629 6442 6188 4679
17706 2629 5108 1683 5353 6872 5575
16093 2629 97 1588 2878 525
3004 2629 3700 5478 908 2868 4307
16442 2629 5049 6678
2565 2629 6814 2906 4855 3721 2650
5751 2629 3505 5936 4478
10546 2629 4115 1344 275 4357
14685 2629 1407 6022 5647 1177
13192 2629 1849 5297 1070 5997 5800 4771 6855
3539 2629 2420 209 1921
5969 2629 2064 248 4855 3516 4454 3966
7307 2629 4257 5965 871 293 1304 5408 2166 6628 323 2723 4599 2305 4156 4611 918 3385 1791 2260 1229 338 1062 951 5462 6878 2413 5389 5979 4970 2870 1917 2632 4701 235 3880 6488 334 3095 6084 6489
16448 2629 3239 6878 3306 6511
3471 2629 5957 362 3742 2868 1689 1020 6063 1559 6548 4022 6759 1953 6804
1395 2629 5502 4289 6785 1535 5936
8167 2629 5050 1587
6638 2629 932 1203 3962 1913 556 2980 6750 2470
17197 2629 4719 4832 4758
9778 2629 4719 3329 5992 6120 2940 6918 1588 6892 966
16109 2629 6885 5785 549 3128 2304 3869 5373 5950 2025 566 6942
10961 2629 3239 4090 1166 5443 1895 4853 2480
1697 2629 3718 6854 4911 1967 5939 6932 2064 2264 2100 630 4017 1511 138 1468 3290 4534 4705 6261 4297 3411 3030 3299 4710 5017 5279 3772 3513 2685 4170
19186 2629 4632 6237
11749 2629 4536 6914 769 1083
19168 2629 6383 6531 6808
11996 2629 336 3210 1157 5108 611 2483 2448 6395 2699
2944 2629 639 5353 5763 6545
14447 2629 4002 200 5278 5103 1241 1481 1405
11937 2629 659 1260 3505 6593 5943 6145
14117 2629 5547 1931
8031 2629 3736 1858 6789 2418 3566 2276 3204
13678 2629 5072 293 6824 6915 1228 2023 5212 3491 1252
13608 2629 687 189 411 4454 767 6111
18939 2629 5011 4918 3759 4507 4854 6676
5749 2629 2351 3118 1299 5353 6044 7037 1193
10741 2629 4291 5558 4323 5397 6114
13977 2629 4188 6885 6759 4701 826
5464 2629 4575 3206
8270 2629 6975 708 6203 6808
4852 2629 6626 1417 6785 7007
13383 2629 3120 5663 4911 234 1015 2502 4202 4017 6648 265 2930
9457 2629 6196 6468 4777 2161 918 3441 6211
18327 2629 4785 4291 5108 1228 6597 6442 2541 2399 5026 4879 5521 5800 5249 2280 3491 79
11898 2629 1490 6436 2744 348 2317
2034 2629 3576 1088 4830 5516
1352 2629 5152 2459 3969 433 5378 5619
10868 2629 3239 663 2334 1955 5000 331 6022
157 2629 2596 362 2390 815 5785 6721 3391 1624 6126 3444 6198 6863
18947 2629 2527 5049 2825 3904 5350
14608 2629 590 4002 4281 4374 5547 4970
8220 2629 6902 4351 2583 177 5415
19008 2629 1459 4382 4709 3214 5819
4371 2629 4188 4567 4198 2195 2395 2769 3289 4383 4454 4306 5204 5112 1777 125 5632
12803 2629 6367 2502 6469 339 1452 856 6511 948
7506 2629 2992 6207 2208 2424
6457 2629 2337 6133 3850 2651
13208 2629 460 2689 5817 4590 5353 4868 3516 7003 6568 3045 6951 3114 5889 6423
12670 2629 3747 1304 4050 3659 3741
6202 2629 6817 2100 3523 4227
18907 2629 885 4991 2502 4940 5448 5816 7003 2498 6850
2876 2629 5502 5185
8860 2629 4940 4599 5837 281 4868 1679 3870 2025 3536 2811 1743 5832 3644 5285
1368 2629 5286 4115 3239 5915 5637 6436 6865 4477 6230 1158 5547 4718 5341
1020 2629 2403 6793 2617 104 1479 2731
1089 2629 2473 3278
16841 2629 6626 1499 3818 5579 4807 2064 5049 3239 6848 2354 4885 104 4485 3516 6195 3855 4937
11180 2629 6932 91 362 1749 1825 3564 5207
4820 2629 6826 1768 1458
13194 2629 1966 2063 6205 93 1560 2299 5627 2960 5238
17046 2629 3035 1015
4073 2629 3035 2977 4289 2509 4462 4166 4511 5381 5204
10442 2629 1304 905 5397 6785 978 1901 1895 4929 4273 6027
6669 2629 362 964 4251 6546 4507 239 3782
9539 2629 5048 4223 2509
6122 2629 6635 6844 125 544
15885 2629 3718 1260 3961
18957 2629 5689 2309 4291 964 3850 3385 4544 2826 3905 4960 6598 2918 6700 850 5668 738
13783 2629 6626 6196 2690 1888
12793 2629 1489 6195 6514
14301 2629 4291 1749 2770 2888
2309 2629 4188 4777 1535
13623 2629 6626 6814 1913 2372 4493
17236 2629 6034 6872 516 2023 3354 6371 5863 6464 4649
14035 2629 3866 6807 2502 3060 1094 549 3128 4462 6195 3523 2871 806
19392 2629 871 6168 5821 4323 1927 3599
181 2629 1072 2508 5074 3904 3968
17585 2629 1446 3210 120 2023 6371
17032 2629 2366 1069 1791 5350 1211
4011 2629 5592 1937 4976 2151 1304 5579 4807 4777 5732 810 4940 799 5912 1632 1053 5794 6498 4903 5728
9530 6626 3736 1658 942 5700
16177 6626 5164 1359 1491 91 2224 1749 5489 4856 2067 581 5604 4846
10371 6626 3038 4903 1440
15116 6626 5965 2745 2160 2248 17 3634 1437 4672 2677 1067
7177 4233 3647 500 1221
9908 4233 2502 1345 4742 2390
16514 4233 5879 6510 3096 633 972
5998 4233 5056 4291 362 430 1749 805 2721 6491 1853 1041 1946 3887 339 2490 3428 4505 4488 3524 5604 6511
168 4233 3736 5978 3059 676 1582
14166 4233 2845 2904 3636
10360 4233 6814 1858 1288 1846 563
4271 4233 1210 2169 2502 3278 91 595 1283 1535
6259 2368 309 1997 2387 3737
8596 2368 4108 1535 5453 6523 6083
4321 2368 6260 5191 1402 3038 362 6150 3983 4885 1913 6458 785 4927 4830 1401 903 3540 1809 4757 3192
11773 1203 6785 5353 3235 3502 1603 2574 957 3540 6818
18993 5689 707 6430 945 6166 1304 3439 1032 4883 1243
11096 2390 5865 5354 3555
12150 867 4291 6949 5977 3600 2329 2985 4535 6171 2294 6397 4816 5131 2613 4404
17392 5821 6249 955 6882 5215
4269 3094 6763 3406 2612
13442 4948 2269 3354 1565 1898 2244 6999
10054 2502 5908 4594
18126 6763 4994 40 930
18767 425 4239 3649
17550 5191 4451 2063 5037
8062 697 5350 2208
4214 1665 6122 1434 2870 5996 792 1992 4353
1728 6455 6210 1344 3360 5129 1679 4156 4830 3902 6878 2980 3356 1923 6499 3966 1895 1575 6208 2101 4277 3234 3937
2201 590 4401 200 2633 2590 2106 1936 4859 1233
15260 636 2466 2249
8032 2502 1203 418 5386 760 307
11983 3919 3211
14085 1387 2730 2490 4722 1449
12908 647 1884 5102 5647
286 91 4699 5088 101 3899 954 1927 793
2851 647 3851 5353 265 1479 6145
11408 647 529 210 3260 4560 3491
13144 647 2393 5931 6568 5555
7999 647 35 473 6789 2047 6584
17109 647 6785 1729 6511 5647
10499 647 2390 725 3356 2935 3876
15048 647 2366 2502 4561 5522 4462 6171 6340 3215
16594 647 3062 290 6568 808 673 3257 714 1393 2740 221 1412 966 5826
16377 647 3084 679 6882
564 1256 4364 351 4773
16868 1256 3857 6214
18027 1256 336 5817 5408 3014 4868 1509
10230 1256 3278 3781 5547 5184
15558 529 5739 790 6574 3257
16339 529 4017 5519 5831 3153 3310 2844
9126 529 6436 4477 4682 4369 5569
16689 529 6352 5350 5601
689 529 309 6715 6217 1175 5815 2116 1866 3523 6052 950 3960 3201
6783 529 6923 2728 3491
15549 529 309 5592 6217 1916 5817 518 6868 6551 4855 4662 4340 4611 6746 4454 4682 4306 106 2975 1776 6681 2439
14513 97 1800 1243 6044 1588
17968 97 300 2206 5800 3147
16060 97 6886 5904 1496 1306 3902 6635 1588
11501 97 6759 3889 1588 2927
10244 97 4477 665
17425 1250 2359 3385 2992 6568
5344 6045 837 1175 3138 340 639 2230
5860 6045 4951 3974 3300
822 2039 3700 5939 5256 6063
13204 2039 1967 2657 1225 5866
7441 2039 2013 2168 6371 3868
9505 4996 6733 2590 5519 6086 1299 488 1878 3966 5804 5930 3463
1703 4996 4002 810 2469 5913 5744 2395 4830 1479 4846 4454
10980 4996 400 3333 4192 5277 5184 2126 3095 2470
973 4996 6730 1264 3445 2476 6323 6746 5682 933 5178
10476 4996 1789 1166 3523 2638 4341 4211 1287
17781 4996 4777 6313 3727 6878 3574 5063
15538 4996 1631 7029 5091 5063 3491 1649
877 4996 5408 2064 4202 6419 5786 6014 1401 2980
9246 4996 5323 1172 920 231 5901
18095 4996 5353
3110 4996 1260 4363 2021 3802
17868 4996 3833 4950 799
1310 4996 2937 4108 5866 4718 1405
5911 4996 2893 4590 3111 5353 6746 4087 1149 2244
4452 4996 4896 6840 1535 2956
15827 4996 3210 2390 4910 1791 2260 2651 915 5261
6579 4996 3262 5108 950 172 1880 6512 6395
5087 4996 4400 4617
1132 4996 918 3717 3150 1458
354 4996 1110 3521 1575 2101
18553 686 3035 1103 6677 5312
1835 686 4062 1304 340 1108 2047
10881 686 6902 4490 2980 2231
17718 6053 362
17595 849 6583 4932 978
5148 6400 4541 1709 6759
4069 3727 2565 6132 5112 1248
3256 7028 6237 5474 3632 4652
14183 2627 614 1723 3289 303 4846 706
40 3727 4281 4816 6145
11744 3850 3155
8562 2366 2502 362 3733 1808 6721 4156 4830 47 1655 610 725 1737 6950
16384 5459 3538 626
10223 2578 4364 1304 5333 5732
19252 6721 1174
7122 2829 285 3239 5323 6368 2814 5353 2305 887 2026 1032 1756
7187 6777 153 2862 3599
16030 4222 6921 2527 172 2927
19131 5426 6984 5424 3147
14068 293 2502 5350 3685 1243 4980
6206 6817 920 5746
16165 3736 6730 5353 2483 4792
8142 3439 2481 45 3354 1650
18034 4222 3788 902
15198 4761 5514 1928 1434 4268
16510 5794 6505 3354
15049 1389 6309 3234 6788
15145 4150 4108 5787 1913 1671 4573 6608 2940 1058 3968 1084 1447 4170
8416 3564 7021 243 3913
4154 775 3127 5384 445 4115
12224 3626 6984 1088 6763 4211
4673 1175 3239 4148
14106 5677 4048 3467
14404 809 6785 6864 2273 1901
12702 6868 339 1020
11100 4940 954 3799 1756
9389 5353 6762 1927
12665 4662 1389 199 4461
1042 2829 6902 3505 586 3905 5675 5878 5027 2909
18251 3942 3626 2871 3354 175 5678 1694 3345
18819 4777 3279 5353 4855 6832 1110 1799 6257
12767 5059 1203 4832 2871 6574 6746 1768 1451 3353
16035 4811 6915 5628 4694 6533
17500 867 3850 63 6843 5241
3446 1587 6721 6762 1901 4478 2592
18263 1532 4876 6052 3492 3724
12888 809 4720 5767 1929
2290 3260 4697 5967
1908 1587 2581 4876 5672 5147
4532 3926 2403 6063 950 3602 1776 2410 3055 6600
19010 3942 2598 54 2940
15360 867 2502 339 1890 5353 4405 2023 3645 6930 2973
14084 91 6975 1621 3491
11149 6605 1522
16940 5061 2395 3767 2187
14915 4253 1937 1210 3587 182
9210 4627 2674
7621 4265 2129 4885 3992 5184 741 3076 5060
12785 4265 5504 577
498 4265 1459 6551 3882
87 4265 5120 3429 2364 5579 3764 3227 5259 4790 4048 6777 5559 1405 6559
15621 4265 1072 5142 1472 5560 6803 6882 505 6371 3966
5090 4265 4707 3038 4115 796
10145 4265 1936 6794 1429 522
960 4265 5176 6730 1679 4830
13451 4265 5391 5530 5977 504 2906 3577
1401 2346 3087 1061 992
5660 1868 6310 59 6545 1760
10161 6468 1394 2269
6840 676 2690 1913 2067 665 6937
7806 3700 309 1905 1402 3239
18753 3700 3752 3897 7003 6261 2685
14997 3700 4855 2305 4611 1389
9336 3700 5317 2634 6021
3332 3700 6640 6879 1468 6334
8354 3700 4918 1852 2080 3215
16686 3700 2221 5939 633 3429 1868 1876 3038 659 2160 4777 2349 5722 6445 1888 6611 1427 3516 3692 6725 1479 7016 3737 2362 2298 203 1917 741
158 3700 5995 6939 3030 1458
14806 3700 4832 4477 516 2026 6499 6204
18231 3700 2814 5088 1883 6216 5469
7741 3700 5628 5049 5476 4341 3129 4414 1962 5781 2480 4404
12984 3700 303 1575 3822 2419 5361 2941
6333 3700 3239 3495 2734 4477
10911 3700 3238 5061 3128 3862 6176 6145
3907 3700 351 5074 1672 6314 5613
16823 3700 1877 4154 2639 2101 6266
8374 3700 409 616 3555 4248
13715 3700 3159 6727 5353 338 3351
12977 3700 943 1559 2294 3552 1452 1458
10996 3700 1260 5152 1799
10176 3700 3425 2062 5874 1475
7103 3700 6007 3133 3038 4740 1166
637 3700 5072 4161 4742 2814 1373 109 3652
13708 3700 2578 2527 4400
3030 3700 6902 5904 3181 3782 2382
13836 3700 6150 4553 6635 6716 4669
9630 3700 945 3226 2509 1913 1689 4855 140 3341 2709 4507 3774 6746 2759 111 2438 3498
9719 3700 596 4590 4740 5560 5179 3536 1032
128 3700 774 6814 4777 1899 1913 3181 3782 1272 2022 1458 2308 5469
2905 3700 5817 5778 4855 1020 3925 6619 915 203 103 599
11083 3700 6228 1347 1191 5563 4878 4071
1791 3700 6068 710
14889 3700 6303 4009 1903 338 2528
8512 3700 4490 6910 140 1124 249
3329 3700 2025 4648 437 328 408
13506 3700 716 3111 6465 4428 427 2084 211 45 3536 3781
19066 3700 3612 6299 7028 6960 5108 4722 3439 2814 3057 3694 1069 2647 3721 849 2305 338 4507 5468 2405 2940 1409 3868 5505 3941 1081 4660
15021 3700 590 1723 894
13557 3700 2195 2758 4048 4123
770 3700 3465 3523 6354
16651 3700 5794 4340 4095 758
18258 3700 2319 4004
684 3700 1798 3411 5997 203 1575 1793
5523 3700 4108 6246 4897 338 5468 6875 5171
10154 3700 5806 4742 1225 1913 3128
6151 5966 6195 5111 591 4478 2313
17219 5966 885 6176 6239
15425 5966 2829 35 3239 6099 6785 3514 3692 4882
6726 2423 2980 1832
18185 2423 4719 2573 4392
883 2423 1499 3084 871 6166 6468 6086 2010 598 4687 2992 4145 6746 604 6511 5184 4639
14439 2423 2976 4154 3215
12458 2423 809 1822 11 569 3441
3181 2423 3952 6631 4662 5651 6882 5699 6594
3137 2423 503 2666 1852 399 6237 2208 826
14633 2423 4161 1631 2906 2329
2096 2423 6210 2814 1575 6509
12283 2423 3239 4742 5172
4227 2423 3153 483 5880 6391
15688 1126 6133 6053 1853 869 672
12022 1126 5936 3889 6289
17099 1126 127 5401
2702 1126 5353 1542 627
9912 1126 4195 3636 2101 2791 1451 2927 3546
11482 1126 465 765 5765 5401 4522 1309 6511
2188 1126 3516 2083 1686
70 1126 716 4742 3727
11860 285 5142 4970
14675 6730 2192 5353 6511
9702 867 2502 4161 4115 1344 2168 1434 2813
15779 1868 4742 513
519 1772 2502 6468 1418 5350
18985 4922 5688 1419 177 3178
16331 6469 1930 2084 673 4817
6654 5270 3191 890 1055 7018
12009 336 7029 5748 1178 3310 6213 667
18983 2309 4758 6721 2710 4149 2362 13
469 1966 3693 4837 4294 1487
10218 5401 755 5621 5194
8648 5176 2578 5048 5821 1912 785 3763 2718 3716 5540 5211
7323 5176 2314 5706 6135
9035 5176 2007 6445 2684 2709
13341 5176 5592 1499 6217 871 4758 1808 2844
15056 5176 775 4485 6647 4326 1234 4362
5302 5176 5939 4861 5597 918 338
19080 5176 2829 6817 775 4188 2502 4161 1397 4218 2504 1060 3020 6086 1489 3060 6785 1535 6721 5311
13817 6013 91 3850 5985
3320 6013 3836 4473 6246 2523
4918 6013 2701 6086 5597 3882 6380
5013 4953 5043 959 159 4758 4481 3868
13234 3736 5353 3716 627 879 6098 792
12491 3736 3851 3429 6784 2980 978 5338 5178
17343 3736 1175 809 1489 288 5353 5168 5682
2108 3736 3038 2296 136 400 3685 3938 203 6145 4042 2126 3150 826 575
13855 3736 3084 3239 3693 6882
16981 3736 6551 1804 4467 823
1805 3736 2160 5658 1927 5285 1141
9534 3736 5538 3818 4382 736 5348
7699 3736 6618 5763 4227 6882 6488 1553
5023 3736 5353 3721 338
4172 3736 1587 2871 4921 4348 2749 3116 5172
4388 3736 2359 2879 1655 5047
3812 3736 4947 4373 4542
8025 3736 230 4468 79
17225 3736 6426 5048 6868 534 6034 210 2390 1489 4256 3109 998 4768 1232 1903 2305 4611 1634 5410 2994 5356 3234 5261
10700 3736 4787 432 714
14324 3736 775 871 4050 6915 799 780 4211
13454 3736 309 4699 5743 5248 4340 6762 3904 2620 5350 6091 2155 3961 3342 2101
8612 3736 2502 765 2970 3716 961
19102 3736 419 6785 6195 2837 3662 5026 5212
4302 3736 5353 59 2101 1756 4165
17441 3736 6692 1203 5104 4078 3193 270 4155 5009
19264 3736 1973 5448 1097 6138
5222 3736 3914 3747 5896 3006
7807 3736 4107 3612 5693 6862 6333 1486 2577 958 6530 4040 4478 4636 607 4101 1447 5649 2445 5370 6990 3509 1279 895 4949 2090 5859 1125 6694 3541 3712 6957 2586 6495
934 3736 4829 345 3632
18040 3736 5821 6086 1271 3241 5997 6759 6449
7411 3736 1552 1587 6868 6726 6401 4635 3416 3599
14636 3736 6814 1496 3470
2444 3736 4061 1410 4490 1335 3444 2022
6029 3736 1345 5494 4558 2353 4522 1727 3767 289
18491 3736 3850 5637 480 665 3444 3968
10089 3736 2578 4397 4108 4832 2576 3983 6118 2320 3920
2925 3736 4940 5353 5496 5664
197 3736 2063 5708 4518 1389 5410 3745 6146 2026 1986 4370 4190 408 3234
11520 3736 3172 35 799 2296 2206 1188 4156 1559 6083 1241 2883 3758 1776 6499
5598 3736 5454 315 5928 3607
4574 3736 338 3963 328 6788
6431 3736 3595 2020 3979 3763 2957 4478
4958 3736 830 2906 3870
6410 3736 4839 4699 3239 5251 3707 114
16102 3736 4454 2023 2483 5828
11886 3736 1023 6355 1434
10 3736 6868 6785 5353 3196 2790 3385 586 3356 2927 3349 6509
1590 3736 1810 799 6631 2418 6388 4760 4043
13398 3736 230 1059 3361 2301
12656 3736 2151 4076 6505
1854 3736 4510 1608 4652
1380 3736 1383 4728 4154 5903 4431 758 4703
8508 3736 1036 809 6915 1825 1767 3600 6916 3014 5152 452 5091 6678 2560 4611 6680 6939 4846 5468 6126 4780
14311 3736 6817 4611 1024 3781
4464 3736 2151 1489 5353 3809 950 876 2101 5616
4358 3736 2366 1916 3954 6784 28 595 3038 1631 2504 6122 799 897 4742 2395 4340 6323 3523 2869 4837 4476 3300 978 5047 720 5919 3201 2291 6266 6408
7080 3736 1499 3439 4341 6218 162
2811 3736 4896 1280 3902 3129
4632 3736 5891 18 6785
11215 3736 6814 2203 4542
8629 3736 4066 5905 2311 6059 3867
10623 3736 5129 5353 4876 5469
18054 3736 6007 4161 1418 80
5095 3736 293 1479 3781 1331 1813
10646 3736 6590 3739 4150 3308 3226 805 5726 1881 3366 5353 1867 6763 4613 6759 1252 5361
11099 3736 1123 5316
5906 3736 3038 1339 6872 6746 4957
16660 3736 753 3091 1904 339 1271 5353 1519 894 338 5180 939 5412 3354 1581 758 6082 2930
11728 3736 6879 3239 4405
12969 3736 5796 3324
5787 3736 2504 4351 3626 3870 5928 5826
6426 3736 4195 3429 2634 2814 1913 5152 1550 6171 4354 4148 2208 2940 2685 2197 6213 4671 3951 6999
7722 3736 178 1060 1671 6442 6984 2871 2651 5639 5389 6584 4981 6670 5729 2636 6213 2761 3143
14476 3736 4161 2248 4477 1110 3901 125 6027 343 715
10965 3736 3821 6297 6233 1946
16815 3736 590 2337 5121 6721 6323 6746 3356 3370
9555 3736 11 432 5838 2654
14900 3736 869 1596 5091 2681
15830 3736 5449 6868 6180 2040 6843 3454 957
3911 3736 2337 2300 5944 3005 2529 1883 6056 4279
6234 3736 6442 6123 3152 3799 2930
12144 3736 91 992 5977 4699
16266 2845 6590 5577 2660 3070 3599
8965 2845 4811 1367 3472 4805 3454 3737 4478 3491
6069 2845 6590 5018 4188
10447 2845 6590 6730 2487 157
8355 2845 2192 4080 4294 1953 6025 3204
5473 2845 5054 6868 1420 2634 6320 1903 6383 6229 6738 4570 338 3813 4369
15532 6590 1631 639 5179 105 3778 599
14787 6590 6128 3645 2957 2975 3772 6284 5308 6808 4670 7015 4729
12045 6590 4364 871 1489 3245 4997 6864 5880 6198
11196 6590 4811 2502 6062
4082 6590 2578 1932 2502 2701 6785
13769 6590 775 6902 4879 1575 6681 2208 5261
6664 6590 2619 2224 6410 411 3721 1020 6721
17160 6590 6915 1535 338 2328 3737 2927 3136 324
821 6590 3067 5511 3583 3979 2416
6532 6590 4188 2502 5383 4970
13407 6590 6383 6291 3555 1455
14161 6590 4150 6862 1079 1417 4777 2634 5074 6984 4350 516 4148 5349 6820 2716 781 3968
3698 6590 885 2502 2984 4327 5993 411 6910 2980 4981 5729
3733 6590 5532 3138 1755 6388
11018 6590 2502 91 2690 391
16602 4306 5398 1199
15601 602 4384 4754 5950
5318 4811 1304 3791 3408 4488
12205 3220 2803 3623 4805 1559 3125 5515 3030 4718 2975 1241 172 6914 2863 3674 804 6502 5444
12441 1041 3626 6448 4019 5838 5405 6396
8069 6591 707 945 1345 4934 91
589 2942 2452 4510
6397 2160 1378 1225
15098 309 6122 1041
5234 2023 240 5015
7413 4100 1587 2502 1385 4777 2478
8880 5072 2502 1858 4699 3360 3057 5353 2594 5168 3813 6375 1706 3560
11170 2349 6333 4490 4855 4156 180
3121 4599 1622 2642 4662 3074 5389 57
8395 1587 4161 3427 2684
1986 1072 5142 3425 208
11534 602 4787 1814 2349 6785 2725 6114 934
18775 602 749 2975 6257
2485 602 430 611 2843 5204 3961 2927 4101 6898 2177 5332 3083
14493 602 2108 4777 3288 3361
15162 602 2366 2100 4527
7620 602 4827 3087 5265 4009
13161 2282 6007 2829 707 749 1144 2172 4430 6992
5698 2282 5815 210 6376 2603
311 2282 4699 4857 2470
19092 2437 3067 6980 5637 6530 513 6146 1743 3498 2245 4892 667
11375 2437 6921 6915 1532 494 1888 5045
3085 2437 4536 2169 4242 2527 418 4426 5265 4913 5353 1472 351 626
19145 2437 6604 775 232 104
12987 323 4758 3583 5168 3716 3540 5008 2736
9217 5582 2457 339 425 203 6708
14663 1200 760 3023 3811
12379 3060 923 6320
13089 3426 116 926 4259
3457 3426 2169 4460 5353 1373 1635 2642 400 477
9790 3426 2502 1903 4383 243 1518
13025 4100 146 5325 1682
10723 4580 5152 2871 5104 3341 2677 1799
4230 4580 4188 2169 799 5839 4467 3721 1621 261 4480
5833 4580 4188 4699 6344 1172 297 2498 212 4376
7657 4580 871 6412 2166 1521 679 1148 6309 5869 5850 4789 6511 5199
6960 2624 775 1245 4832 1846 2533
16003 2624 1973 1723 1763 1374
18127 2624 2617 2825 5997 6930
490 2624 1937 1552 2052 5748
772 2624 4223 4742 3366 3428 5343 1202 3385 978 4040 540 6131
6376 2624 1749 5912 4758 1625 4509 5563 2061 3632
17161 2624 3437 2757 943
9951 2624 4699 1009 3934 6678 3523 6986
5215 2624 2981 3067 5558 3587 2527 3239 2814 4900 3514 6794 6030 6511 1405 2782
3198 2624 867 3267 5187 1288 3891 3742 978 3356 203 6573 5610 6204 5063 2286
2576 2624 383 1225 2010 5401 4758
18253 2624 1015 6915 2646 586 3758 40 4892 6134
1438 2624 362 3684 3523 1852
19147 2775 5883 2664 6357 6509
229 2775 6915 4777 2832 2585 2101 6754 2927
18722 2775 5956 4460 3870 3913
997 2775 3718 5558 2321 4859 849 3870 211 4728 2639 6083 1743 4701 4452 4537 5621 960 2101 929 3147 3868
10945 5932 2981 805 6498 4855 5669 5808 442 2575 2736
1062 5932 4355 3385 6763 3345 1133 4101 3937 1701 5331 2714 5163 4248 5444 2177 2219 4041 2674 5975 3669
13354 5932 6730 665 2075 3546
13624 3207 534 2349 1560 586 2485 3695
19377 3207 3239 7002 1775 4204 4855 2949 2436
17141 3207 5579 3595 902 7004 1948 6141 3751 1813
15564 1973 362 5448 4470 7004 3992 977
19056 1973 2351 6324 3316 435 1704 5184 621
7596 1973 2527 2814 1925 45
16750 1973 1304 141 391 4830 6882
18803 1973 4587 3911 5869 1475
10354 1973 2502 3038 4564 5341
16545 1973 4161 3727 556 483
11555 1973 5708 3703 5273 7008
2678 2496 1772 6168 2225 3279 6457 1018 3289 4180 7013 5104
18660 2496 3384 702 5945 5839 1472
12102 30 323 6984 45 3288
16320 30 4699 4777 4633 59
1887 30 5048 3870 4876 3644 1002
9265 1349 3226 5383 1090
7742 6133 35 1930 6872 6734 2541 6746
9767 2351 4758 4281 5846 4948 4507 4970
2562 4814 2007 3552 607 544 6993
1424 3104 2944 5743 6718 1438 2740
10286 6730 1072 3049 6611 3063
17042 4787 4970 1917
7393 271 4814 2520 6691 4156 4048 3224
16469 4050 5581 2101
7432 4253 1459 169 1167
11062 4253 3785 5579
7125 4253 5677 271 744 6150 2372 6984 4156 211 3130 5229 626 1856 3147 345
6224 4253 2981 5056 6732 6027
13878 4253 2151 2106 4048 3385
8271 4253 1897 5129 3321 3727 1517 4837 2323
2340 4253 2619 4364 2974 3851 1203 6628 3564 174 5353 3878 3727 6061 5104 5781 3288 73 3772 1588 1914
12800 4253 6805 5056 4161 1588
1371 4253 2309 5481 5821 1283 307 5118 3691 2101
813 4253 5509 4811
10015 4253 1430 6789 2305 856 2026 1002 3885
9424 4281 3170 2448 5184 2470
723 6748 3854 3279 611 5839 3522 3004 6442 665 1134 1799
10255 1036 3008 1459 4145 2356 4937
5386 1400 5597 3979 1110 5515 1133
10344 4291 5511 5597
17961 6202 6605 799 1090 1818 3626 604 3772 4157 6644 6423 4162 5178 3199
7833 4611 4010 6968 5399
13852 5684 4913 5412 1707 2133
547 2145 3819 5143 4383
7503 2829 465 1271 3721 1901 4077 2155 3031 1717 1302
16305 5944 2022 333 2813
8415 2922 6436 1913 7003 4340 879 4478 5616 6654 3113
11267 4910 5411 6331 1542 1117
7747 908 1166 6470 2843 6888 3737 4845 5099 3674 322 341
832 4832 584 3905 5294
8690 6640 5074
16998 427 4156 2294 4830 4221 1405 5063 1252 5858
4077 2351 1587 6121 3564 3983 3595 5401
10516 1872 2007 3532 4221 54 4516
18670 309 2502 4885 5674 1088 3737 5901 3274 2555 2419 5028 6395
16638 5286 1061 4238 2443 340 3265 1469 5330 1663 6036 6370 542 6947 4708 6598 3968 5471 5434 2714 853 4628 3744 3541 6495
4488 871 2701 3425 3288 571 4296
4681 4188 1304 4050 1400 1648 4758 6274 5597 3979 63 556 5674 4156 918 1229 1401 1110 3737 1405 1760 4478 2514 5178 4670 5399 3920 1219
6388 5286 6455 945 5763 892 3588 6955 1948 540 3234 2858
1372 6217 141 6195 1134 6084
18513 3752 5462 1609
9717 3629 2305 6929
10079 3979 642 4260 6509
14288 2166 1344 6030 1241
7169 309 1950 5168 4806 7038
6353 2701 2100 549 6355 498 4365 6022
10761 707 1304 3439 5725 3737 4305 4099 426 1880
13080 1203 2390 5997
13203 2859 3767 2208 5938
11340 765 1698 1913 7003 741
18366 2082 1058 4478
12697 1587 707 2502 4161 1512 1990 1260 6992 1703
7867 1054 3384 1184 5678
8418 2264 383 1938
18616 765 5202 5333 141 2638 6291
9851 309 6172 6611 4156 566 2338 5936 3968
7787 1863 6857 1255 3742 5974 6176
12366 3224 3772 2514
7792 336 5286 4192 2044 1012
5937 1972 6518 4351 3341 1376
10892 3674
8974 6691 3813 1575 781 1647
9015 6861 3750 659 1157 5852 383 5785 2581 1888 5210 1681 4644 5674 6746 6169 5672
12326 3883 4351 5138 5936 6499
9952 309 3857 3979 1686 6759 6443 5338
15925 3278 1203 4777 5997 3737 1699 4037 4880
13511 4222 2246 2502 4872 3850 6281 5091 431 480 2871 6354 3385 1827 6843 338 5441 5104 3125 5515 586 5350 3030 2026 1743 6539 2101 6488 2791 752 5144 79
13102 1916 6902 2473 943 1886
13924 1011 2957 2360 1002 1569 2927
13345 2590 6794 2638 2574
4128 2599 6289
7970 6973 1241 4081
6790 6980 4777 4351 999 4825 5901 1799 5060 1717
18499 1772 1899 4910 6546 6123 2523 5581 6759 6021
6622 2548 4861 2271 5420 3390 5526 3248 6511 6716
9086 4940 3208 2198 6213
7229 1587 5817 3979 5064
5009 806 2208 5938 3937 1084
773 4811 1535 1241
2738 6868 1532 5353 5374 2790 2961 3966 3350
4299 91 4426 1228 4859 5353 5104 1842 3536 4211 2202
10456 1110 6511
10522 5478 2578 2309 1964 1053 1113 2514 3147 575
5727 1587 3722 3356 3597 4703 5838
7743 1375 5075
8469 5817 4050 2581 3061 6746 2575 5563 3938 13
14553 5594 4758 894 6710 6606
8169 4257 4188 5817 293 1157 943 911 1110 3639
9233 5538 2337 3818 4761 4777 1535 4564 6865 4780 1895 2181 1134 3670
10767 1036 1048 5558 3239 6546 3019 918 5104 3902 6903 3356 6114 3213 736 5378 777
11708 1981 6410 2647 5866 956 5850 1447
2102 1148 6721 6083 2695 79
8949 362 6086 1228 4048 1559 4846 5874
16002 6098 4478 6157 6312
15519 5995 3210 6640 2147 2248 4460 5904 1202 4611 6764 2294 586 2980 1113 4970 3504 4106 826
5376 2311 2639 3009
11315 2473 6992 6759 125 2139 1444
18619 4811 775 3926 871 3497 281 1374 4657 6780
10734 2502 448 125
2513 4885 5353 1088 4830 4718 5368 2595 1776 4380 704 627 2935 3353
15952 2099 6315 3505 2459 3597 5936 5277 3592
1974 4940 2528 1774
13213 3210 2393 3708 348
9011 803 5581 1088 6763 229 1375 2927
6649 897 5494 851 1472 3514 3346 5459 4524
7735 1148 6568 6759 4670
15355 4626 4777 579 2023 4162 1707
8345 6984 3636 1823 4081 4478
2404 5286 3133 945 1489 1561 586 2077
13961 4722 4470 2168 5936
11403 6785 920 5350 5949 1375 792 3274
3377 6911 3826 5204
18425 3850 3444 335
14728 6628 2121 1299 1686 2980 6746 498 2858 5211
6801 5558 2305 4112
614 6345 3819 2728 1671 3693 63 3341 2323
19277 4291 6067 6464 3147
4926 3952 3652 2361 6889 2285 6528
408 3278 1749 4599 679 3721 2665 3406 3737 934 4670 4689 5649 5444
1837 4291 4257 2112
9663 3926 5787 3675 5359 6180 943 7003 5763 4491 5515 2497 6505 6746 3356 1134 1857
14659 2191 2884 785 1808 6895 5804 221
9160 1803 1947 4929 752 6084 4177 324
17931 2502 6785 1676
6035 6086 2205 6885 2413 1241
753 5040 5785 3626 162
15489 2839 6843 1005 5483
5187 871 3278 1088 1479 3737 6365
15522 1491 1304 2757 1450 1088
13856 1389 3961
15150 4417 6999
14176 4150 1304 905 4662 1338 2870 3272 6480
11917 5397 1002 1329
18308 3111 964 281 2389 5936
6684 5677 676 4387 3523 4264
14711 356 5781 348
15207 4107 2619 4787 871 1072 6286 6150 4885 2023 1823 5997 1241 3737 3758 3540 6759 4190 879 4478 56 1413 5727 6108 5849 2158
6066 4161 6868 6281 3075 3898
1144 104 1913 2459 2737
12133 2323 3966
4505 4257 4161 5695 1234
15325 2569 3534
8497 6868 6551 3849 4478
5721 5514 5014 4934 1239
5175 6761 449 4020 2855 1978 1996
19196 6761 6902 2099 4428 6721 3300 5869 219 6022
18465 6761 4491 6207 6594 1756
18961 6761 1863 1916 340 62
10096 6260 4397 2476 6118 920 586 2975 3461
12091 6260 1916 5579 494 5424 6903 4306 5547 1901
15988 6260 5191 775 3079 5459 4281 2459 4781
16482 6260 3564 3809 5682 2764 1796 1353 1416 3243
15460 6260 4323 1055 792 1127 5858
19281 6260 2502 5195 896 104 1913 3181 4221 1895 4673
2557 6260 945 2057 1260 5353 5838
4414 6260 3330 4558 2871 5736 605 5405
16600 6260 5689 6183 3738
19251 6260 6550 6867 3870 482 3552 5748 6282 2218 4657 261
6141 6260 2728 1003 2498 5996
10747 6260 4699 3902 3813 3234
5163 6260 327 827 315 3354 5985 3540 6446 5212 1781 2927
1420 173 4063 6576 3509 2470 612 2123 1125
19029 173 4839 6380 4423
15053 173 1554 1723 1119
956 1528 234 873 3587 5977 1339
3960 1528 1283 740 5604
16582 1528 1937 2502 6468 2647 6039
103 1528 4161 1749 4264 1464
13997 1528 5186 5286 3038 1913 6703 7003 876 3356 3755 1219
9374 3443 1157
8208 3443 89 1260 4978 7021 6878 3614
18533 3443 362 4758 2638 1229 4846
15809 4196 1870 2248 4467 5928 5285
7873 4196 5073 4965
13801 4196 6915 5977 6175 4940 5442 3303 5343 2997 5876 5426 5560 2523 2904 4503
7334 4196 1499 6814 1144 1041 2180 6984 4983 6567 6746 5458 6341
3514 4196 6660 3133 5525 512 3279 4340 2597 5725
19117 4196 6660 4991 4218 6868 6368 1804 141 2577
13455 4196 3517 2502 6469 1472 1903 5936
3037 4196 1897 3429 4777 5732 223 5108 4722 1535 3809 5373 4630
1234 4196 5806 775 5817 2064 7002 999 4124
10622 4196 5965 2502 2527 654 4289 102 5103 1708 1374 1639 3713 4970
4246 4196 716 5677 4161 654 2509 5207 5972 3314 4902
5237 4196 3471 285 4777 4341 922 7007 23
8468 4196 2366 3232 4777 1913 5581 701
10022 4196 1916 4161 164
10913 4196 4707 6607 1240 785
8505 6364 336 6129 340 2509 2316 164
2239 6364 1604 6510 4967 5628 1588
12635 1604 5286 3303 4830
10069 1604 309 24 5509 7027 1937 4811 1210 3587
1539 1604 1937 234 1554 398 3133 6902
7775 2981 5440 4108
16846 2981 4859 6246 2802 5936 3889
10934 2981 4291 6210 6949 1419 141 6511
5551 2981 4885 1225 6327
13288 2981 5936 2607 5194 5172 5250
18927 2981 6684 1339 6442 2786
6077 2981 1863 3626 3314 6984 6151 1038
3509 4922 3647 6102 1517 3902
4579 4922 4047 3644 2625
5457 4922 1431 4012 203
8276 4922 362 3327 2459
16449 4922 2502 5365 6419 4462 601 2316
6413 4922 271 5431 2566
14156 4922 1858 1804 4662 5468
15036 4922 4787 5739 2504
14468 4922 6591 1868 1521 1260 3439 1003 351 6568 3405 631 4992
17631 4922 4435 411 3060 4140 6725
2801 4922 6210 3983 6856 610 2980 714 6818
8907 4922 5048 6034 6511
5164 4922 2502 3278 6002 4681 236 262 2394 3942 5453 3865 2992 4837 3418 3536
17540 6550 6984 1374 6936 6568 2639 2957 4994 3095 5171
18454 6550 1304 1637 5563
13940 6550 1897 707 1076 5912 1709 2957 4657
3999 6550 885 1521 995
5964 6121 3133 1061
17369 6513 6730 4108 7002 1053 2116
8540 5663 1322 1188 109 1677
18414 5821 4518 6865
1726 2619 3926 3038 2057 6053 2827 4375 4061 344 4202 4940 6333 1839 4903 1097 5678 6290 249 2940 6520 3201 741 6298
18065 3152
14111 4536 3738 6188
15043 309 1885 5718 3587 4777 785 6521 4284 4011 3129 935 1285
14686 309 2573 6274 3713
4446 309 5693 2169 2502 2100 427 6222
4010 309 2596 5048 2662 141 6442 1401 6531 5633 4478
10138 309 4900 6521 6171 6388
2311 309 460 3232 6046 167 1400 6142 2573 4900 1733 4690 2328
12066 309 3897 4477 4830 6759 1948 6812
7810 309 6746 1901 4720 3036
13542 309 4742 4026 4659
808 309 873 452 2341
18821 309 5350 3356 1464
17097 309 5582 1836
17765 309 2701 2050 6907
6491 309 91 2191 6551 6613 4854
105 309 4611 4185 1197
10289 309 2720 5108 6083 3707 5184
15992 309 4846 3599 935 4101 6079 6449 3746
6893 309 5507 4257 2457 2372
11702 309 5353 4682 5953 5691
16049 309 4384 2502 5750 4758 1150
14743 309 1723 5401 5360
10624 309 1847 1535 6371 7038
5368 309 1148 6171 5850
4619 309 1916 1870 3819 4777 679 59 7003 5824 3299 2239 5026 4478 6512
12741 309 867 4235 2025 1291
6161 309 5108 4825 6380 5985 792
241 309 2893 5579 6876 1472 6521 5297 4308 1842
6947 309 5268 5467 5612 4830 338 6203
12519 309 1916 871 174 6546 6759
2848 309 3819 6142 4832 2006 2020 1418
16036 309 2166 610 3502 6224 961 5331 2714 4041 1125 3500 6962
18193 309 3316 1798 3322
8445 309 1782 2757 6086 1913 2074 958 5872
10728 309 2552 2617 6368
17442 309 4787 1864 4477 3480
3979 309 5539 2337 5939 3818 3471 4188 5817 2502 4839 2977 5142 4599 4194 5944 3236 1042 4630 1621 4145 1112 110 4970 3504 203 6145 1676 2592 6459 814 3906
15882 309 3850 3882 3832 2181 3274
13820 309 2829 1417 4341
11203 309 4150 6468 141 1671 6380 4533
12029 309 6915 1072 4681 2451
5610 309 6477 1631 1316
6854 309 4811 2617 3514
11643 309 5739 3019 1088 6972
3805 309 6242 3599 241 1464
15673 309 6730 6785 1473
642 309 1916 3324
14606 309 1876 2466 211 2529 6239
15932 309 4150 3853 348 50
10093 309 141 3626 5936 4689
9610 309 1868 4351 3983 978 2239 2710 3413 2044 2208 4032
11178 309 4107 5504 6446 960 935 3193 4003 5313 1026
17054 309 3929 1491 2192 5448 6555
7480 309 3232 2502 5579 6072 3460 3869 2295 7021 4454 6690 1795 726 2452
7124 309 947 5256 1088 3855
15220 309 91 4777 4341 4478
6914 309 125 899
4604 309 2309 1875 4930 403 3506
15990 309 774 4291 1304 3126 5383 3476 6742
17275 309 3718 4329 4982 1681 2659 2651 5547 2786 2761
17064 309 1015 4561 3983 5353 1148 5423 904 6810
195 309 5939 4161 926 6505
2479 309 4777 4758 482
5061 309 5091 1123 4662 6833 4932 2405 2866 6371
15196 309 6570 323 1890 2594 4982 3979
1987 309 5481 6053 3118 586 5623 1676
1919 309 837 362 3887 4885 2823 2589 3340 763 2638 303 3783
1564 309 6469 5794 5219 6015 6742 4767 5563
3406 309 5897 972 2235 504
8500 309 3929 91 659 344 2757 3983 743 6016
10173 309 3926 2169 6902 3391 6763 2497 3839 1883 5075
10736 309 3727 4705
17251 309 46 4419 3937 5746 4003 609 5434 1083 5444 853 1945 2261 6439 6694 2593
5004 309 3135 4497 601 59 4142 4010
16633 309 786 6996 4460 2876
3432 309 2860 2612 5930 3272 1567
13969 309 2508 4215 2980 6132
3194 309 1459 2508 203 4892
6894 309 837 6660 1157 55 5353 2649 3319 2980 3257 2960 5710
2050 309 666 763 904
18612 309 3970 5817 6442 5420 5149
9591 309 2502 3316 3587 3949 7003
9404 309 1916 2322 2502 679 7013 4882
13180 309 2366 4777 1709 4022 333
4719 309 1587 6095 3983 3968
10319 309 2192 2753 2980 3536 3302 2170
10814 309 3316 1479 948
12507 309 2502 3983 6568 6942 3521 6759 6237 1744 544 2568 5399
2067 309 2151 4050 5977 4221 6499 6476
16674 309 4327 3439 47
1285 309 871 6915 5581
4254 309 3316 3554 2618 2818 6377
14949 309 1916 5035
15787 309 4364 67 1491 91 2810 6915 1060 5108 2583 4722 2305 1886 338 5611 6371 1032 4594 3754 1575 2632
11162 309 4341 2202 4322 711
843 309 803 6491 478 1987 140
8768 309 2502 5739 1260 2305 6511 1575
9771 309 6455 2502 2980 793
17786 309 1671 1481
4941 309 3067 1868 1260 5527 5353 7003 4227
16903 309 6446 607 2445 6860 895
8635 309 1036 2169 2683 361 6645 6262 5936 5504 2696
3659 309 3343 129 4478
8637 309 5195 4115 5489 5411 1802 4671 4177
10917 309 1723 2723 2618 6237
15038 309 2010 4156
16847 309 3186 6984 2743 2612 5184
9871 309 293 5525 2987 1366 4983
18373 309 1916 4521 6915 4742 6785 1860 4462 1098
13406 309 4234 1205 1876 1264 2508 5068 5944 5835 1729 6230 4903 6355 3405 4789
6263 309 1036 1175 4161 5995 1703
15938 309 1036 1890 2357 4043
2209 309 1863 3429
8769 309 5558 7021 4148
4296 309 2005 999 6843 3737 1781 7006
12751 309 6944 659 5323 1535 384 62 5501 43 3738
2867 309 2309 2013 5000
4386 309 5592 6510 1036 4707 6299 1868 1304 3554 4421 2820 4039 6509
2516 309 716 6785 5651 1925 7036
13030 309 6217 5164 1304 2980
4155 309 4364 1930 1374 4468 1732 2606 6775
12449 309 717 3595
5103 309 4419 3937 3501 1194 5444 373 1416 5668 738 6957
6941 309 2366 6854 3647 1359 2701 5644 1723
8838 1865 3042 1432
5759 1865 2100 5383 1053 1864 3727 4156 6619
11566 1865 1749 3538 5679
13465 1865 2351 2693 2527 833 549 3683 828 4454 3164
11028 1865 2727 4477 1995 6499 4531 6594
16964 1865 5891 2508 6872 1149
18522 1865 1916 2974 6466 2949
1344 2281 4515 4777 2372 4816
4687 2281 2950 5108 4758 6171 2883
5411 2281 1669 4754 1878 3762 2338 2696
9492 2281 4384 4232 4777 344 5330
15393 1006 2502 3038 1754
4044 1006 2502 797 3577 1733 1888 6609
16763 1006 2502 3429 694 911 5748
6685 1006 3851 2172 5449 6941 6466 4855 484
17433 1006 1072 504 6185 6678 5827 4201 2464
9023 1006 786 4108 909 3721 2023
5131 1006 5335 5635 6479 2594 3019
7876 5538 2829 3818 5821 6215 5859
3174 5538 4161 2063 3441 4981
14761 5538 5817 35 3819 1872 3019 5168 2761
12188 5538 3926 6902 4777 2325 1365 1804 1912 2670 6583 5311 1925 2023 649 1109 1816
121 5538 2991 4709 1655
6089 5538 2619 160 6902 4108 1875 920 6977 2214 4478
18965 5538 2063 4885 5515 2870 1134 5859
16108 5538 5449 6215 4148 2532
3550 5538 2337 6734 399 2441
7199 5538 6121 6785 2565 6568 4478 6894
14580 5538 6217 4811 6660 1304 4050 141 3356 3597 1055 796
4091 5538 1188 4884 2455 3827
6613 5538 4777 3949 5111 1987
17956 5538 5821 2063 1158 2061
2232 5538 1496 513 37 1444
17119 3330 1230 5259 918 2023 5973 5703 1756 5497
18946 3330 2701 1791 2260 3342 1149 1134
12293 3330 3356 3652 4478
721 3330 6233 1202 3882
2568 3330 4707 1868 4777 4597
4789 3067 4291 871 6345 770 6744 5511 6222 3590 6383 904 2452 229 2888 7004 6751 5996 6480
2693 3067 1937 6640 1525 203 4042 2453
10735 3067 3733 1373 4591 854 3190 1458
6463 3067 6640 3011 3925 229
16739 3067 3517 805
10755 3067 3612 5353 1556 978 5601 2023 3356 6951 5907 5610 6098 5028
17905 3067 4161 2863 4321
8593 3067 3210 2730 3575 6361 2790 2871 6647
9804 3067 1863 1772 3497 1679 480 6721 6832 3855 6285 2568
14276 3067 2322 2151 167 5573 5142 5522 1818 6777 5908 3454 5936 3905 6431 3968 4937
4208 3067 1587 3727 6517
421 3067 1009 3849 706
17909 3067 6814 4777 1535 6014
13524 5879 330 2435 837 1848 3851
11874 5879 1915 1868 4426 1549
5149 5879 2322 3232 2502 1491 799 1041 210 5945 4116 4907 3385 4846
7058 5879 5286 2473 5732 6119 1060 1928 3659
9399 5879 2024 6591
1499 3840 6455 1491 4742 6036 5027 7010 2918 2187 1701 6953 373 6788 4628 4420 738 2680 1975
3747 3840 362 5276 1190 3764 708 4202 968 6678 6505 5563 4569 6022
5173 3840 5511 1519 3729 4156 6048 1478 5788 4673 6208 1781
5139 3840 1157 3327 6882
3891 3840 6303 3238 1867 5674 1529
7884 1317 799 1679 4274 4365 3256 4970 4762
3941 1317 5078 5637 3694 2305 4156 5791
3438 1317 837 179 6878 3080 2870
1019 1317 3038 6183 3346 5232 3024
357 1317 5971 3410 2758
15730 1317 5663 2627 4234 2721 4861 5207
9727 1317 5957 6640 3727 4211 6138 1917 3868
13299 5688 6785 2647 3963 103 1714
3794 3814 676 1913
15650 6748 3836 1868 6868 4377 1671 3364
15019 1299 2459 2101
19363 6217 5794 4477 6984 3398 5047
5392 1916 5087 3502
2316 1885 2108 2502 6458 6984 1603 2239
19180 2502 5821 3733 6383 5581 211 2992 3737 4483 6224 5184 423 1756 5746 814
14362 2840 5317 6332 5426
16880 2366 2991 1246 2172 6415 512 494 4725 55 5794 6885 1527 1097 2992 6309 3341 4948 2574 6746 3574 4221 1393
14800 5896 181 3701 4633 3552 4937
5498 1417 6403 3595 6458 5488 486 5838
6754 1479 5212 3705 3892
4874 2807 5852 3270 1060 5016
17782 3239 898 1418 6052 3830 5521 4981 2940
16478 2007 3889 3855
16173 716 5502 4397 4161 3853 3239 4685 6785 5353 5232 5168 4846 954
4467 716 5056 1221 639
10081 716 6591 2684 6177 2562 5575
7861 716 5150 5187 3997 4932
9571 716 6817 6171 6176
4245 716 6867
15683 716 1499 4707 2590 5373 918 4432 1895 3531
5558 716 178 5931 5674 5172
13539 716 633 6857 1264 1080 1936
17811 716 1552 2747 498
14763 716 1622 5360 3385 6665 3504 599 204
7627 716 1552 3979 4138
10350 716 2322 4940 4491
2237 716 4028 5639 4391 4718 1682
896 716 1260 5157 4771
11754 716 2161 1826 2519 2026 79
11810 716 1015 6785 5353 6114
1710 716 4777 6960 3439 1123 7003 2538 1500 6188 481
3918 716 590 2235 1832
8307 6007 4257 6784 5732 4462 3346 365 1461 3655
8379 5452 5489 780 221 3147
2742 4508
15378 1901 2101
4974 5579 2349 4460 3289 4930 2863 5474 1745
17023 5502 1587
5919 2116 5459 2577 1024
17427 2101 1002 4652
12194 4899 5353 2305 400 6969 4645
8752 1950 5108 1041 6152 5152 1472 5908 591 1768 1575
11229 3851 5185 1459 2117 5359 3934 6102 1613 4846 2630 3114 5356
4700 6915 1673 1463 2498 348 3633 3951 657
11223 6102 4611
8268 2122 3908 5168 6057
16273 4291 6868 3770 1987 3480
18781 1489 5088 586 243 5303 7004 736 3292 1355
16833 3853 2117 2647 918 3552 5652 1925 6237
3050 6902 5108 6785 4701
5096 1257 546 6121 2473 5579
558 1257 314 4825 3430 5178 6953
9879 330 2349 1559 5516
77 1897 1072 6630 4399 3146 4190
13986 1897 1587 5390 4777 739
12427 1897 2309 1061 4900 2574 1823 755 6759 583
11084 1897 837 2013 3540 4022
16507 1897 871 6086 5152 5682
10147 1897 5353 3444 2595 6079
11014 1897 6730 5939 6902 4940 4185 4985 4960 6993
2751 1897 1280 285 4742 5448 4868 5658 2173
5407 1897 837 1491 2225 1810 6071 3513
18649 1897 1913 4870 5811 4043
16489 1897 2305 3523 3364 1389 3030 1032 1947
2384 1897 4742 3022 3898 5908 448
5901 1897 2713 2610 6882 1248
12368 1897 6915 5353 5074 4340 5997 2089 6594 4980 322 1125
1851 1897 4364 4777 2023 4148
12327 1897 6902 2502 2827 1244 1802
842 1897 655 3502 6746 2026 5178 1781
7634 1897 908 1711 2486 5239 4454 6545 2263 5098 426
167 1897 6591 707 2194 2576 1913
13893 1897 2647 1389 3563 2483 2632 3913
7262 1897 288 6746 4718
1226 1897 1916 5821 3791 3554 7042
9329 1897 6980 5387 4454 3737 1992 3509
16416 1897 4234 1631 4905 542 5012 5832 2940 3469
17215 1897 3841 3554 639 141 2372 4454
16743 1897 5152 6331 2483 6285
9268 1897 6579 2344
6681 1897 1913 5743 4383 2957 5997 2323 2136 426 2216 5171
1070 1897 5997 4077 1434 4531
1175 1897 336 2502 1868 1459 91 6824 4242 3386 3227 2390 1148 2758 884 3425 513 4148 1149 2532 5163 4949 2090
5435 1897 6730 1755 6915 1489 4559 3491
18033 1897 2108 4382 2614 586
4182 1897 6469 676 422
13129 1897 2491 1868 3278 35 2504 6785 957 6114 6676 678 5126
9415 1897 3279 1052 5132 3662 3257 792 4055 3871 6712
6750 1897 1304 2541 71 4148 6844 4478 1444
3612 1897 3860 5550 4832 2128 6188 978 5547 5521 5184
1033 1897 3851 6195 4846 3356 1405 3868
8679 1897 362 6726 6757 1676
14830 1897 2619 3035 1304 6310 1913 5381 6757 4022 6499 3147 5378 3968 5998 3765 2801
15799 1360 1848 2225 500 909
14029 1360 6251 1491 1582
6214 6074 1424 2321 3692 5113 2451 1458
18444 6000 5677 2100 4742 310
6169 6000 2502 2461 6388 3246
2574 6000 4107 3278 1491 754 3634 5272 2986 6036 978 2062 2142 2930 3632 1083 6449 1664 5593 6901 3496 1739 5859 4041 1125 6782 2586 2817 256
8426 6000 4061 5936 1474
4661 3564 2463 2960 5483
17169 2049 1045 4970 6363
7911 6093 4508 1210 5693 398 6915 3118 2690 4742 2657 1789 601 3514 5373 978 607 6860
4233 5047 3937 5812
3151 4243 6442 3569 3613 4970
19216 2619 160 871 5579 1765 4777 2634 799 3543 5040 2260 680 3356 5800 4478 469 3937 3861 6509
10974 6984 4331 3767 7016 935
4294 1323 1009 5256 386
14046 425 6195 3319 498 3441
11653 2827 4970 5285
11107 5965 6415 2900 2203 370 5696
6999 3084 4161 1761 4227 6239 2137
18330 5854 422 2583 5537
11428 5522 5036 1637 5563
15115 5579 216 339 2459 2957 5521
14261 1905 4940 1339 249 4970 5621
10206 2922 6640 383 6785 2770 849 1232 3516 7003 5097 904 5633 1234 2249 3540 3114 5341 2208 370 3404 5795 4980
15933 6980 2403 6171 2348
13087 5965 4777 1494 856
14646 4680 35 216 2814 4343 2028
12736 1587 4825 2532
5861 2473 4749
19052 6867 2413 2323 1002 6248
16508 2351 3026 4970 2417
10858 6854 1885 5965 362 5100 1913 3902 5305 4781 5621 5184
13757 2829 775 3926 2248 6286 6785 3651 1598 3880 929
196 1937 2248 339 1225 2684 5655 2459 4970 2094
19349 5004 4970 1405
18902 6303 3103 2884 6171 2459 2848 2442 2791 804
9448 1868 4590 957 3504 1960
1732 1286 6660 2108 1459 3660 674 4830 3129 6114 2609 915 5496 5081
7089 5282 5744 141 6242 2927
17029 717 6986 4970
18892 4758 4970 4703 5063
15417 4830 2659 3390 1901 1241
15124 4187 3439 2034 1444
2687 3800 17 2728 3221 2459 5146 6673 3215 4631 4563 6134
148 3718 6691 5108 1913 1603 5725 4970
15545 2393 1489 5353
10384 4611 2736 930
6279 3718 3035 4814 6242
3142 6442 4028 5184
1988 2135
3662 6660 5049 3011 1407 203 1958 5919 544 2878
12001 6611 5808 5652 2498 229 1993
1104 2169 1079 2581 1818
18486 4243 5677 4202 4832 5295 3749 1405 3342 2494
16532 4243 4291 1554 6393 1581
3519 4243 2757 2814 2954 2818
13271 4243 5821 6483 4270 911 5581
13456 4243 4859 6611 6911 3164 5184
19370 4243 314 2816
12795 4243 1304 4934 5330
625 4243 4777 4477 1443 1732 2307
9412 4243 3853 666 2677 2410
14461 4243 4738 3038 6915 810 6789 5794 6336 3468 3923 4605 2618 2620 6505 854 106 2975 3652 2483 5000 6516 4478 5184 1231 3072 6027 6781
2590 4243 2840 867 1693 4291 2169 6345 2787 6527 6436 1913 6984 4020 3351 4227 2459 3130 3713 1738 4307 3614 6584 1704 5724 6211 6213
14910 3821 4940 6964 6981 5928
19356 3821 2619 5530 503 1015 3564 339 1535 6419 911 6261 3157 4510 2685
6896 3821 2161 1496 4657 249
12061 3821 5912 6867
5424 3821 2102
16299 3821 707 3038 2930
364 3821 3747 6692 1378
796 3821 3710 6930
6974 3821 3612 819 210 2728 5956 2305 5026 2405 2876
2001 3821 5335 3591 2515
14058 5335 5870 498 3737 3224 2126
12811 5335 1499 1587 6499 1575
4993 5335 2502 362 2007 5570 2659 4710
12108 5335 4777 756 3516 2245 3034 2513 322
12080 2768 2082 6286 3111 3742 5606 5654 723 5649
12897 2768 765 1365 2647 4781
397 7005 178 2052 3386 2552 6631 832 1888 6864 2294 3125 3521
17821 5286 4940 536
15475 1916 454 4950 6868 1532 1419 6086 4387 1221 4885 4012 141 1808 6503 4133 5469
2554 5592 799 6583 80 5389 5880 6925 1857
5510 5592 6660 3626 106 3248 358 4424
4337 5592 2907 4257 3331 1872 3979 1479 6568 4210 853
6965 5592 6984 3745 4210 4823 1542
2125 5592 4034 4536 2166 1839 3391 6355 6548 1479 3902 4710 2882 6641 3272
6178 5592 5817 5100 1913 4855 2176 1423 1067 2126
10328 5592 6053 35 6635 3937 6781
17775 5592 1868 3853 362 6865 1603 4930
10282 5592 3105 799 5794 5373
2182 5592 6217 1868 1469 2541 4555
4052 5592 2099 5353
19034 5592 871 2403 6509
12706 5592 178 3438 6397 1969
180 5592 1459 5580 760 6895
11751 5592 3823 1808 4211 2101 4461 481
5527 5592 6730 4324 6150 2192 4611 4830 3536 3356 334
13103 5592 6902 4777 6607 5261 1049
9881 5592 5965 4635
13823 5592 4699 4284 552 2073 5190
8855 5592 5891 6166 4777 799 6746 1234
7512 5592 6652 2504 6785 1437 701 3566 5685
15995 5436 919 5507 928 5806 5234 2590 339 2576 2376 3619 5183 6894
14598 590 2950 411 655 4468
13443 590 5286 362 4777 3227 2814 6721 920 432 2574 6463 1134 2927 5332
16311 590 2366 2351 4508 5284 6861 659 4194 1797 6523 3957
5741 590 271 6915 1489 2161 6568 4119
10219 590 1499 6660 3232 1868 1260 4928 5411 6583 594
11152 590 5965 3133 3694 63 4281
6204 590 5817 2057 4824 1207 4881
7677 590 4590 4742 3516 5146 6289
13147 590 2502 35 1400 1936 4903 4830 7022 4507 3602
8136 590 35 3758
9440 590 837 2082 3408 1936 3062 5597 1148
12865 590 4023 950 2980
9625 590 3480 4503 1714
12660 590 6217 5817 1876 4940 5290 4837 4937
14379 590 167 5390 323 6676 6232 577 5126
16345 590 1888 6951 4224
13434 590 4777 1709 1774 866
13410 590 1755 697 5558 6868 4599 2583 452 5091 2781 943 956 4662 2305 5699 6534 88 1745
2853 590 4257 5184 1212
14774 590 3489 512 5448 3721 3979 4821 5678 1743 3540
2962 590 1304 2879 566
11031 590 1566 4590 4815 2581 5353 4758 5999 4879 5678 5936 3910 105 5063
5182 590 6242 5099 3147
1318 590 2351 5579 3279 3303 4868 2758
5586 590 4598 2502 5821 473 1671 3516 2459 5748 4619
7660 590 6086 1229 1809 6022 5063
777 590 3279 5648 4830 249 4994
3583 590 2370 1072 1861 6354
17623 590 2829 1868 4590 6960 4327 3439 6785 4947 3597 1483
418 590 6715 636 4257 871 5817 1868 1491 1304 4777 5049 2469 411 6368 1535 6195 884 1088 2980 5204 2239 3737
17153 590 1015 5048 4202 5674
7847 590 2337 2476 6152 3626 229 2660 3370
16347 590 871 6086 339 4830 5352 6914 1895 2126 3150 2791 2927 3861
16450 590 3866 707 4567 6155 2900 4037
18738 590 4590 1904 2683 6400 5353 1787 338 4275 1084
1586 6068 964 1729 3314 1496 5515 3436 3114 4119 960 5691
18079 1587 6469 3417 5837 1377 452 3626 4491 153 5623 3335 1851 5804 3311 5691 2564
2412 4023 2914 172 4970 79 4513
14251 6086 6380
11504 6785 4709 2025 2497 3425 904 6258 569 5769
13021 200 4468 2120 3255 4878
15279 1729 1496 6314 2104
9041 2829 6923 5740 3737
6639 5286 6682 4478 4741
13077 679 5323 1260
7844 6217 1603 4436 3674
8327 2025 2765
12590 799 6485 2594
11975 6095 5104
182 992 2100 2583 2951 2647
1681 4222 867
10571 1772 5739 6676 2882 3147
11448 6053 141 4830 1389 5462 5410 6030 3601
5197 6217 4426 3897 323 4124 1401 4405 3260 1575
17726 4182 1437 2340
7490 1036 6368 104 3992
5704 2246 1260 6583 4679
18435 6310 2390 6086 2728 6511 5341
10464 6328 5511 1903 951 6126 6067 2940 270
4345 1930 2871 80 6746 6216
13642 6960 5882
3041 6068 2337 659 3850 1789 1974 4211 1045
231 4023 6951
13955 5693 1981 3278 4777 5108 6583 6742 47 1609 610 2980 3288 5791
5896 1885 2502 5579 3227 3060 556 3422 203 3674
1392 7004 5405 5940
11009 6546 6984
18484 4590 4327 1787 2519
6583 885 5891 4291 3133 2246 91 3994 3445 1512 2520 6960 4518 3098 1899 5108 5489 3516 5113 2565 2294 1184 47 4714 5378
1682 6008 6168 1377
914 871 6902 3227 6589 2457 3366 4722 6843 4948 5633 175 6951 915 506 6670 3901 3674
5532 3750 5353 5259 1839 2240 4710 6407 492 6232 715
16549 4188 4161 1876 3487 4014 4777 5912 5113 2023
8428 6303 1858 4094 430 1157 1708 6207 3938 4042
18543 6730 3098 3983 6368 5779 2451
13405 5031 3098 1559 1413 511 4747
3173 2337 1072 1260 964 2451 2382 2582 748 3674 5712 5181 3746
17509 4182 6336 1603 1413
11827 4291 1417 1631 3118 5240 1075 799 679 6368 3850 6785 3721 6721 4049 2538 4810 4830 4227 6114 2862
5323 1260 5743 5219 1110 6154 2731 2636 3272 3462
4474 4303 5142 5130 6431 1735 4517
18257 3836 6721 2112 1487
10958 2758 6837 1389 5633 4980
14679 1489 3356 4221 3361
8822 6715 6217 6299 765 4777 4558 780 6762 4710 2168 4138 3986 2101 1303 2927
11078 6715 3489 871 2984 4175 4190 804
12796 6715 2502 6915 2977 4164 1522 3733 6794 4488 2023 6645 3901 6268 3822
201 6715 6785 1020 2957 5979 3234
8966 6715 2469 6551 2838 6772 1609 6272
7678 6715 1665 3439 43 5226 4563 4568
15959 6715 1814 5511 3979 3155 3176 7018 5729 5194
8964 6715 707 4023 6368 141 3949 3824
9614 6124 5444
8657 4096 1631 3317 6631 5377 2809
6667 421 3293 4530 6449 2873
13626 1133 3937 6778 853 4627 3586 6957 6782
13197 5504 213 6788 4041
13985 5359 4156 2980 498 4893
9821 3385 114 3937 3509 3578 2090 4420 1125 5668 6694 3712 6957 671
1373 419 167 5732 2997 4758 1686 2677 6746 3395 2963 3291 6369 711
1724 4107 5529 1868 1723 799 3983 1260 3727 4830 2651 3356 6237 410 1735 1701
7989 2713 6195 2086 2177 4862 2674 3712 588
10262 4742 6990 4547 6694 6689
2297 1445 935 6509 3586 5071
16018 5821 2005 5047
9513 4107 5603 2062 53 1505 3247 266 6957 6782
15272 809 765 1260 950 569 3441
18627 4161 1674 5152 2483 3599
5003 2062 5364 6953 6990 2352 3746 4660 3859 588
19364 3587 5168 2059 2856
10803 6124 3599 6495 3510
5449 4707 5965 6631 2814 5353 6269 5908 6030 6573 6509
5777 5312 2589 1852 6759 171
12940 5090 6124 2062 935 5444 6788 4041 1125 6696
18951 4107 2062 6788 5470 4041 6782
19144 3133 4752 2167 3509 677
9556 935 114 4628 1125 6782 2586
16702 4107 4742 2007 2343 5461 2918 5163 5172 853 4628 705 738 588
5693 4107 978 935 5826
16187 1133 2445
11430 3183 5055 2962
8323 871 35 300 1913 1839 6380 1776 4478 5838 2514 6021 6907 907
738 6217 6455 3278 2701 411 4742 5401 1663 5113 2986 4355 3385 4705 2980 5090 2013 730 2239 3662 4040 3157 2343 942 6176 5033 2062 1435 1133 2685 3630 4636 7010 114 4586 3177 2903 2256 3705 4943 961 3374 6131 850 3632 2445 5370 4663 5332 6788 4660 325 3586 3744 3047 1125 5668 5071 675 6663 5231 2557 6962
2992 1119 5033 6490
7994 2502 5055 1489 5074 4980
2202 799 1679 128
700 2311 5279
14297 4633 4262 3937 3548 86
14153 518 5353
17648 1033 4601 2275 930
7067 4107 1901 4752 3712
16371 4742 918 5603 2062 3273 5172 3509 1279
6404 2578 4211 700 3599 3293 4101 3968 2568 5172 3509 1945 3578 3586 2801 6957 6782
11046 6489 1125 4691 6495
541 4107 3578 6495
12248 2986 3621
146 4062 2701 5386 2338 5729
8723 4107 700 607 2137 1832 2256 3247 4224 1083 4998 4660 4506 1462 6439 3541 6957 646
3469 4742 1405 6124 2062 1435 3630 4220 4296 4649 2086 2137 2675 6131 5638 6115 2154 5172 3973 2470 4628 705
2320 432 1083 325 4691
2741 4107 6224 4506
17476 5965 6455 2270 3363 4742 1535 4830 4636 5364 2137 3247 5370 2439 5071
8027 186 4816 6114 4525 5633
16974 2269 3737 5672 3150
3872 2515 2329 4207 3968 1538 4318 6782
1230 18 518 816 3239 4742 5278 2728 5152 5104 5504 6446 4636 6700 3374 6449 2470 2422
5984 6091 542 3540 1426 577 2675 6509 6788 4660 1118 3712
16794 3926 3929 3530 5350 1599 6359
14328 4067 5415 2239 2343 542 3521 3540 203 6124 4636 6598 607 53 6576 6993 6449 4863 3250 1026 1219 6663 6782
14793 4107 2701 4825 6195 2493 5729
7549 4107 4742 3961 2410 4530 5861
6933 4107 2822 2219 6694 6696 2586 6495
10779 4107 4006 3385 4063 2470
9103 4107 687 4188 3721 3882 2523 4383 2013
12308 4107 4532 6915 4633 1655 2896 6782
16321 4107 4096 6385 6902 494 5108 80 2023 4930 537 5075 1649 711
8850 4107 4742 1694 6446 2086 5370 5444 5313 6694
12765 4107 2062 4530 7 5593 5332 3347 5231 6782
16642 4107 3239 5912 6882 2759
4002 4107 4364 4545 47 5603 3540 858 203 5033 6224 2918 5471 3937 6449 2177 3746 2090 325 3586 1125 6663
6909 4107 1916 4742 6368 5461 4636
4940 4107 6660 500 4061 3270 1989 5312 4156 3153 584 3290 6036 3662 6499 6124 1133 935 46 1505 3968 6079 732 2445 6449 6115 6953 6509 6639 2054 2586 3510
13114 4107 3961 2935 4220 4649 1701 6778 609 5434 2445 1083 7 6509 2177 3083 4660 4628 5567 2872 3243 1498 4041 675 6694 6962 6495
17527 4107 765 4742 3216 5204 942 3521 5504 3540 6423 700 5027 7010 4440 3937 2256 3107 2822 6778 6509 2177 5332 3083 3496 4506 6639 705 1498 1125 6495 6220
16091 4107 2337 3850 6673 6377 6124 1133 7010 4101 3937 2432 4530 2445 5370 2352 3746 2090
10391 4107 1556 6036 2421 4530 5444 4420 2586
6699 4107 2986 2239 2343 5033 2062 3599 3293 2086 6285 853 4628 6439 1498
451 4107 6080 935
16620 4107 4742 3599
4197 4107 4742 858 4586 5471 2167
18466 4107 1469 5090 858 700 1426 6598 564 2187 850 5649 6449 6990
240 4107 2986 6036
17220 4107 1579 1565 2208 6131 3712 3859
16456 4107 6660 4742 2013 3345 6947 6446 3247 213 3578 877 3243 1498
6582 4107 6455 4742 338 872 3521 2137 1447 2445 5444 6957
18796 4107 4291 2473 6436 6124
1200 4107 6095 5448 865 6882 6781
8252 4107 6506 2023 3804 3404 2918 113
17538 4107 5164 427 4142
4812 4107 2596 6286 2583 4009 1903 4629 3165 6114 5504 858 960 3599 2086 270 4224 4506
713 4107 2873 213 6489 4173 1498
15731 4107 4742 2044 1565 6446 6480 3280 3578 4420 4206 6782 2557
19048 4107 935 5172
18140 4107 3428 3961 6990 4660
2632 4107 5821 5217 3772 50
8948 4107 1945 6157 2680 5231
2251 4107 4742 4067 5415 6146 3521 5504 935 114 1538 2445 3746 6788 4628 4041 1125 2817
9141 4107 2871 1709 4463 6124 2410 1133 3599 3630 935 4649 2858 1447 850 3509 3496 4949 2090 5668
14482 4107 786 6274 2239 2343 5504 2410 935 5192 1279 2470 677 6788 4660 5567 2872 1125 1975 2586 5346
11118 4107 4859 5370 3496
17006 4107 2470 6957 4691 3510
4886 4107 999 3147 577 5370 5172
8628 4107 4067 2001 516 935 114 6990 4248 5444 3973 2177 3496 677 6788 4660 4628 2422 4547 3744 1498 4041 1125 3541 2674 3712 2557 2586 6495 3510
7656 4107 5129 799 3439 2026 6499 1676
4620 4107 5286 1915 5942 1157 1312 3583 6307 3260
2369 4107 4355 3385 1637 1481 2062 960 6598 5364 3293 2137 1832 4440 3937 3705 139 1701 4660 4420 1298 4173 1498 5231 2593
15954 4107 607 3937 4506
16326 4107 1175 6299 6076 894 4156
17436 4107 2052 2380 3595 2483 2522 3746
3771 4107 4742 6777 510 2220 6694
11074 4107 3942 4970
931 4107 6239 6446 2445 1125 2817
7800 4107 2977 935 6598 3937 6079 961 5172 6860 3083 4949 2090 325 1498 738 2680
17417 5284 1507 754 5739 6249
414 2540 3429 4234
12078 234 4469 503 4567
1005 5286 4073 2374 2511 5273
9004 5806 4161 4777 3270 2161 918 6939
6728 5871 5043 4254 7044 1588 2356
10419 3612 1723 353 2980
8335 179 830 1491 1459 500 5579 6518 1582
17681 4885 2581 3030 2208
9873 4217 2322 5525 5195
6636 6730 524 4454 229 3905
10398 6730 687 908 2502 91 2325 6785 2868 5401 2180 3522 688 1479 2912 2677 2980 5350 3390 1234 5833
11875 6730 847 3979
10119 6730 3129 5171 2679
2723 6730 307 6984
10294 6730 141 1808 640 5311
14591 6730 5449 5553 162
18221 6730 3268 2026 6005
7857 6730 774 2115 898 5353 887 2620 1234 1704 1676 4081
12700 6730 5995 2498 1658 4245 212
12961 6730 2481 952 4869 3968 3892
15660 6730 3824 1341 3356 1676 6594 3477
13065 6730 1175 633 6975 4147 6996 5908 5970 4544
223 6730 5821 4777 6848 2980 4682 6594 2927
18190 6730 6081 2761 3937
13228 6730 4364 4777 1575 3674 962
16966 6730 2980 6746 4846 4326
771 6730 395 6171 4803
8157 6730 3747 4017 1068 484 5297 3523 5779 939 1218 2685
19292 6730 3239 5423 4405 4117 6137 1032
7048 6730 4108 4777 3227 3716 1821
17259 6730 6465 3758 2098 570 5691 575 4170
1786 6730 1587 1229 6826
2147 6730 2829 2309 6469 91 4777 810 2728 6785 6882 1676 5557
1995 6730 2115 3114 2562 5474 79
9183 6730 959 2349 1913 6195 3416
13363 6730 4384 1144 4351 3979 3713 1211
6439 6730 4730 5449 2980 5381
15622 6730 4050 4830 6763 4720 4423 3272 1976
3643 6730 6491 4940 1114 4507 1509
3073 6730 992 1709 7021 3504 6237
7924 6730 6551 4156 4366 4478 6257 157
10685 6730 1511 1912 6388 1565
15042 6730 2270 5048 2701 5353
8010 6730 1210 6915 6006 1228 6785 4825 617 6371 1434 5184 3274
4815 6730 5739 1203 6086 3983 2523
13939 6730 2829 6055 4235
14260 6730 4707 3239 5765 1060 2495 288 6721 327 338 3530 4464 2514 2935 6213 5940
19258 6730 6882 6511 3966 6968 814
10946 6730 5256 2860 1055 3630
13225 6730 362 5055 3391 2185 6548 4830 2833 701 3214 1241 5563 599 804
17712 6730 6214 560 1372 2878
7925 6730 6112 5674 6746
5951 6730 6442 6371 3201
2062 6730 91 4830 2980 2528 4148 1637 4305 1127
14641 6730 2169 6915
15955 6730 4426 6368 5515 3454 4854 4471 2808
4855 6730 1905 1260 4910 5353 2770 5232 1895 1487 40 5756
13514 6730 4722 5908 6154 4930 3899 6974 1058 5555 577 782
1782 6730 2509 2871 6746 6293 3716
6078 6730 2701 3038 5821 5985 1883
9338 6730 775 2502 4198 59 2305 3249
3382 6730 508 799 3663 5880 6961
9127 6730 2115 3479 2814 652 6463 690 5795 4670 3259 3885 4986
10002 6730 2829 3718 411 4832 1808 3683 1676 6022
19111 6730 3429 6876 6785 6171 2604 6114 4723 191 6682 792
8394 6730 2829 2225 4108 6785 3385
1691 6730 4761 91 5100 3279 727 6578 1434 7004 2940 1174
10365 6730 2100 6721 4993 6746 4210 5241 6671 4170
3252 6730 91 2100 278 2418 3057 1903 956 4662 2871 6843 338 7021 586 1585 5197 6126 2811 3139 4410 6027
8266 6730 871 6383 4245 6499 4370 2101
14359 6730 4707 4002
7486 6730 4777 184 3869 1020 6261 1776 5928 1319 6165
10617 6730 3133 1205 6269 3094 3569 2348
10955 6730 2122 5353 5763 2023 4744 2018 5967
14477 6730 4777 2007 951 6146 741
9902 6730 2619 1552 1868 4324 362 4940 6361 4558 2068 964 3850 3692 2305 2025 3354 2077
19031 6730 1499 6469 3429 3494 1631 799 1489 5353 6721 4830 610 4185 3781 3260 3361 6499 2863 5338 3349
1815 6730 2328 5788 4708 6162 6234 3992
9933 6730 6660 3114 4478 5838 256
2037 6730 3926 1512 639 104 2751 1619
4393 6730 5896 3006 4839 1511 5403 2463 2565 1479 2677 4405 3597 4077 333 2774
16793 6730 4626 1203 3801 2873
1803 6730 2502 3317 4777 6785 2565 5222 4613 5610
6478 6730 6367 5168 1575 2137
3892 6730 4257 4259 3516 6044
443 6730 6530 4454 2964 4478 3999 2292
5784 6730 2578 5908 4211 2927
5264 6730 5286 1304 1631 6619
122 6730 3926 1648 698 553 3147
9289 6730 4599 2440 5488 3235 4306 3955
13431 6730 5256 5863 3772
2433 6730 293 1304 3979 4682 1823 4478
18880 6730 6217 3851 3952 1511 3595 1050 6171 6746 6511 2101 1067 255
16624 6730 5917 2351 5111
2603 6730 5821 3949 1172 952 5691 4275 208 1805 2830 6057
19438 6730 799 5353
3903 6730 4291 2322 3360 339
1412 6730 3455 5908 1603 2323 5610 2927
3064 6730 4256 3727 4009 3391 6981 65
1881 6730 1499 3489 1417 4742 6380 63 804
9285 6730 2100 1010 4765 4119 408
9263 6730 5048 2311 5652 4112
18924 6730 871 5558 362
5663 6730 1587 3587 4382 5011 1365 4662 5763 1097 6919 5420 5553 6939 3781 726 1637 4305 6176 203 6145 6027 6893 2256
10887 6730 871 2940 1458 3580
3596 6730 871 6108 3946
5380 6730 5603 3395 5621
6665 6730 2683 2618 2867 2679 118
15414 6730 6640 4454 3215 5063
9961 6730 6785 2764
10591 6730 4161 2208
13947 6730 5449 6583 3540 627
18608 6730 871 4777 4571
3917 5502 3908 2962 5219 5168 4454 569
2600 5502 837 5977 5217 3961 5694
2872 5502 6606 622 203 6291 4285
239 5502 4156 2574 3642
10971 5502 5948 5821 6970 2099 370
5067 5502 6915 518 1489 6766
1421 5502 2491 6619 6826 3540 4892 2927
11796 5502 4426 5353 162 5535 2927 6454
10721 5502 4257 5286 3271 2541
2365 5502 3278 3239 3380 3727 6114
9728 5502 3118 2390 505 1734 6395
14344 5502 3239 4520 6309 1333
6171 5502 2099 799 2728 6785 6746
14364 5502 1489 1789 6847 4607 5531 4461 3272 4053 925
9315 5502 5962 5581 1483
14239 5502 4216 6466 6984 3185 1610
11413 5502 2351 362 2620 915 4981 5000 203 6145
6708 5502 1103 6053 6422 876
2613 5502 254 1333
10392 5502 2102 3787 6930 5294
11990 5502 6362 4351 2395 674 4611 4710 5468
6351 5502 6785 5581 5104 4837 275 1627 6818
19435 5502 2380 175 6453 5351 2513
8998 5502 6785 3803 569 6371 3229
19023 5502 5049 1804 7008 706 2696
10692 5502 6807 5579 1419 3289 1871 3645 4555 1576 2660
18574 2492 1903 3530 6004 5303
6072 2492 4810 4816 2897
14813 2492 3929 1868 4194 3121 2547 6340 6635 6371
9789 2492 1847 1823
15911 2492 2169 17 1535 6371
8738 2492 6902 4777 6785 6371
12132 4896 6267 152 5359 4341 2992 6154 3356
2206 4896 5440 1450 1229 2833
14976 4896 4469 871 4188 91 5644 6175 2161 3408 4048 3713
18714 4896 2527 89 5138
17919 4896 2364 6915 6119 4198 4497 956 5073 986 1852 2677 5412 3058 4005 3966 4994 6892
12318 4896 5265 351 6354 3009
4293 4896 837 2540 2108 4719 5367
205 6805 6455 63 4246
17818 6805 2473 2502 1072 281
38 6805 2502 898 498 6511
9799 2435 4161 2879 2977 4351 4940 4825 2227
19224 1273 5286 3254 3595 755
12933 1273 5821 2892 3721 6161 1464
17191 1273 5072 1367 1489 6984 4154 2743 5979 3749 6756 3483
16643 5391 2106 4758 1925 1621 3470
6565 5391 3385 935 625 2054 6782
19382 5391 4761 2814 4485 4112 2761
17511 5579 1970 4270 2180 6071 5763 5423 105 1464 4043 4170
13115 6390 2833 854 5547 2940
9181 2309 4227 47
16531 1015 91 909 3439 4662 169 3442 6973 4005
18904 4254 1690 79
18082 1937 2283 1080 493 5936
11763 6628 4940 6527 6340 5034 2413
11341 1749 6868 6086 665 2681
413 2169 4161 3104 3239 6368 5011
9293 2473 2508 2023 3257
7795 1015 1962 2969 1434 4043
14308 1723 4859 6511 2170
14350 5917 1772 104 7016
2860 293 6902 5995 1304 1072 5108 4527 2728 61 3626 47 2833 2541 6746 2612 915 3272
10064 2814 849 1438
13432 2701 6530 6146 4701 4478
5576 7000 3455 4156 5823 4846 3716
2506 810 2106 2487 2980
1075 4376 3578
9989 553 3799 1646 5171
5552 1987 2774 308
10311 503 6789 2617 639 4340
9354 4161 5108 2670 6222 6690 6216
4289 5834 1587 1072 3852 3239 5210 5503 6630 6388
9031 1431 3851 5579 5558 2508 4940 2859 4599 5637 760 3692 3870 4611 3185 4948 3826 2338 1704 2118 4177 1464
18295 5579 1631 6984 6850 5979
11532 3533 1288 281 2072 2080 1927
10684 1552 3982 4644 4810 426
13249 3236 6690 6216 4669
17573 2395 3283 4332 496
2451 2689 339 4215 5393 872 2026 5928 2101 3868
19385 2829 2337 1966 1506 2996 6390 6278 2318
5572 6660 3398 2860 3354 3441 4151 5662 2214 6111 575
9592 1937 4291 5514 3239 5142 6885 141 6077 1559 3782 5389 4789 2960 2155 1458 2308 907
7753 2829 5478 4515 4832 1497 5316 2389 6568 6235
17350 422 6055
17117 791 5904 3288 1434 5199
2263 791 1950 3516 6083 2101
12331 791 2693 201 714
752 791 5286 2502 5877 2731
2706 791 91 799 4885
9339 791 871 3331 6546 3019 2294 6145 1071
7524 791 6455 2504 3523 4284 3129 437
5613 791 1631 6785 3588
14043 791 4417 1550 4156 3288
5223 791 6915 6868 3777
16635 5243 3851 674 5232
8149 5243 4364 765 1203 4303 3303 2583 2659 338 2026 389 5672 2139 6369 4670
11694 5243 1459 1104 943
3844 5243 1729 1559 4846 3195 6334 3758 2044 125 2995 935 6255 2532 721 5347
6554 5243 6902 1304 1512 4825 2940 2696
8366 5243 1485 3489 4161 1491 5579 4108 1419 2316 6195 1997 1107 2980 6746 6388 3717
15357 5243 5054 4188 4050 4426 383 1632 3057 2206 4789 3215
14944 5243 920 7021 5352 6004
11595 2440 6505 5783 6511 1243 423 1413 6141 439 3611
12206 5957 6915 1535 6289 481
491 6299 3227 5152 6458 5104 709 2849 5680
8100 4590 5142 2418
11699 3587 6915 6551 1535 823 6838
12973 3600 6984 665 2903
5886 6660 1489 3341 6568 2994 2022 1776 2101 4461 2685 1002 5809 5474
17493 3591 1916 1323 4198 2376
15900 3591 918 5016 426 1880 5028 6395
17645 6622 4448 104 1913 1679 100 3181 3782 5928
8670 6622 4188 2477 3883 4383 710
15600 6622 2922 3049 2358 2947 4611
5569 6622 5094 2976 2956 1733 3514 6171 6188 6176
5716 6622 1552 1459 1296 2909 3491
12322 6622 4598 4758 1024 3827
14262 6622 2928 5607 3462
9237 6622 6133 3118 3239 4485 6188 3855
13704 6622 6916 3408 1560
12314 3120 6110 1491 1203 6206 4658 3794
15143 3120 6510 419 2690 4132
19376 3120 1322 4101 5471 3937 1538 4318 6953
6845 2829 3851 799 6568 1279
9482 2829 4397 4761 2728 6785 6400 785 6763 1660 1451
1383 2829 1868 1417 6785 3353
845 2829 362 4202 4940 2101
12148 2829 3850 3182 1409
5183 2829 6785 2647 452 2487
6311 2829 1203 2520 6785 4399 3889 6418
10985 2829 4397 1175 4515 1535 5353 766 3248
9850 2829 6034 1496 566
13264 2829 1499 867 761 4682 6759 3630
4879 2829 1868 3721 6882
14212 2829 5054 636 2689 1157 5837 452 6458 334 3150 540
12337 2829 2390 6785 5036 3444 6759 2244 6490
3285 2829 5582 6286 5031 1150 511
10155 2829 3850 6785 5074 4611 2541 5197 1725 3685 6511 2483 2660 3201 2927 6907 2750
1492 2829 4515 1032 6818 6084
16875 2829 2502 6785 2871 3491 6025 2568
19213 2829 2191 5168 2483
3959 2829 4787 2490 4825
5053 2829 1417 2513
2885 2829 3974 3239 6956 666 4624 3024 3563
4438 2829 168 1308 1592 3769 6785 6084
17030 2829 5466 1123 3523 6594 2741 2133
16340 2829 4351 494 1148 6878 3670
1611 2829 2569 1679 3075 515 2980 4936 2863 782
5270 2829 4108 5121 6785 978 3773 575 2873 1355
17841 2829 6915 4777 2634 6154 3356 3601 627
1892 2829 2850 3949 1110 3540 1183 4478
13929 2829 6785 6746 2452 1407 4225
3115 2829 5821 6785 1149
6512 2829 1227 1876 1339 1472 59 3385 6568 6531 5531 3147 1083
6882 2829 4940 1299 5972 6442
9032 2829 4777 5108 2661
3470 2829 2337 5821 1987 4702
5442 2829 6583 4956 403
15975 2829 6660 28 91 2683 3663 6785 3721 3693 1077
17376 2829 4291 871 2879 676 3239 6785 3979 4690 4981 5928
6682 2829 2548 6286 1260 6368 174 1535 6484 610 3030 2026 2101 2691 3201 1134
17955 2829 6660 1417 6095 2987 3997 1449 3455 6195 6171 5823 902 3614 6942 792 3204
9133 2829 6687 5633 3695 2940 792
7938 2829 6469 4156 913 2826 3531
11528 2829 3547 4590 5794 6511 481
17761 2829 659 5558 4730
19421 2829 6785 4383 4947
16535 2829 6347 6785 4910 6665 4701
17822 2829 717 1459 679 5522 2709 6882 4938 5700 769
4170 2829 6660 3612 6468 746 2470
13966 2829 6785 5411 6746 2483
14746 2829 4738 3278 1387 2100 3331 3239 1872 3554 3721 6864 2101
247 2829 1036 5108 3882 4611 5204 1732 172
4889 2829 3494 2476 5787 6785 5353 1549 6523 3839 1676 6044 792 2636 5691 107
6023 2829 4150 6785 6721 6746
11006 2829 94 4006 6785 569
17150 2829 5353 7021 3813 2632 5065
10611 2829 867 3952 2886 3721 4205 5867
12723 2829 867 540 583
548 2829 91 4405 1077 2101
13357 2829 871 4115 610 2761
11622 2829 503 6785 1473 4156 6763 3798 5044 6446
2880 2829 2502 6785 4462 1172
7516 2829 3819 2757 3366 6764 3502
4453 2829 3316 561 3317 2100 3522 3626 4846
5560 2829 3084 398 1417 6785
1938 2829 1966 1419 152 4558 5743 6721 4156 1452 5180 5633 6711 2208 4461 1409 2927 5664
15595 2829 2583 4611 2323
2588 2829 6107 6843 2436
11761 2829 4761 4161 5821 7002 3326 3268 6785 5459 96 2632 5717 1799 1909
15282 2829 2502 6785 556 4205 2488 153 4468 792 6754
9900 2829 4885 4467 2305 3644
10361 2829 4742 1489 3850 1232 3745 5838
11940 2829 5286 2502 3850 5040 2451 5679 6391
2827 2829 1868 4830 4846 2927 6079
11033 2829 1903 2927 4920
17692 2829 5286 4777 4742 6785 760 149 432 4846 3272
12797 2829 6589 1228 5908 106 3644 5178 3192
9544 2829 1868 5821 799 4742 6923 2728 1632 6102 3809 47 5753 6746 2498
4869 2829 2337 1072 3850 3733 6785 1987 3530 6746 2957 5468 5728 6844 6237
17245 2829 5817 508 3386 4049 3319 5350 6609 4077 145 3846
11961 2829 4814 1749 3693 2758 3463
18317 2829 6785 4892 289
8003 2829 1916 707 6902 4777 6785 1172 5767 525
6375 2829 6684 3851 4451 6570 2886 3490 6077 5581 3312 2574 1738 1553 5285 1976
1896 2829 5821 3707 2143 5361
8713 2829 6785 2996 47 6327
7392 2829 1491 4375 5449 1245 5744 338
3742 2829 6785 2389 3349 6285
1676 2829 2337 1966 5821 669
14967 2829 4433 1913 5581 2311 610 6882
4709 2829 4832 6388 6084 5172
4186 2829 3814 5821 1749 236 6613 6910 3385 486 5047 4683 5725 4192 1884 229 1032 6198 1856 2791 5063 2909 3968
14632 2829 3595 4855 1427 3692 5792 2421 5016 3452
1341 2829 4951 2507 3260 1575 1169 6688 5910 6685 3461 2439
17523 2829 1791 1781 2903 2373
12790 2829 2814 6785 1883
15922 2829 1489 5353
763 2829 2728 4383 3361 4703 1195 4285 1083
15920 2829 6785 1709 4117 5012
2643 2829 4855 6763 3406 3737
12493 2829 5286 1133 114 4101 6131 1701 4224 1083 6449 7 6509 213 2177 6788 4506 3586 2123 6439 4173 4041 1125 2586 3510
3984 2829 6868 764 164 1449 1987 3569 6568 3685 4149 6371 792 5225 4165
9496 2829 63 4491 6609 6499
15835 2829 5904 1341 6126 341
316 2829 339 6785 4477 3613 335 1676
18894 3752 1870 2634 6785 3626 2790 2871 1341 3536 6806 5212 5838 4277 4921 1781 2927 5809 2453
17883 3752 1490 5107 786 2509 63 5682 2284 364 3204 6740
7591 3752 2122 2064 3660 5794
12063 3752 871 707 3126 210 3301 4341 5462 3602 439 5668
3043 3752 2337 1430 2447 6078
11767 3752 1036 2160 5408
17261 3752 4267 5061 1148 4076 2638 1114 338 5410 4405 6065 2710
7526 3752 1409 2216
13251 3752 669 556 5099 240
1384 3752 6086 1839 3536 642
15852 3752 1036 765 1459 679 943 6673 3335
5491 3752 2172 3425 4285 6078
10718 3752 3851 3698 4731 6939 838 5691 3674 3031
3985 3752 271 3814 2854 4058
10132 3752 2117 3949 5168 5178
1120 3752 6817 6868 6785 2084 3455 1148 6568 2026
11388 3752 809 3660 1479 2480
9854 6093 1972 4351 417
16034 6093 5689 5948 5276 2564 2177
4712 6093 2502 5353 4156 4830 4981
13862 4472 2064 799 3004 4830 1517 904 4905
8921 4472 2700 6228 2096
13216 5212 3829 1996
6606 2520 978 2412
6079 3417 6292 3024 5053 4299 6417
2705 1631 5449 3057 5353 4646 3361 5555 2628
8658 6122 1879 6505 3146
6670 1587 5286 3008 4567 2192 2573 1913 3019 2871 5742 846
1686 5579 6682
6926 2502 362 3254 2264 3386 5265 5547
6209 1826 3904
12209 6975 964 1581 1716 6929 3201 1799
12400 5918 2394 4141
9376 5373 2023 1458 3868
11854 2169 920 5000 333 4282 6818 5691 6288
15163 203 3632 6266
953 2328 2715 1182
4209 6660 615 4478 5063
11542 3487 3098 177 4340 5674 4690 3390 4449
11678 3094
88 2578 4161 975 5459 5180 3899
15064 4801 362 3417 1060 5040 4235 3809 5931 5374 3626 1550 6796 3652 1407
2814 3084 4108 3554 1800 2026
10575 4699 6567 2791 5555 6700
9668 6313 784 5633 5812
10694 5265 2034 183
14948 707 5936 2628 3868
8199 871 179 3870 856 852 1193
4732 6902 4234 5408 4777 2520 2884 1535
11919 871 2502 6923 4558 307 4993 2980 71 6239
11597 6876 2418 1494 2338
3751 1299 4885 6281 4143
18451 687 5529 1491
3122 5509 1201 2645 856 1686 6530 4211 1743 172 2740 967
8818 1078 4830 4597 3737 2870 1760 1832
17653 6469 744 2101 2927
3803 2693 1765 3238 6996 391 4810 3416
2156 2508 6864 6939
13507 4188 1304 2476 290 4297 3337 4759 3272
16894 1306 569 5985 1058 1832 6079
10705 1695 2233 2477 3060 36 1560 3352 918
12644 4758 4156 1401
14562 6652 2850 6185 3125
9209 932 4814 4981
11805 1366 4662 338 5350
645 6458 1413 1996
15383 2230 2313
2810 2151 3659 2498 5678 5368
14880 4188 362 4204 6885 2328 1376 1405
5006 6217 1916 336 5048 91 1203 3279 4832 1729 5088 5316 6746 513 2026 3961 5008 6212 6499 1319 736 4517 2858 2453 1701
14744 1499 1566 6568 5350 50
7439 871 2590 3516 3523 5652 2459 6402 2609 2245
7163 2122 4351 1418 6910 5936 2736 767 1676
16997 3159 4885 6867 4158
19170 7002 5316 4011 2118
11857 5705 497 3595 5672 1575
2006 5286 452 1389 3491 79
788 3308 4590 799 1271 6762 3614 1310 5967
5710 4460 400
13816 3791 4097 3727 6530 6028 5012 1898
6121 4830 3737 6044
13325 2701 4777 3169 513
16917 6310 999 3439 6777 2168 6424
437 1868 5962 3693 4846 4698 1058
5157 1671 1681 3966 1413
17839 871 1868 2390 6368 6785 2451 1791 1097 3569 1823 1575 4478 1375 817 5795 3937 1701
13903 1260 5794 4810 2980 6619 2023 6083 5545
9186 1539 6210 2305 804
9395 5917 3038 2080
17851 1552 1304 5204 6371 3190 4478 2691 4357 2297 4763 804
15965 3133 5048 141 3942 1565
12 1876 5059 799 4215 5350 3480 5563 4994 3272
8258 5821 6785 1056
18952 4564 2612 203
2803 2351 5512 4050 5108 2106 1472 4151 4423
9807 837 5628 1990 189 3928 4815 2874 5999 6371
8652 3852 2647 2638 2025 2710 5979 5027
7151 2879 799 1913 2084 5560 4477 1088 2459 1248 1234
9333 6915 4777 3392 772
13219 383 5104 3737 1776 6871
10066 5408 6813 1923 3737
5069 2683 5821 6923 6086 2583 1804 956 6721 4355 1114 338 3685 2664 900 5979 2870 2632 4560 6929 3674 3234 5474 3193 6547
18070 1839 6383 6721 4454 6312
12986 2192 5729 3393 5938
16986 5579 6915 4202 1489 5251 4710 6743 4190 5967
6302 5286 3052 3549
14351 6932 4002 4188 4643 1304 3733 3450
12395 2758 3979 2523 5488 2334
7204 5720 2795 1241 162 2875
743 6915 6793 3997 2026 4701 2101 2739
15061 1459 4777 1419 3850 95 498 3444
4078 809 2814 4156 1405 3644 741
2740 6915 1157 6628 5639 3737
6258 1107 5869 2791 1992
13291 177 6530 2875
6640 5353 4888 243
14474 5987 3626 920 5174 2562 5474 1084
6361 1269 3770 6763 6530 681
11101 2508 3710 4156 6708
802 871 6721 4148
17282 1304 4699 5787 3742 1171
334 2351 1036 22 3868
175 2309 4161 6655 4558 3446
15921 4034 6817 2527 3523 60
2652 4034 6924 4599 2354 4859 3005 573 4227 2382 5672 4042 2076
16412 4034 1015 799 3497 6436 6274 2260 2818
9512 4034 1587 1459 3680
5703 4034 2351 4188 2473
14821 4034 2502 5579 4777 6086 1040 2142 1134
17513 4034 512 1225 5581 6672
11426 4034 5164 4699 2647 1123 5503 228 1127
8939 4034 5108 4876 5341 1405
9943 4034 3814 5667 4885 2301
17608 4034 5286 3239 4742 1617 951
8971 4034 411 3564 890
1587 4034 1152 724 2264 5353 6856 6077 5090 4043
16215 4034 4381 799 4460 2305 6843 1218 2930
19192 4034 2111 2052 747 6607 435 810
18987 1910 6110 189 1299 833 165 3644 5847 5996 3272 3122 2417 2453 4318
7661 1910 2160 5547 6356 5946
1338 1910 2976 512 4259 6867 1418 3385
5621 4899 5048 1537 2779 6266
2852 4899 1061 5184 4645
1489 4899 1304 2508 1260 3522 4533 4148 577 3496
17419 4899 2351 4709 681 5204 3992
15002 5202 3038 6237
11431 2366 5852 6745 338 3290
2274 2366 6902 2172 245 4497
13283 2366 1988 4699 1723 3791 5353 281 1229 6914
4330 2366 1622 3904
14099 2366 774 1028 2997 6583 2855 6850
13244 2366 990 2105 4662 2356
11575 2366 1587 2169 3851 945 5353 3727
179 2366 4811 1810 3439 104 1888 4855 6763 6503 2218 706 3599 4039
13845 2366 4188 561 6185 3882
427 2366 2619 2337 1203 189 2274
4716 2366 2351 5821 1990 799 4215 6939
5803 2366 1587 5529 200 4242 1749 81 2390 2413
8368 2366 2473 5195 337
15578 2366 1304 1099 4633
8398 2366 3044 865 4341 2449 199 2574 6138
17201 2366 4150 6039 3830 275 4148
16219 2366 1210 5043 1868 28 5579 1810 4832 16 333
9743 2366 2351 141
14012 2366 4364 2879 1511 920 3354
276 2366 6583 5168 2031
12196 2366 326 3721 3727 3017 5131 1760 948
16736 2366 3718 1058 5583
17898 2366 189 6185 2906 4669
1233 2366 1175 6684 5286 1490 6628 1289 3532
5513 2366 6510 2619 5048 2100 5590
10627 2221 6223 212 135 3649
18495 2221 4150 5817 4599 6721 6895 6039 3452 5700
9525 2221 1499 2689 5558 2106 6618 6063 1550 3129 4210 4639
17409 2221 6915 1260 6370 2168 2101 741 481 1194
16886 2221 867 2761 469 3868
14859 2221 5684 4709 5581 6939 6716 4099
9121 2221 3698 1123 5776 249
1935 5150 4468 1682 6930
3483 5150 1116 45 5378
13210 5150 2233 449 3490 5262
6856 5150 4567 5442 1191 1033
2656 5150 2950 2473 1157 1172 565 2489
15166 6303 6233 2459 4823
1443 6303 4787 1157 1723 422 2498 6559
3089 6303 2337 2701 3057 6380 2871 6843 1000
9151 6303 1587 995 544 1599
5533 6303 362 1203 4561 2886 2595 6963
2579 6303 5805 1730 4306
11540 6303 245 339 2617 6505 1756 6134
19098 6303 871 5366 442 5928 2094 2791
3608 6303 5912 1427 6937 3652
19259 5056 4777 5374 441
7344 5056 2502 4161 91 5732 6876
5276 5056 1936 5786 3979 6300
5672 5056 164 481 5649
10410 5056 633 3710
17430 5056 6932 2166 6329 1225 5443
2070 5056 3138 4188 3814 3511 2473 4234 1230 5995 6915 3049 4653 5278 3577 6376 1260 6187 6436 3934 4989 1068 4456 3606 1588
824 5056 2619 6980 1322 6442 3201 1883
6769 5056 1587 6189 1872 4647 6195
1390 5056 6068 5330
5099 5056 4161 4940 6566
11327 5056 6854 1431 362 2166 5078 5353 141 100 4830 498 6114 2026 6842
5955 5056 4161 2393 383 1225
4629 5056 794 4758 1229 2493 4008
4456 5056 5945 1535 4705
18768 5056 178 1930 281 5328
687 5056 3612 2465 5441
18520 5056 292 5272 6195 3632
17980 5056 500 1350 5915 4850 5936
16101 5056 5286 2473 2064 453
2606 5056 6133 6436 6442 5928
383 5056 871 1631 1989 1535 955
19151 5056 1036 1587 3126 1420 383 3271 4281 203
18207 5056 3882 3224 6511 2761
4435 1499 5817 4777 6286 1729 2294 4648 1341 4454 5985 2244 1821 1212
18113 1499 3016 3850
7016 1499 6915 4198 2770 4049 5113 2980
11717 1499 6477 2403 4290 2410 2142 5378 2417
169 1499 809 1631 1260 3439 3619 5183 2498 3839 3342 1413
974 1499 2991 6267 1729 4816 6746 2582 348 5838
344 1499 6217 799 4599 2639 4507 6176 599
9679 1499 6150 3227 2142 5184
7948 1499 867 4147 1225 5547 1776
4783 1499 5286 2502 6876 2866
11872 1499 91 1208 2995 5184
16436 1499 2502 3587 4742 4832 5944 611 1913 177 1418
2794 1499 6168 5276
7387 1499 6217 1868 5397 3455 1451
14086 1499 1587 4907 1679 6061 5032 706
5040 1499 2502 1316 6589 5743 2023 6083 1901 4221 4148 6499 5622 5178 1134 2816 5727
1435 1499 5048 4742 1110 3902 3536 2595 3968
4884 1499 1280 1344 2934 5226 1556 5547 6211 6812
10458 1499 6980 3277 2296 6195
15130 1499 6323 5633 3667 4615 1442 5490
1152 1499 5054 2466 4108 3857 799 5912
1212 1499 3183 5620 2617 3439 141 3523 2871 4713 1479 297 3257 6289 54
11342 1499 1054 3697 6923 339 6777 2952 5880 3055
15760 1499 6313 89 2161 1621 6930 3799
15445 1499 6660 3897 1679 6721 2878
1568 1499 2548 5043 4532 4049
3312 1499 1299 3523 3395 3193 3143
17254 1499 7020 4477 162
18990 1499 4351 799 1511 149 1107 3354
5201 1499 1203 5187 307 4221 5767
18096 1499 1036 6352 4650 4690 6725 1685
13536 1499 1937 2337 1770 4928 1148 6721 4617 3782 5985 5131 813 1083 1650
10819 1499 1260 701 915 2118
6179 1499 3227 2096 6545 4478
7764 1499 1203 4491 4133 2382 1760
1906 1499 5677 3731 1419 3227 5278 2497
6943 1499 2473 765 1459 6915 2192 4859 1148 2026 3899 6947 3644 3274
18064 1499 1210 3437 5579 6949 6468 1131 6597 5715 5087 3521
8613 1499 2502 5316 6171 6763 3125 6882 5350 5563
18864 1499 885 3239 3943 6368 6030 1569
5500 1499 1264 4102 4994
16756 1499 6814 5558 4080
13326 1499 871 6931 5387 2328 6530 2323 4260 1297
12251 1499 7009 1913 5382 4803 3902 2980 6635 5889 1405
3052 1499 2063 978 4958 5370 213 2177 2219 1118
13150 1499 2479 424 3019 6908
651 1499 5488 2963 606 1935 5149
1867 1499 1088 5679 3406 5758 1602
13054 1499 3758 5378
16742 1499 3159 3133 4839 5278 5088 5168 4211 4795 208
1689 1499 885 4291 1304 17 799 2859 4832 3983 3850 1679 4190 1085 6700
2405 1499 178 1304 1459 2683 4050 362 1072 3104 5108 2728 1148 3516 4070 1559 6314 6531 3504 1438 203 4703 1575 4190 4203 2592 5184 5332 5430
18481 1499 300 4491
10940 1499 5817 3239 1166 4765 3904 3405 2023 6673 6325 3513 642 2532
5578 1499 5917 1967 1280 3423
2387 1499 1930 5620 5846 4264 3291 3594
7170 1499 422 6864 6309
1657 1499 919 1491 4742 422 1881 3983 123 3693 6872 2013 2239 4718 6947 3374
5601 1499 2596 3489 2502 2527 3620 5679
16800 1499 707 5408 794 1655 3645 6114 5044
4032 1499 3733 1818 713 6307 1434
5476 1499 2403 665 442 4478
12033 1499 2689 2010 4876 4846 5967
6989 1499 5871 141 6882 2980 2483 5619
16541 1499 5407 799 3241 2204 652 5029
14634 1499 2346 1729 5113 3338 1436 6434 4795 4146
10687 1499 4682 6083 3772 6594
7373 1499 6868 6923 6618 5199 235 2101 5184 3937
17349 1499 3196 2523 1149
5679 1499 6469 799 1489 3413 1575 2927
15892 1499 1937 1723 1221 6483
6190 1499 1306 3893 3342
8314 1499 2953 3902 3774 5184 1458 5060
14789 1499 6133 1535 386
6605 1499 164 1901 1067
17268 1499 4291 2321 1913 6986 5444
11268 1499 6902 2810 5988 228 2975 3146 1924
6810 1499 1868 2583 6485 4048 3865 5805 1242
7659 1499 3718 2577 1655 2430
13653 1499 6251 1491 137
2332 1499 1304 5408 4777 5142 6249
9660 1499 2191 362 6868 2345 6589 5323 3850 6063 3882 2461 4611 2996 688 4930 6594
15567 1499 1479 2498 3652 5936 2308 4937
17700 1499 4777 5732 1535 4341 2023 2870 544
1458 1499 6817 5987 2476 6669 4910 6171 3425 1064 2119
19255 4345 4161 2235 6036 4431 3540 6431 6124 4101 6480 2219 2261 5668
151 2540 6784 5408 1072 4777 847 1535
12315 4811 3133 2502 4161 3949 4846
13589 2359 2473 1080 6246
12727 5191 775 2747 2403 6832 2155 5653 5277
5249 5191 179 1296 3561 5584 474
10740 5191 5916 3727 2628
4422 5191 2351 5817 3675 4834 4903 3636 3667 4981 5008
18296 5191 271 6631 5846 1923 5974
10509 5191 5323 1689 5088
10525 3145 2502 1304 5525 2515 1489 703 3004 1374 3826 5047 5204 6278
6316 3145 6183 4541 2459
6592 3145 6121 167 2560 3636 5880 3632
6559 5050 4329 1587 5579 3226 3427 4259 4467
13279 5050 2700 1808 3902 626 3433 5172
16769 5050 6367 4433 3239 4297 4736
11047 3814 6507 6902 4719 5995 3522 1229 1374 3480 6937 2654
7960 3956 805 3727 2905
8388 2785 4855 6355 6878
67 5079 5514 6529
3103 5817 1441 2944 4124 833 1163 4477 5297 6146 6545
13435 4851 3227 1436 4980
17759 4851 3979 6442 145 4708 4153
6 6748 2473 2968 978 3356 6237
19301 6748 2753
16816 6748 5286 3278 5454 2809 3052 4431 4760
4806 5539 6868 1221 6746 730
1811 5539 6760 4832 262 1166 2825 4186 2240 4847 5250
18032 5539 6854 4161 4450 5049
7021 2097 4730 2618 3667 5953
1150 2097 3835 6744 1626 141 2497 1223 1033
8620 2097 3316 164 1542
12941 2097 3851 288 1222 1808 2980
18514 2097 1868 3819 6490 4745
8715 2097 6297 6446 5691 4177 1841
19361 2097 2685 1002 3705
6715 2097 1015 1304 5579 1723 3239 6354 5473
1449 2097 3883 2757 6485 4553
10369 2097 6068 5014 362 1946 2814 3062 2904
7734 2097 6034 6984 6273 6757 6511 3500
6442 5635 164 3061 2155 463
5956 5635 6915 2657 3969
3670 5635 2502 2064 5325 6458 3979 2459 3119
17050 5635 362 3130 1241 2096 3889 1428 1682 6930 2094
5348 5635 4707 765 137 4866 3660 120 6762 586 5840 238 1045
11887 5635 5510 6297 5078 1486 5073 1038
4786 2991 4811 5048 2194 281 6460 6762 5908 5521 3716 2743 5863 3905 1534 5672 5583 3599 1451 2761 6658 4246 1766
6162 2991 5834 3926 2364 2376 4509 689
17561 2991 4428 6565 6597 236 262 2394 4141
10488 2991 616 951 6616 4148
18620 2991 3210 1299 6505 4022 6291 3916 6602 3491 5694 4367
14681 2991 411 4221 4671
1873 2991 3278 5353 3019 3354 6499 5804 5967
3331 5917 2619 6660 3897 6721 665 1436 2957 6594 88
10535 5917 1378 448
11293 5917 3554 4049 6548 4005 6044
10572 5917 1876 794 1497 2451 3385 3240 2940
6006 5917 4291 1304 6915 869 4564 6269 951 2988 1588 685
2227 5917 6465 918 1517
504 5917 4188 2634 4742 2790 1088 3080 838 2905
8573 5917 3833 679 833 3949 828 709
15613 5917 4291 2581 6619 6243
7181 5917 5693 3929 3733 1094
715 1227 2689 6491 4477 5581 4846 3782 4471
15679 1227 2590 1207 2026 6511 5184 3599
10051 1227 6133 1723 1872 5944 2244
18060 1227 2689 4777 5547 741
72 1227 5286 1491 4324 2191 1367 1283 4599 4460 815 6785 452 4662 2461 4611 2968 5104 3904
7206 1227 682 4102 5187 5954 1690
1169 1227 2807 4094 6465
730 1227 3427 799
6053 2351 5256 1260 5997
3710 2351 4536 4885 3882 423
1418 2351 4719 2393 281 1214
10668 2351 3647 2337 3818 1304 6762 5103 3356 5888
13373 2351 5072 5408 3819 6095 3727 3399 1575
17325 2351 6583 4491
18376 2351 4150 1079 179 174 1535 1214 7003 5846 6939 3480 1302
13607 2351 91 799 2825 307 4901 655 3767 2026 946 907
3942 2351 1030 3289 806 4571 5250
18051 2351 871 17 4227 4607 2453 3461
9350 2351 4832 2125 6030 6474
13591 2351 5558 3237 5767 3469
17398 2351 4291 2502 4859 2010 1559 2677 3502 5841 4701 3342 2142 1799
5232 2351 4291 4050 5276 3005 5092 3516 4611 5105
9673 2351 2619 3419 4814 4094 5353 6984 920 3613 5521 6943
16869 2351 6583 2023 4682 423 2761
10489 2351 5204
11931 2351 1367 3363 4742 300 6276 1839 3626 1559 4935 6420 6711 6371 1413 1353 5261 4609
9383 2351 4742 5353 1886 665 6763
4066 2351 3288 5728 5638
1224 2351 5794 5931 2013 2101
12171 2351 1916 5558 4777 5997 5727
6778 2351 4381 493 3933
14924 2351 2569 281 1689 6511
725 2351 4161 4942 2153 338 5740 5929
9755 2351 4611 4795 6664 935
2270 2351 4738 2701 4080
1480 2351 6660 2502 1304 5408 2349 611 5353 3949 4874 149 2725 2328 5486 792
11623 2351 4188 4161 805 6531 2026 1045
14760 2351 2169 17 6187 958
16584 2351 1539 2346 1175 5965 1858 2321 2769 4446 4467 4662 6530 6718 249 4510 1007 3855
10977 2351 2508 1489 6716 3055 2927
16593 2351 5965 1913
10078 2351 4242 3386 6873 2142
15859 2351 2473 3897 4846 2802 4720 3597 3707 6291
13672 2351 2321 3238 4832 5204
5267 2351 6980 2814 1479 3642 1434 6511 6165 2143 2909 2417
10355 2351 1877 3532 2980 1134 3755 5727 3868 6528
15244 2351 6546 4830 4227 5547 6594
988 2351 4787 4839 4742 2102 1260 4077 2360 40 6298 3073 6408
5734 2351 6868 1818 3979 2260 3264 5521 4399 125 2112 3968 4458 5444
19084 2351 3316 4590 3835 6368 3949 47 2519 1393 2263
7248 2351 2884 6436 6373 688 3880 2514
4251 2351 6217 5679 5929 3070
4609 2351 4257 4188 5278 4903 5360 4120 3385 1807 2050
11023 2351 160 5350 2026 1258 2995 6443
5263 2351 3131 6067
6956 2351 1459 5204 5678 3042
2002 2351 2792 267 200
2824 2351 1764 1494 1394 6531
11815 2351 1489 6511 960 5172
6024 2351 7003 2677 4869
18745 2351 6902 4094 430 512 810 5108 3799
12529 2351 2502 2192 3949 6721 1655 2574 5350 2802 6560 5483 2636 1588
839 2351 5739 5785 2975 2582
17323 2351 568 2761 6285
4174 2351 4599 4611 4383 6843
18167 2351 5449 1503 4341 1465 5126 3632
11618 2351 1387 1149 1413 2158
3744 2351 254 2172 1535 5841 792 3572
5122 2351 5948 6915 6468 3823 665 2833 4820 1891 2813 772 3228
2025 2351 4467 334 4645 2137 1857
13428 2351 4150 6121 3494 2483 4087 1149 5178 5405 6555
13698 2351 2160 4777 1930 4970
7357 2351 4777 2192 4383 924
13241 2351 823 4970 5691 6555 1212
5650 2351 2169 1304 3595 894 5087 2185 4846 2360
7314 2351 5408 17 2814 1018 4816 6083 481
14408 2351 1431 964 2814 3742 911 1229 2677 4762 2562
14585 2351 867 5939 2689 1304 1784
7592 2351 338 1479 2632 6594 481 3110
5588 2351 885 2590 339 2354 2010 4156 1374 6155 2802 4593 6709 4853 6700
6446 2351 5735 3592
3351 2351 611 3064 3170
10596 2351 3718 1280 1166 4341 3264 4981
7280 2351 2208 1426
6486 5478 1552 5216 3035 6469 4719 5644 1288
3926 5478 52 198 2451 3169
14433 5478 6868 1318 2486 1260 756 6746 2802 3966 3293 3193
15356 3718 6579 1304 2160 4699 6399 4462 1634 279 6371 3540 6284
4638 3718 867 871 1631 1686 5547 5204 2764
618 3718 363 6640 1403 3561 6137 1917
13790 3718 6882
4780 3718 5965 1157 2459 5547
14115 3718 2770 63 4279
4726 3718 1172 883 3073
3367 3718 2166 494 4832 7003 6389
3026 3718 5997 3199 1701
365 3718 2619 5821 1888 68 3075 3904 5521 212 6743
2907 3718 5204 5389 2155 2940 4081 3381
2089 3718 3489 2701 6840 1913 4454 6114 1743
1737 3718 3084 3232 4855 2980
5736 3718 1587 6077 2025 3569 3704
5910 3718 3997 5353 47 3354 829 1211 2749
17806 3718 4426 5091 920 6557 6285
17335 3718 2100 4940 639 1010 5152 4662 1719 426 1887
15182 3718 4777 4501 4758 442 879 5063 192 2439
11175 3718 319 411 6785 5110 7037
8955 3718 1419 2330 639 3310
10707 3718 5794 5479 5305 3775 3413 522
9877 3718 2305 4611 6537 5171
19256 3718 1772 17 4476 4145 5000 203 4568
6085 3718 2619 1036 567 7028 6960 999 3595 6785 6992 6648 5152 4564 5904 6222 6583 3552 1401 5104 6387 560 1923 229 1032 5563 2245 6446 1676 4336 4478 6871 2661 2308 423 1193 2761 3491 1880 6480 1996 906 4663 1606
7246 3718 6328 63
8881 3718 3238 4777 556 6583
6344 3718 3727 2665
2196 3718 2248 6389 4816 2126 2308 624
10152 3718 498 5204 3782 3968
14222 3718 4730 1157 4558 4145 3902 4981 1194 5347
2342 3718 6814 166 3813 6534 5350 1658 5825 3215 5575
6243 3718 5965 382 5381 3003 2338
11199 3718 1318 847 2459 2592
15259 3718 5965 5512 2977 512 1822
11445 3718 6538 4777 5997 3206 5211
13209 3718 3564 4859 2010
266 3718 4150 336 4188 5048 362 4866 2354 6354 6505 5547 1732 5936 5728 3889 6499 4957 3150 838
1849 3718 5817 6832 823 804
17255 3718 3038 2814 1224 5953 3170
8542 3718 3205 809 2057 4777 3897 7002 4928 4646 3882 1097 2980 5350 3536 1514 6616 5841 4373 2483 4276 5354 6283 6098 1464 5935 6600 961 1701 372 6953 2069 2352 1212
1099 4222 4649 2896 6689
9417 4222 561 920 969
1885 4222 5657 5822 4144 4132 1390 2451
9797 4222 3587 5073 4790 750
12258 4222 6150 2818 5985 6610
14951 4222 4777 1671 4281 6777 2940 2636
3301 4222 2807 5903 5140
6210 4222 1036 2227
8550 4222 3238 2520 1723 1535 395 2236 4641 4688 2731 1917
15235 4222 1304 3701 6882 5350
1428 4222 1417 4047 5732 5785 436 943 6246 6721 4611 950 3338 3181 4211 3009 879 5996 4478 3534
8805 4222 5965 1729 3523 6573
18202 4222 2346 2248 3239 2010 6238 894 482 4575 6852 3169 5381 2969 2866 6341 3717 4452
14062 4222 5449 3239 6436 876 5791 6670
14088 3914 314 6538 5808 1405
18163 3914 307 6583 2137 2053
198 3914 4435 3278 1631 4 6777 5168 6227 2488 569 3597 5516 5795
6142 3914 2693 3238 1689 6054 6077 2315 1575
1166 319 1912 2507 4555 1187
999 319 2380 2026 1465
17147 319 2443 5912 5722 3979 5655
1744 319 3984 5488 1525 203
16632 319 1015 990 6333 5844 6930
608 319 753 1672 1559 5547 3782 2740 2813
440 319 3494 362 1679 3882 3536 2284 1002 4652
2190 5684 2160 6264 5184
4469 5684 871 1205 3400 4715 2498 4998
1410 5684 3232 498 5936 5833 3876
902 5684 5965 6168 3694 5353 1401 6746 3644 3342 6594 5756
8548 5684 5844 2034 3164 5685
5485 5684 6110 4787 2093
17570 5684 5558 3974 6746 4789
18496 24 797 3733
16968 24 2687 6196 4761 4215 1987 4902 5148 6664 599 777
6860 24 4777 6389 2294 5808 4346 3963 5563 5838 4078
18868 6110 1772 5703 6224
12621 3340 3368 2094
11486 2350 6789 6551 281 6054 1389 5855
2581 707 1556 6016 1621 1151 4748 3667 3772
8036 676 383 2311
6444 809 5913 844 3237
5636 200 1072 2884 799 3366 141 4758 5373 478 665 4830 5748 854 6573 6134
388 4351 5353 1375 6117 6147
10199 2337 3850 1405 2878
15748 3360 6868 6848 6030 5996
7116 775 3877 6175 2105 4249 1852 5908
9841 945 6142 199 7042 5639
4913 837 2100 411 164 1232 5316 2718 1464
5547 2979 2797 3429 5514 6166 1876 1304 6915 2476 1723 2814 4758 5123 3052 1479 2695 6942 5985 172
2425 2979 2345 4545 2010 4035
6829 2979 5529 5931 1559
17584 6068 5883 6223 3445 956 277 4483
15396 6068 6902 859 4477 4227
7009 6068 6086 1636 3560
5394 6068 1552 1023 4002 3849 1166 2868 4118 1202 391 6195 352 3416 2094
17472 6068 618 7008 122 1032 6253
4576 6068 1723 5648 4832
11035 6068 4161 5558 2758 6878 331 5621 2636
18852 6068 1764 908 2459 1033 4478
7434 6068 2502 1749 1348 334
6037 3860 4150 4719 3852 6095 5980 1535 1875 3 327 3636 6293
17089 3860 5543 5639
10786 3860 2685 1002 2927 3705
11734 3860 4384 1144 4148
4549 3860 1304 6053 1631 11 1535 5353 4490 6583 3569 5350
2132 6817 4839 2457 598 1725
15524 6817 5048 2625
18807 6817 3232 3595 5361 1038
8718 6817 1552 6886 2537 3523 2618 5985
662 6817 4291 6469 4590 167 2884 1511 452 431 6061 6583 3364 2820 2957 5679 3737 6741 328 3607 5967 2927 6057
8387 6817 4654 4102 4599
11790 6817 4267 3819 2305 1719 3808
15958 6817 3181 566 3782 2077 3652 1119
19341 6817 633 6507 6468 6119 512
236 6817 1003 1479 2459
7862 6817 6195 3729 6171 365 4138 2764 6700
4481 6817 3316 5152 2758 6882 6955
4031 6817 2701 1808 1149
11980 6817 2502 5977 2690 2006 1936 725
5599 6817 6053 1979 2100 964 756 5353 785 6063 2305 4830 3937
12946 6817 1299 2305 5768 79 4958
4937 6817 5054 2583 4460 648 1758 1776 2716 4671
704 6817 2225 5852 189 3564 3123 5962 4134 2622 2061
17317 6817 3126 4108 3626 114 6600
534 6817 1539 2482 973 4599 4758 4972
11227 6817 1587 6546 6762 2625 6488 5967
7669 6817 4161 5361
3177 6817 1676 5967 1355
17175 6817 3084 4484 2583 794 3595 6485
16290 6817 2473 2042 576 2390 5353 4810 1407
252 6817 1934 1148 2481 6505 2980 4463
16256 6817 2309 6196 6210 992 4903
3378 6817 2322 2100 1804 3721 956 2523
12451 6817 1532 6472 3693
6859 6817 336 6202 5821 1463 4383 338 3356 3531 5859
16926 6817 3084 5841 5563 6963 3855
6865 6817 5514 1868 1304 2380 459 4903 2305 4611 6171 1791 2260 5422 5180 6882 2413 6746 6083 820 264 74 5759 6488 4191 3920
477 6817 4188 4161 1868 2976 6119 5024
7335 6817 4002 4291 3853 17 36 3742 384 6546 3613 2430
16110 6817 1203 5962 6195 5805 4148 5572
3745 6817 5316 1097 4734 5898
17102 6817 2379 5965 1072 5590
16335 5663 5286 5852 5625 4134
15976 6510 200 189 2353 1987 3536 2529
11799 6510 4164 4575 4301
16079 6510 2932 3842 3781 1986
7739 6510 5667 4647 6816 2343 591 3588
15262 6510 6902 4816
15008 6510 1072 3727 4201 3040 2489 2249
6058 6510 1404 6042 459 3265 4198 4859 6546 5111 3532 3902 5936 4936 172 4984 4478 732
13709 6510 3391 2449 3193
17271 2578 2473 4161 1868 1872 5353 5908 4985
8832 2578 2502 200 3852 4855 920 4383 2860 4543 6161
7779 2578 867 4761 679 6368 6583
1046 2578 4364 3232 3429 1522 4909 4490 3385 5104 2980 876 954
360 2578 6217 230 3882 5111 3155 79
2637 2578 2305 4148 2632 6594 6971
1138 2578 1804 4855 338 726
13013 2578 1175 920 196
16898 2578 1749 964 6984
8190 2578 6455 3239 810 3721 4876 2980 1434 1776 1914
11349 2578 765 2062
4684 2578 4364 5048 5449 3380 5353 6762 627
10363 2578 2395 6319 3001 203
436 2578 2305 1229 3336 5398 1249
3870 2578 5532 1175 1587 2502 3543 4859 514 4490 5104 1192 2764 4970 3361 4283 3404 5967 2927
11262 2578 1916 91 920
17951 2578 687 1723 3523 3824 4383
14563 2578 3612 5815 920 5232 5104 2744 6291
12018 2578 4839 2590 323 2463 4355 128 365 6262 1438 5847
12012 2578 203 4771 1821
9662 2578 4108 600 1575 2592
918 2578 6864 4148 2909
13199 2578 4730 3104 5190
13730 2578 1535 222 6057
4143 2578 4364 5323 3768 920
8663 2578 6660 2859 6589 679 5353 4514
10337 2578 6902 2473 285 4685 482 149
8719 2578 4397 945 4742 3742 6785 920 2960
19101 5054 4291 2502 3277 2673 3238 6286 4303 799 2581 4009 2665 4111 706 6162
15979 5054 1175 1251 4303 2583 5353 3349
5624 5054 6215 1148 943 338 2498
12216 5054 503 2583
6659 5054 5821 2527 2025 338 4491 2026 1032 1407 328 5405 985
5418 5054 3851 1903 338
15945 5054 5784 6793 1648 5108 799 1260 6996 4235 3057 1804 3062 1301 3693 338 5168 547 6083 2245 3644
3000 5054 2296 2647 452 5252 4559
2818 5054 179 1964 4654 4303 4008
18012 5054 799 184 5581 1307 6371
3100 5054 4599 1903 956 6054 6421
2358 5054 1131 3983 4611 3569 3767 2503 1518
16709 5054 1304 5449 1427 5763 338
13493 5054 4235 63 2871 6741
18701 5054 5579 4199 6762 1253
9759 5054 1532 2230
15234 5677 3851 512 4758 3522 2565 1761 4805 3652 1986 13
14289 5522 5682
18931 1587 2427 2659 3822 2494
19317 3278 288 942 6511 4461 5767 5555 5356 6391 5914
7454 6210 4558 5962 3240 3544 5908 6309 6759 5795
10343 5739 6065 6594
10739 4718 2101
10598 5018 2427 3983 4758 4156 2980
18240 2271 3326 815 3185 726 3260
13486 1966 1459 3516 4142 3130 3454 1525 726 5838
12161 1304 3737 6545 4478
16956 5689 2192 1020 3523 920 3129 3758 2480 2158
12295 5689 2807 2461 3180 2035 7036
13634 5689 6568 1603 2532
16263 5689 4777 5737 726
11862 5689 5965 1494 6511
5977 5689 6168 418 5912
1501 5689 2309 2502 6336 3346 6167
136 5689 338 109 4221 3685 6499 4493
1391 5689 4242 3962 5353 68 6583 2957 6844 2320
17679 5689 6086 3173
2466 1539 956 4662 3644
6602 1539 6566 141 452 4633 5413 7021
184 1539 1152 4590 4599
5957 1539 6442 1234
12390 1539 6868 1913
7146 1539 4811 5529 245 4599 1229 3886 6936 1341 631
19042 1539 3699 6261 1603
18250 1539 5837 3770 4009 2305 1389 619 6004 5303 6149 5700 328
7399 1539 6915 2670 6794 4902 3966 5555 2903
10896 1539 3587 362 4611 5378 4295
3711 1539 4002 1858 2642 2025
17287 1539 1036 3476 440 5247 5788 3992
11352 1539 992 2727 5597 1903 4662
18485 1539 3014 5138 1241
5071 1539 1264 1749 2670 5034 663
11373 1539 5953 426 966 6558 6395
951 1539 1512 3309 4718 4883
16791 1539 336 2169 5579 1420 108 2461 4552 6763 1727
15866 1539 4599 849 4009 2025 243 6388
16291 1367 5956 5000 1346 5505
12367 885 4002 5732 2697 5113 4830 2120
471 2377 6455 4730 679 6368 2084 6171 1110 5168 2618 2980 4210 6242 852 3716 3393
7234 3587 3023
7332 2305 2025 6067
2373 679 4578 6171 4932 4883 1883 4357
5780 4787 2980 792 6084 6701
8105 6217 5353 5103 4615 5691
10564 6217 141 2050 4789 2870 5566
5110 6217 3299 627 2118
7497 6217 6286 246 2155 3031
6063 6217 3897 5735 5808 3240 1834
8309 6217 5350 2026 2101 6021 881
12299 6217 3035 2502 6412 2977 4704 4227 2681 1603 1619 6349
17596 6217 5965 3020 2084 6746 4022 4938 4736 5928 328 334 3404 4892 1647
3757 6217 454 1203 2390 6785 4156 2980
17640 6217 1872 1260 743 2118 4745
3245 6217 6223 6721 4640
6330 6217 1550 5674 4156 2156
9291 6217 1110 2143 6740
5130 6217 4811 2502 1419 2457 1797 1581 2826
9758 6217 362 6095 4855 3532 4830 1637 4305 2612 6115
6470 6217 3044 59 3569 6939 3758 334
5579 6217 1587 1072 141 6984 1621
17661 6217 293 1387 490 2504 6701
12227 6217 6655 3213 2143 5162
1441 6217 6538 497 6551 1617 3979 1559 2023 2715 229 1836 2612 1917 1458 2197 6700 2554
14738 6217 2117 4824 746 5819 5250
1114 6217 1299 2509 5353 6762 4830 4573 6759 3114 4276 5354 3630 5261 3937 117
11816 6217 4291 918 5354 4203 6953 3765
2912 6217 2309 4263 1052 6114
18617 6217 6878 5350 1901 6511 3142
10040 6217 4202 5108 915 5000
2749 6217 3227 1260 3536 6509
9165 6217 3232 6468 5916 4459 6388 850 5347
11458 6217 1868 3554 6785 3114 1442
8972 6217 6053 4564 6442 80 5729 334 857 1756
12041 6217 4397 1868 5353 63
10359 6217 639 55 6546 5526 3599
11722 6217 4856 6984 5908 3759 5381 6759
17733 6217 5995 6086 1864 3193
6837 6217 1764 1054 4351 756 6882 1676 2816
9823 6217 5794 3523 4705 6232 3146 437
6603 6217 5353 4284 297 2101 1475
7052 6217 1015 1233 3404
3412 6217 6053 3729 6082
14843 6217 871 6960 6763 4905 6759 1856 3259
13599 6217 1868 5193 3852 6551 253 2523 2025
18275 6217 5268 6053 6679 1339 5944 4033 5904 4903 4156 1484 1461
10567 6217 1868 3278 799 152 950 3597
3033 6217 1246 5904 2374 3425 2023 3645 4192 5928 2592 5172
15604 6217 3983 556 5368 4221 795 6275 1575 838
18195 6217 3429 5579 3819 141 198 5936
12099 6217 885 6119 799 3997 5803
9545 6217 3227 5393 6681 5178
6152 6217 3406 2323 935
12587 6217 5637 3727 4905
85 6217 5074 6911 4478
18654 6217 5965 3008 4567 1868 3265 1596 3408 1729 5088 2538 1797 2459 111 2356
14386 6217 997 2850 4699 189
15401 6217 5168 1603 4022 3707 4055 6875 1074 777
15032 6217 2169 5360 4133 2249 334
3571 6217 1311 1808 4405
9498 6217 871 2769 4754 4865 3058
1664 2548 1772 4742 2581 610
17156 2548 5962 4962 6548 4507 498 1836 4936 6237
4772 1764 340 2790 4298 4078 4818
5806 1764 4777 3020 5091 2269
6268 1764 3851 3210 959 2403 2757 4599 5944 5835 5904 6521 2372 211 4641 3674
12302 1764 293 3721 5381 4282
15495 1764 1582 2757 1327 1823 6594 5184 3822
15368 1286 885 1304 799 3075 1202 1110 6309 2739
14961 1286 867 1367 3239 2331 2283 6086 4082 6942 172
16575 1286 4161 1304 1072 1009 6086 5353 3869 2374 3960 5990 1443 4736
3491 5510 6591 2769 288 849 3385 6567 2023 5381 3782 4845 2544 6145 4537 408 5555 46
15122 2840 5055 549 3128
15887 2840 4291 898 1245 3634 5974
9230 2840 6245 5353 426 1880
6184 2840 1469 5504 6239 3147 6449
17635 6367 5821 4709 6882 5204
8111 6367 2160 1913 4736 3344
7667 6367 5896 1402 512 955 3319 2139 5795
5525 6367 1936 5316 1375
18610 6367 5637 7041 3406 229
11777 1246 5582 164 922
19220 1246 1148 3880 79
12841 1246 707 5108 6762 4648 3636 2980 2632 1375 1249 2216 6894 6638
8340 1246 3772 203 3599 6108 5922
11700 1246 2100 1009 6442 2638
18445 1246 3927 4699 223 4690
7695 1246 3131 4188 35 4777 3554 2325 6368 3922 7020 6228 3710 6721 2980 6746
6389 1246 259 2520 4662 4383 5979
4996 885 4643 799 6511 1948 4478
6044 885 3833 2597 2436 6145 5621
3857 885 4730 6086 2509 6631 4758 1903 3552 338 6534 6388
1998 885 959 3408 6933 5576 2372 2328
6019 885 1061 1868 3902 3398 2023 5760 1407 6743 6849 2927 5746 1664 3073
14963 885 3852 1847 3147
6449 885 1905 2627 6655 567 3239 3588 1416
11985 885 1260 122 5985 2741 4689 3670
8581 885 6721 151
16475 885 2814 1158
4273 885 2246 4590 1569 2202 3463
18332 885 1268 4742
1620 885 687 3818 2023 954 2927 3674 1799
6423 885 6433 4383
14252 885 5059 2725 2651 3902 3064 4615 5746 1701
12768 885 687 3239 6499 4763
3919 885 1937 871 1015 285 2064 3595 4477 3319 1655 5936 954
14971 885 4257 5152 6380 5111 2517 4148 5033
16182 885 2757 1449 5808 951 2413
1757 885 908 174 5581 80 6825
7594 885 4777 6527 4855 4924
12572 885 3929 3033 6422 5135
3609 885 5817 1203 6984 4682 4965 3272
424 885 2619 3819 3111 4235 3692 4903 2871 1158 2026 2096 2940 4055 6553
2366 885 3239 3221
3158 885 4787 5529 5440 1559 5563 1699 5063 4763
4216 885 5871 2191 3360 1703 665 924 6746 6242 299
10305 885 1804 6665 2866 2883 1953
6500 885 707 1144 4062 3791 6548 3356 4478 3072
17731 885 1868 1266 3295 1706
2664 885 1631 6095 2457 1228 5168 3356 3342
13991 885 6902 4402 63 5144 3469
10221 885 803 2720 6785 1925 3681
11844 885 6952 4825 4808 4478
14885 885 3587 4599 5152 6171
1714 885 6507 1868 6960 2975 2870
2473 4291 1978 2176 2120
9656 4291 3239 5717
3400 512 3341 617 3446
9742 2619 3210 3693 5930
8197 6196 5821 3366 1479
18048 5971 2827 2026
1358 1072 2814 3219 229 3506 1857
13583 4932 1074
10897 928 3836 4108 339 4186 6433 4994 5172
412 1304 5408 2789
10989 2814 894 2405 6947 6082 3491 6756 907
890 4108 4529 6063 2305 4611 6843 2334 2446 145 6435 4478 804
7076 2502 4814 6915 4777 1535 894 1556
15696 5891 6793 104 1913 3011 6389 4884 1276
3735 6867 2101 2791
18175 5514 5743 4994 2136 1474
17983 2871 6077 498 4698 2613 4689
18857 4156 1738 3782 5893
13687 4050 2206 1373 6888 2791 6396
5101 2884 1913 665 1603 5381 2960 5906
8014 4787 4558 1913 3576 6882 3574
10678 293 2194 4699 5152 4816 3114 2935 4322 3861
8192 129 2334 2863 3674
17657 5965 3026 6837 560 3504 6828 2417
11659 6660 6077 978 1525 4148
3286 3836 4448 5840
13429 5074 1427 7016 3574
3556 5558 1770 1890 1541 5111 978 7016 2960 1045 4970 3992 4880
17492 314 5226 4830
3421 4811 2753 3599
12866 2111 2502 1304 3038 4777 859 6187 5962 5904 2372 6061 1978
17685 5509 4590 473 6095 104 978 6712 1038
18573 1937 4811 6868 2469 1419 3227 3733 5353
284 3232 1868 5108 2230 3626 4690 5389 1575 1249
1961 67 3112 1208 4861 5187 3595
17852 1930 4903 894 1105
9792 4291 5817 4590 6214 2657 6527
13294 1260 2957 6844 57 6359
2582 2466 4303 6336 382 2305 5422
14255 1424 4257 2747 3742 6531 1434 2155 3150 6130
12213 2774 6600 369 5867
7885 873 1936 3514 4503
6299 4361 1868 2730 1882 4378
8173 2701 6119 799 3599 2073 6359
12915 2502 4108 4289 5946
5699 3983 2010 894 4476 1834 536
3005 5817 2151 4161 1304 1723 3239 2730 6527 5448 872 4264
15644 6915 2403 6095 4722 3356 2013 3782 1159 5728 3412 1134
10061 3983 80 1052
17991 5532 4719 1512 2757 1322 4885 5343 3694 4462 4066 5866 5104
7041 5532 314 1915 4161 676 2520 2192 5494 2319 2581 4467
9769 5532 3239 1913 2605 6511 2927
12890 5532 3232 91 6518 3587 3049 805
1406 5532 4626 999 5274 6222 3824 2790 3813 4533 7036 5609 277 879
2463 2907 2916 5965 6640 4821 6261 784 3561 1405 4464 1134
807 2907 3850 2010 6523 4994 1405 2813
19444 2907 1552 775 1549 243 3214
6863 2907 4811 6355 5974
10102 2907 611 5808 7037 4557 5444
12246 2907 1801 2753 4227
12778 2907 5467 3366 3014 2659 3125 2459 6242 6371 934 5889
202 2907 473 4789 3758 2592 6108 3029
16977 2907 2117 2106 2855 3597 4440
12824 2907 4135 1157 4790 4264 5412
7458 2907 4291 4156 2101 5773
3790 2907 6591 3226 766 2748 4688
11204 2907 1916 1872 4846
18368 2907 4567 4426 4940 4102 2523 1233 6568 498 6964 249
19064 5107 5048 6882 3272 4494
6083 3205 6076 6713
15175 6902 2502 4839 6931 3979 4795 3758 1553
19266 837 2509 856 3745 2023 4481
11686 2523 2459 2399 4307 2818 4795 2344
9028 5509 4351 1679 6832 6984 1110 6030 3538 3652 2416 6198 5277 4478 3670
15745 5509 6785 2899 6397 6943
4349 5509 6119 3366 3052 2541 4481
17899 5509 1208 2100 3239 4518 6458 5846 6224
6811 5509 1911 1289 5908 1120 6176
14060 5509 3226 2690 7002 6551 1936 1625 6520
2344 5509 2558 3647 5558 4400 4056 1150 4611
2395 5509 5614 6469 5107 1723
5210 5509 5573 5230 6099 2783 5262 1727
16367 5509 3277 5579 4777 3014 2208
11088 5509 5965 6579 5286 4161 4777 344 799 1053 2814 4662 2498 6968
12145 5509 3814 1660 978 6511 1438 836 2355 1219
3280 5509 1304 4855 7003 6583 3801 6004 6161 5053 5880
853 5509 5726 810 896 3979 2023 5928
14952 5509 4777 339 5620 856 4760
16341 186 1972 653 951
6324 186 6372 5579 504 5784 4198 5581 3738 228 4225 1569
5324 6854 5705 2116 4659 6389 6746 3767 4682 243 6686 4369 358 3292
995 6854 3429 6095 5152 943 395 1110 3902 3234
15942 6854 2627 5048 216
12607 6854 5353 3781
12916 6854 4811 6813 1373 5350
8825 6854 3851 4384 3165 335
15996 6854 4864 5059 2753 2372 6833
11544 6854 2264 2330 999 1971 6984 1266
15184 6854 3747 6185 5479 6594
12254 6854 3647 2482 3489 6868 2944 383 4885
7049 6854 2974 3781 6377
1570 6854 5732 4180
13183 6854 4561 5288 3772 1707 4277
9712 6854 4719 5049 4940 383 6678 3843
1856 6854 908 1359 2473 6210 724 5821 5448 978 4146 6623
6775 6854 823 4510 2685
11638 6854 4508 3851 5688 500 1102 1838 2064 2100 5590 1322 815 4292 6389 3152 6036 4207 935
15710 3781 1353 1101
12694 4738 6207 2022 1167 5710
106 5614 337 4866 1970 4156
10180 4811 1868 3321 6249 4758 120
13413 2502 1491 5449 6698 3391 5846
11559 4431 2530
16144 160 5942 1913 1201 5074 7003 391 4156 4830 4454 6635 5556
448 1491 3427 799 1867 92
7509 3232 3429 5420 6619
4640 1587 6442 5788 2737 3855 4937 6248 1128
693 2527 2345 3600 6171 3755
18790 3747 6789 6566
17098 383 2271 4382 5088 1434 2101 6930
2798 3926 490 1894 622
16445 2118 1766 2564 4170
4567 4026 6878
11541 4023 2842 5654 3302 6056 2761
6189 5178 3491 6999
11148 2770 3070 6781
782 3232 3479 4859 1166 2868
11876 6814 1587 285 1419 141 5786 2647 4491 6568 1248
2169 3278 2701 6210 6785 981 978 627
1096 3750 5821 1673 6566 2495 4611
6007 5286 4659 238
297 2172 1247 2761
2092 4161 896 1913 3922 943 1672 5844 2459 2276 2889 5200 741
10828 1491 6370 6947 1481 1505 2187
19133 6915 1888 665 1002
9602 141 598 5135
15624 5286 4722 2647 6746 3058
14228 6868 2668 4781 6947 1405
18728 503 5401 2541 5033 1832 1701
15114 1916 4777 5904 653 5232 4075 1407 1553 5041 4101 814 6778 7
8109 4257 4028
13586 3595 5794 6785 1808 5184 570 2927 2118 5624
14588 6902 1345 6286 6996 1535 3340 6077 1093
18884 5059 724 4757
6944 6086 1299 6442 5101 297 1310 2120 3404 481 6808 2086
11899 3814 2100 3472 4758 468 4490 1229 6878
12861 1102 5579 4351 2100
16721 6442
5287 2502 964 1088 2999
19095 5718 5142 5168 6635 560 2203 4478 3784
7082 3727 6808
10297 4598 4291 1205 1385 3238 3298 1807 5928 6892 5126
9040 4811 5987 5514 5943
638 6534 126
15895 2619 6777 2208
16396 871 3278 1419 4832 5033 2480
18042 2239 5000 162
10877 2106 2710 2791
6374 1868 91 1631 5732 2757 4323 3983 4215 6208
11025 6660 94 3491
4357 3429 567 3271 3005 2684
10349 1304 3797 2481
8524 5072 5048 2701 5821 1203 1872 5706 5353 4156 4718 6499 103
6320 2100 6036 6370
14959 2502 2305 2927
8103 871 707 6868 6885 3710 6314 498 6207
3390 6352 6687 2197 4524
6440 6210 2100 265
16423 856 4795 5825 6356 6211
5634 6046 3862 4224 6057 6005
9422 5817 1772 4777 3271 6237 1542
2134 4291 871 1304 5576
6688 4839 6368 1519 5647
7444 2309 871 1072 2064 2469 799 1088 1556 4820 726 6186 6511 3754 3632
19369 4508 3851 5265 2657 1225 6424
6479 4508 6235 4347 2909
13870 4508 4028 4153
16483 4508 5918 5705 427 3215
3795 4508 1304 2987 5353 6001
11296 4508 2007
14541 4508 3739 1916 28
2386 4508 1767 5454 4090 5353 140
19091 4508 5579 665 6690 185 4960 5928 57
15309 4508 6640 1344 1075 6746 2870 1405 1275 3607
19024 3313 1204 2656
7953 1015 4903 6188
6644 1424 978 6030 787 2313
7084 1424 3854 3303 1744
754 1424 6210 1954 174 5272 7003
5326 1424 2309 2420 6763 211 6559
9558 919 452 4383 338 2637 2786
3278 919 2827 1890 3774
6358 919 2473 6793 1732 1735 5212
10956 919 5186 747 4017
5218 919 611 3523 870 6091
4876 919 1030 4503 1265
6792 919 6097 6208 2101 4332
8531 919 871 5312 5683
7820 919 1930 1020 4192 5535
10947 919 5939 1015 3476 4795 5021 2348 5378 2291
18455 919 2502 6166 2747 4777 4382
13616 919 2916 6954 2747 52 2770 4773 7041 571 3392
7272 919 3133 1808 4404
18004 919 1934 5705 6373 2493
17675 919 4002 3366 4836 4266 575
446 3205 3217 3327 4728 3759
10812 1631 5744 1225 2307
16463 1868 6931 1172 3737 3070 6929 2143
3929 5897 3929 4719 4108 3351 3153 5996 6930
2138 5897 3278 1870 1072 1733 4611 4109 2574 939 243 1465 5979 1405 690 2688 667 2137 723
10315 5897 1937 4182 3929 992 6836 4725
8146 5897 2322 679 16 3983 6941 3340 4876 4350 1479 4816 2980 6746 1774 2073 1353
8096 5897 5219 2659 6530 876
13152 6604 6857 2690 584 547 2630
19120 6604 3489 2893 6902 1144 3232 4749 1631 664 859 3265 4214 1322 184 1535 2864 5353 6058 6389 3152 4207 6647 3480 3201 4493 4628
18181 6604 4058 2986 6389 1791 3621 3596
12217 6604 1937 2527 4777 4115 2023 1857
11174 6604 871 3238 6442 1309 2980
16565 6604 3904 1129
3368 6604 6567 1871 3361 1058
5562 5507 1930 3733 3410 5152
1751 5507 5939 1749 4777 4940 409 3523 5118 6420
10568 5507 362 909 3150
13571 5507 1868 6915 747 3882 6903 2980
15537 5507 3471 3356 5936 536
4262 5507 2502 2161 2415
18390 5507 3011 547 3288 3147
3297 2309 3650 6164 3675 4650 327 5823 4405 2913 2023
13791 2309 4235 6992 5547 4925 2786 2940 2592
423 2309 4150 679 3721 6262
15070 2309 4742 1489 5564 2710 2664
2253 2309 3852 5142 2583 2647 169 3544 5197 2013 6146 2405
2898 2309 6902 6915 362 3153
17853 2309 2337 5821 5108 5627 5504 5728 3168
7342 2309 945 189 930
11505 2309 6660 300 6785 4026 1776 623
14041 2309 6980 6935 3254 6760 4651 4111 6048
1217 2309 2502 4699 2498 3354
4781 2309 1703 6746 5850 6610 1659
2198 2309 1053 5091 2980
2809 2309 1304 2879 450 5215
3398 2309 35 6836 5111
10845 2309 1152 6902 6210 3104 1203 1394 3693 4662 2305 4284 3532 2459 5350 2023 5146 3716 5679 3685 2483 3401 212 3640 5171 4895 6775
295 2309 3126 3569 6664
10860 2309 4188 5074 4830 5908
7443 2309 2469 4087 1133
5781 2309 6885 6380
11762 2309 871 6915 5101
1307 2309 3724 5679 3193
761 2309 6746 5146 1735
11269 2309 1459 4156 5350
6471 2309 2701 5821 3716 1676 1149
9607 2309 300 5487 550
2505 2309 4811 5514 5594 1067 5469
3672 2309 2590 5637 2618 4431 2101
5319 2309 1916 2052 422 679 5152 5997 5169 4847 3147
17803 2309 460 5597 1088 1676 4649
17328 2309 2713 2169 5234 3694 6104 63 4682 5649
7316 2309 4839 2790 1110 6262 1393
14354 2309 4223 5732 5386 1754 4142 6908
5116 2309 6006 3339 5168
12978 2309 362 4448 965
11503 2309 452 5979 328
59 2309 920 4341 1110 3114 133 2208 4701 235
13644 2309 4777 4477 6762 6171 6568 2355
13140 774 6660 3429 6878
4691 774 6660 2627 2353 958
13195 774 4002 3600 5187 2457 3004 6493 1321 5508 6530 5986
10762 774 636 4291 362 1723
16933 774 5821 3126 4460 2461 4355 5465 5661 3095
1291 6251 1667 1283 3424 1188
18154 6251 3833 2350 3710
10368 6251 2473 362 4135 909
14829 2619 2106 3413 4321
5200 2619 2220 2674
13553 2619 1916 3429 3600 3257 5184 826 5795
3369 2619 6879 3303 164 1600 6872 5997 3114 522
18264 2619 4324 518 63 665 6616 6545 54 1809 3272 5849
6481 2619 6886 4710 5907 2660 1149
16751 2619 1229 513 1923
13789 2619 707 104 5353 514 450 1931 2935
7619 2619 5514 6980 7029 4460 1903 6530 5303 3737 3182
12385 2619 775 2191 1420 698 3385 4830 3181 1776 1575 3095
15542 2619 2473 2151 3494 1723 2814 4180 3480 4221 212
3168 2619 5579 2762 4698 1953 3350 723
6700 2619 454 1587 1810 1400 5353 2983 4718 1883
17276 2619 4728 5378
4148 2619 3523 6442 2889 750
3895 2619 4150 871 887 1676 2858
16061 2619 5942 2040 1679 3626 140 3676 6911 1603
12640 2619 5817 1716 2532 2286
12891 2619 2502 3429 5579 2879 2634 210 1299 2074
9360 2619 5908 71
2123 2619 815 2957 6844 203 4295
134 2619 837 908 4329 1916 2477 2502 1459 6210 4730 3104 2720 3239 4527 4832 3742 281 1410 3683 4156 5420 2459 5544 5936 4698 678 6275 5223
4003 2619 6970 2488 978 1756
14195 2619 3533 6814 3232 35 4777 6368 3237 6514
1789 2619 4705 1682 4893 4595
9503 2619 3710 6986
17365 2619 160 2322 1322 5272 4909 4292 4633 5415 3552 6598 3973 5826 675
521 2619 6150 2573 3079 1443 6709 3182 1567 3920
449 2619 1389 4093 5053 6488
5686 2619 908 2566 3693 4156
16803 2619 1340 2316 1148 1793
1268 2619 430 4558 5637 6389 3552 904 6964 229 2455 1895 4362 4478 7010
12667 2619 5286 1283 1930 1729 356 3738 4846 1776 5728 6681 3272 4763 6781 2286 6999 404
13758 2619 871 4161 1387 6086 2763 2204
12103 2619 6469 4154 6511
11090 2619 4699 3721 4431 3737 755
16013 2619 254 1631 1203 2471 115
9589 2619 1723 4742 55 3595 3889
6201 2619 2879 3408 6785 3745
6118 2619 6246 5997 969
17193 2619 5912 3299 1252
6550 2619 3747 18 2502 3278 91 2172 5667 810 3082 3694 110
8576 2619 1304 6923 3636 2498 670
904 2619 1566 6902 3232 2508 5563 3717
16 2619 5558 424 4226 1203 4426 5604 3354 4192
4261 2619 2443 920 5341
5834 2619 4422 3239 6880 5353 6762 2992 6154 4682 3356 4838 5838 5545 1781 3674 644 157
12411 2619 6721 6453
12218 2619 5185 6868 1556
14651 2619 5582 91 6915 4885 4340 2759
18098 2619 4050 3688 4132
13005 2619 1110 1720 2609 3737 3361
4339 2619 3851 3727 4634 5138
15459 2619 5286 2166 6868 6306 6785 3721 4611 3803 5800
3928 2619 5072 5817 1772 1203 1754 6195 3351 2459 4040 3782 604 1917 5184 642 4225 5285
10041 1200 2227
4922 5752 5374 4710 4683 3737 6208 2101 3592
16176 6691 3715 3260 1575
4759 3926 4864 5612
18891 6687 5768 2136
7629 1203 4599 2647 2802 6435
12801 920 6083 652 4478 6894 4980
691 945 4777 4067 554
18598 4267 799 152 2583 87 6309 297 4104 1428
18401 5049 1339 3071 1148 2061
11696 5459 3502 6878
16203 4340 4830 6309 4454 2795 4373 6499 1149 2628 3937
3362 2698 152 554
16862 2889
14953 4811 2922 1080 4758 4454 3737
17347 6618 3356 1697 2791 866 270
460 6660 1978 426 1880 5858
18542 5514 5821 2345 815 1679 3075 6063 1229 2957 3969 2061 4190 4568 3941
7755 775 2473 4749 6867
3590 3429 6665 4148 2323
2446 5151 6436 4903 1625 6568
14670 1847 4564 4634 1603
18469 5739 628 4542
18779 1905 4811 6691
58 2337 1587 945 1203 1930 998 3505 3385 3961 4702 114 4101 1640 3193 4752 3937 2568 3273 6990 5444 5826 2373 2219 5859 5470 6957 6962
14747 5043 5628
12868 2957 96 6208 1031 3876
8151 2248 4775 1913 2597
18709 2346 4156 338
6679 2758 3523 5047
10552 6868 3239 6383 6937
12476 4654 5815 4351 6868 3897 4767
10222 5350 4221
16680 2172 1378 2940
12729 2502 4351 1810 189 3850 4235
5535 2502 6292 3129 2483
13295 67 362 1512 576 5353 1039 4156 2500 4830 6763 513 4994
1626 5286 799 5353 452 4156 6171 6746 3356 4957 1575 469
5317 4377 5025 2927
17737 5079 6868 5256 2023 6499 6288 6600
10711 5265 4758 6098 3534
13772 7003 713 5908 2957
7273 4062 1417 2192 164 4868 6114 5609 5583 6147
15316 6354 566 6844 6929 5710
13001 4150 3452 4936
5512 3227 5521 5997 1234 2870 2101 5307 4689
10212 871 945 2319 3354 5461 4419
17874 362 210 164 5168 6746 4905
12876 5048 5061 3651 4541 6188 4679
7030 67 3489 336 200 2747 494 1522 52 6269 5074 3979 4926 2294 4830 3048 6016 1436 3454 3356 1923 4138 6942 229 3737 2280 6212 1236 772 721 171
5929 549 3128 1366 3523 6319 2870 6853 4084 6594 2791
8367 1036 5164 2502 1535 5091 6865 4477 4156 4830 3356 6114 5368 1781
15684 1459 6210 756 297
15846 3360 3271 5232 5140 5621
18278 999 5073 2023 3829
6517 4561 6721 3153 3536
1439 6009 4161 595 792 3846 3784
13643 4835 5237 5866 2299 390 4936 5728 2215 6751
396 2502 4161 6188 2023 2026 5997 4148 6511 3272
16711 336 1689 1078 2216
17414 6086 45 5368 203
3852 603 4353
10431 2502 5579 1111 3476
985 1036 3277 1260 2949 1088 1496 279 3515 4043
7519 503 6589 1188 2294 2155 3758 6198 6098 6417
11231 1299 6630 5773 3147
16899 4578 6721 2790 1575 6552
1484 6814 5353 4930 2927 4571
8055 3239 2106 2790
270 4529 4120 1067 1996 2554
9335 4785 2122 3391 4048
18290 4785 1489 5352 3333 1776 6925 6321
10134 4785 5031 1449 6016
5651 4785 1868 5579 4758 6583
6385 4785 6583 5311 4763
4717 4785 6660 871 4898 91 2191 4108 1489 5522 1913 1148 6323 6910 6568 1621 2507 4744 3003 5204 2239 2818 2940 1440 1058
14825 4785 4662 2240 2767
16561 4785 5957 1085 2927
11324 4785 5987 4108 1511 3480 2514
18899 4785 2504 2814 4294
3717 4785 2059 1134 270
15454 4785 2558 5677 2337 3533 2473 2701 4934 5821 1076 17 5657 3988 6527 5435 4080 5232 4138 5804 2410 1714
9145 4785 4777 2581 3536
11581 4785 4188 2502 5514 1304 3210 1389 3064 328
13178 4785 682 2166 4903 918
5425 4785 2393 4117 2201
6596 5452 4364 3569 3613
4982 5452 6591 3450 3741 2818 3765
17485 5452 6836 4658 1925 2073
9393 5452 4969 2515 1111 3476 5222
11075 5452 549 141 3902 4781 3219 4763 6555
18874 6924 2358 5648 3710 6928 911 4154 2334
2936 2558 2151 1876 2161 833 3694 6746 6388 4760 6972 5178 2073
6015 2558 4257 2502 3587
6953 5978 1587 6223 873 500 2100 2574
14417 837 3478 1323 6107
4758 837 1916 1849 4906
6758 837 4590 905 2646
12851 837 5072 3819 4722 4776 2239 1119 1393 3540 4022
5242 837 236 918 5414 203 5354 5178 1071
17044 837 6196 3834 4825 4335
12095 837 1419 6465 184 6347 211 2323
14387 837 2322 91 666 631 5712
18792 837 7038 4618 4085
15025 837 1916 2322 3232 2502 2226 1459 5579 2879 1631 344 411 1378 3060 3983 5353 4281 2637
8709 837 5972 6237 2940 5998
18881 837 1915 2473 6185 5876 5534 5070
14916 837 6704 10 4291 5529 2473 5579 2117 3788 3564 5915 6185 554 3272
9034 837 6250 3423 3747 2322 4234 3104 3110
89 837 4749 276 4856 5674 5090
661 837 2314 975 4837
13414 837 35 2100 6973 1151 2695 2026 4698 6289
2773 837 1491 1419 1729 1559 6188 6431 1895 879 2361 3147 1602
13560 837 4835 6210 5765 3398
14452 837 2100 654 81 5779
7602 837 385 1299 5011 4662 2305 338 128 2341
8618 2377 4590 610 5936 6600
3313 2377 1937 2052 3332 5323 5353
2468 2377 3131 28 4468 345
6557 2377 5407 6469 4955 5404
3462 2377 5164 5187 6923 6083
15934 2377 7017 411 3441 3470
12744 2377 91 3118 153 6746 6947
1232 2377 1913 5908 6309 1968
6091 2377 4188 3147
17869 2377 1203 4460 5979 3136
17693 2377 91 2504 5732 3239 799 1844 4874 3721 6195 6171 129
7136 2377 4161 5453 282
19146 4217 4188 2997
622 4217 2443 5276 2427 2583 6456
10011 2687 5486 5008 5469 5910 1821
10443 2687 1925 5483 6516 4478
16374 2687 867 5462 5563 6709
18319 2687 2469 3721 2992
9892 5871 1868 1052 806
1608 5732 2814 5560 1655 5776 6132 787
8439 4699 2192 236 549
10769 6565 1676 2181 84 415 1857 3134
2200 3205 3552 6598 544 6993
3758 3205 3408 391
15719 3205 4536 1916 4002 707 3232
14688 3205 2722 4722 4306 6434
5301 3205 6660 6018
12504 4096 4242 5353 5903 525 3204
3330 4096 1772 2225 5065 5194
16955 4096 1299 4340 1987
4346 4096 91 362 6150 1041 4227 2980 498 4148 6759 5172 6509
15317 4096 141 6030 545 3540 4165
14434 4096 2473 2488 2980 2138 118
14240 4096 4787 5401
6949 4364 6121 6034 4830 2177
9139 4364 2127 6337 5633 6371 3274
8221 4364 383 5353 6984 665 2260 3886 6711
11270 4364 35 4156 6499 3599
5531 4364 3870 63 4432 1575 5691 5480 5361 6509
17121 4364 6660 775 5164 799 3660 5353 649 3561 4510
17855 4364 203 270
15881 4364 5821 4777 1535 5985 6453 1676
13036 4364 6742 854 4148 6759
12750 4364
13534 4364 3587 3279 3227 799 956 674 6746 3966
19319 4364 6735 5350 5678 4517 721
4038 4364 3851 5514 1203 6868 3301 665 5104 2323 2284 4283
1628 4364 3278 4742 6583 5804 3920
11410 4364 992 1631 1511 665 360
3882 4364 5193 4590 785 2305 3749 2685 1002 5691 575 6285
10865 4364 6902 1188 1473
15487 4364 6214 2418 6419 2316 1808 5534 400
4338 4364 1175 2974 1729 6383 2957 3937 6543
393 4364 3897 4148 930
10615 4364 6902 6915 1260 5353 5936 792
989 4364 6237 1676 1058 4571
16342 4364 794 5270 736 2716 1760 1841
16604 4364 1511 278 2127 3721 5564 6721 5168 1479 6309 2013 2595 1883 1432 5469 575 5289 2873
18107 4364 5104 5389 1895 2940 2139
7059 4364 307 887 5767 1292 2679
6245 4364 3983 5353 395 3920
1337 4364 91 3514 1110
7328 4364 393 2084 6721 4611 586 4682 6407 4148 2483 5878 2101 2903 415
3283 4364 1949 765 4777 411 6086 2638 3129 2980 2023 5148 6499 6708 2696
3557 4364 636 2122 792
13082 4364 2337 4991 1015 5821 362 4599 2583 639 6885 452 785 4825 4477 2305 1987 4611 1158 338 4286 3913
10113 4364 1110 3215 575 4986
6770 5677 6868 4832 6848 4148 331 3353 6893
3692 5677 2502 810 3626 6383 1776 6644 6117 5474
1625 5677 1966 1858 6631 3310 1395
5035 5677 4297 7021 1179 345 6700 6359
13302 5677 3564 4123 3480 5943 935 5471 461 738
15185 5677 45 1901 6511
1981 5677 785 1172 249 1766
13889 5677 5286 6469 6210 3994 1858 1469 6195 2980 4525 3961 6431 1405 2142 4636 4332 2858 2675 6079 6993 6057 675 6663 6220 3669
14342 5677 6579 5514 1204 5180
3337 5677 5337 697 676 4832 203
2003 5677 3988 3918 402 6557
13315 5677 1489 6721 806 6499
15441 5677 4742 3823 6583 2459
5927 5677 2758 59 4306 5469
9744 5677 4940 3845 6195 6762 7022 876
8264 5677 978 1776 5474
11954 5677 104 5360 2871
15375 5677 1015 1876 250 5348 3903 5075
15178 5677 3079 5459 4383 40
13636 5677 3384 2683 6433 6155 4985 1978
8862 5677 513 3708 1391 3674
16083 5677 2713 6915 6789 5354
8486 5677 2106 6873 6568
19393 5677 3386 2757 3479 4512 2951 2899 3310 6930 3855 3968
19290 5677 6868 562 1163 5411
11481 5677 1552 7000 2068 4405
4242 5677 1304 4590 1872 6442
11535 5677 6931
14329 5677 2885 3239 6215 3522 2383 5033 96
10979 5677 1912 5511 3563 3342 1444
12909 5677 3038 4940 5187 964 5353 4903 3397
4203 5677 3133 424 1503 4227
10436 5677 867 3429 35 4847
4590 5677 3326 452 1903 4662 374 3870 338 4089
4994 5677 6915 1088 5563 4893 3272
5462 5891 2337 1028 1631 4950 4518 1158
255 5891 2345 1420 6348 2023 3538
4312 5891 6164 3851 1304 91 4050 5908 6188 2957 6844 1682 5027 1199
12548 5891 2922 5186 5127 6063 698 1088 6662
4178 5891 2473 5585 3882 5415 4080 3385
3940 5891 2191 4050 167 1537 61 4120 229
8019 5891 4150 1587 4387 3983 3694 5113 5104 3341
10103 1905 2459
18391 1905 6345 4061 5613
12595 1905 4811 3254 4859 6102 1690 6710 2848 1241 2436 5880
370 1905 1587 6681 3630
5166 1905 4291 1166 2334 3113
7406 1905 2072 911 5654 1434 793 5336 5378 1194
17627 1905 871 1749 1787 4156 1917 6141
12425 1905 362 3130 6969
14891 1905 6119 6398 3632
206 4598 178 3814 5579 4742 4856 5944 4881
6973 4598 2072 1792 5290 5379 2577
15780 4598 6628 3372 2072 3015 2455
8211 4598 5816 4366 2905
11298 6368 5353 2284 4203 5767 6688
10150 3564 5108 883 2822
3476 1839 6843 6537 2532 4318
15071 6589 6785 3694 3569 4148 2323 1953
1474 5514 595 4202 6150 4198 351 2316 2227 6402
7817 6403 59 3759 808
7606 1883 241 5540
15867 799 4830 4705 6693 5429 4210
4056 4150 799 5353 1804 4611 4203 5178
3920 3952 554 3142 2930
3513 4725 1872 3694 5232 6273 5936 5880 5461 5540
3673 2502 6410 1990 3239 2757 4270 1596 6678 6745 6984 1100 2826 3966
14660 3316 4512 4825 3142 853
5811 5302 5104 5601 3685 5356
18743 5302 3035 712 6171 1479 6746
9252 5302 6133 5298 1963 2328 6878 2604 5714 4555
6645 3739 2508 5726 2987 4026
18412 3739 1015 1903 3538 6511
1350 3739 1312 2105 2327 5748
12114 3385 2208
8400 4777 1825 2569 6348
15023 267 2721 4742 1322
2864 4940 5511 253 2684 4383 2485 823
10505 1204 6728 185
15079 120 610 2960 1575 6509
10794 5323 1260 1776
11956 3262 2469 5323 6678
13959 1913 6867 3052 5563 5761 879 5996 3272
7195 1723 999 4698 2053
4497 2100 665 6619 3737 915
6334 1094 2785 4341 5458
5652 1885 1203 5977 3710 4272
2654 1885 3291 6759 1243
7475 1885 4699 2758 5232 5872 6357
5450 1885 951 2639 5681 1405 5642
7368 1885 6335 6203 3550 4423 2126 415
19160 1885 5353 1020 3218 6431
17610 1885 4929
10848 1885 6286 1723 339 4281 2126 3150 2308 2119
19295 1885 2814 5763 1458 481 79
1761 1885 5693 951 1901 3288
6207 1885 4188 1345 1304 5621 2275
15448 1885 1489 4382 4641 566 6894
4621 67 4047 2590 6868 2660
9599 67 4202 2757 3843 211
3982 67 3697 2634 666 3626 4611 6126 4352 481
14118 67 6868 2859 2700 3688 884 1347 4948 6505 2844 6520
8341 67 5821 1754 4507
11234 67 6469 2166 2980 426 589
557 6481 6210 6393 4266
15767 1723 2670 4662 890 280
8417 177 4690 1978
10838 1108 2859 2447 3057 6436 1839 1896 484 5113 4459 3354
6555 4009 6063 6389 5979 4380 426 1880
7365 6640 1913 6546 3626 3781 2096
961 1446 1394 5736 246 2307
10903 3710 3231 726 5500 1589 3531
9929 3227 5256 5785 1088 3737 6709 5500 5940 5444
3536 4426 6442 3181 739
16223 5311 1479 4816 1576
14750 5821 6640 3288 2101
1248 4234 3445 5129 1018
14006 2147 4048 2665 6027 6395 1305
8829 2634 5511 4611 5423
2683 6640 2645 3924
14272 3429 5988 5669 4700
3387 6660 3819 3850 5763 2980 3356 2453 4170
2752 1175 440 5617 2618 2980 820 3354
16871 267 4777 3239 2859 5547 6117
15868 5108 4754
10010 3685 4670 1320
1843 6289 481
19096 3398 915 3630 4517
10910 1916 1489 3850
11240 6660 1459 6692 5061 2100 3239 1489 6785 4997 6721 6583 5424 5104 3813 3356 3354 5936 6377 1575 2632 5878 607 965 2256 5910
3179 4718 879 6520 3459
8112 1175 753 4777 4830 3181 3404
1431 3956 6744 3391 3129 4148 5461 1799
838 6660 4719 6527 4341
2535 5519 5944 303 1401 2980 6334
18827 6034 1808 2305 1389 212 65 2464 6069 3349 5922
3311 1916 3232 91 4047 5353
4644 1631 4777 4214 679 5527 4903 6171 426
1944 3133 1434 2660 5555
10479 871 1251 1708 4042
17724 3533 3360 6206
624 18 3232 3587 1203 859 2192 3543 3366 5353 265 6228 4644 2980 4846 6877 3597 3441 6186 60 2158
567 3329 6380 3569 4902 1901 2811 1732 3157 328
1345 4397 6323 3920
14192 5579 3626 5521
5171 3612 4777 799 5794 6763 2073
4282 1997 1052 2203 5184 3968
3373 2473 2502 1419 1632 141
19038 5164 1868 500 35 411 799 6583 131
7423 5965 3675 2486 2814 3129
11572 5129 5353 4073 5001 3599 5691
3490 2337 5817 4108 785 6928 1401 101 3017 5929 6838 3102
18305 2502 2605 5353 998 307 1090 6309 3430 513 1481 3272 6043 1249
2788 6915 356
9835 5525 6588 6086 6648 6746 3955 5178 5795
11837 2122 819
7515 4188 1201 2023 4112 5271 3611
2287 1304 4478 642
4796 2473 5995 4235 6063 6383 6548 1105 3902
628 395 6721 1057 2046
14904 512 799 63 3019 586 5000 6069
13083 4835 764 1978
8078 6583 2659 5104 2994 3354 3793 1659 6553 6084 2086
8058 3721 3870 3685 5979 2632 2046
5140 3239 6214 5353 307 6746
4215 6018 2488 6619 1451
15520 5947 4477 6568 2483 5728
7309 3126 6034 4527 6762 5929
2072 4682 3354 6594
15791 708 968 2047
11794 3366 2651 1686 3356 1883 6663
10494 4161 6915 4341 6878 1737 1697 5285 2910 6037
786 6833 6379
5413 5286 6210 5785 2904 701 3920
8504 5821 3911 6034 4114 6785 6118 6546 5091 2940 2118 5910
1968 5286 3849 2010 169 540
2203 3239 6744 5190
3458 799 5997 4148
9766 871 4699 6505 3272 3274 4301 4763 4747
3638 2042 2305 1341 4410
16872 1868 5104 5611
10277 5821 2143 6696
12219 1693 1913 3721 3904
14912 4156 6067 6499 2741
2195 3331 2305 4726 777
5315 1203 1497 6744 1130 5804 5953 3630
8124 4397 2527 5265 4221 6499 3920
3061 2502 2100 5997 2632 5361
5722 1175 908 4775 63 5064 1538
8237 5284 4590 4484 3439 2566 6583
12662 5284 6034 3410 1861
9314 5284 6868 5108 2106 5353 5424 6559 2927 6321
12703 5284 6588 4777 5732 1384 1166 4011 2881 3776
3133 5284 775 3279 2192 3497 6744 1374 4948 4454 6065 2299 5547 5047 3406 6759
5403 5284 1205 91 1683 5353 5511 441 3578
17528 5284 5449 2552 2457 6631 639 3218 6355 5422 4145 3745 4464
1572 5284 3239 1123 5290 6470
17624 5284 1027 3105 2395
14795 5284 4058 3226 4909 2047
19326 5284 4394 5543 1371 4541 3639
11817 5284 4002 4526 4274 6188
5016 5284 1420 2583 5837 4903
1274 4397 665 2023 3354 2138 3349 3116
1246 4397 1772 5542 4476 3968
4015 4397 928 992 3239 3600 2297
18088 4397 4611 3457 2436 6257
2187 4397 1225 1913 6987 1575
13874 4397 2893 1203 4699 2757 3564 2390 2814 3742 4754 1679 1401 1110 2833 3181 4597 4454 2023 1823 3638 5800 1776 3491 4980 850 5181 3611 824
3977 4397 2198 954 3920
10821 4397 1230 3239 2283 4633 3870 6762 4383 6537 5053
18764 2949 1085 2675
18539 5407 871 1304 6848 6436 920 2488 942 3452 1516 1895 3311 3592 1451 6502 3347
13552 4587 6923 6086 6746 498
1673 6902 6608
4979 2851 2248 3943 1913 4901 665 6826 6951 172 2940 2935
5132 4291 3408 52 894
16027 6210 3104 6768 3354
17571 1175 871 35 4023 1729 5569 1799 1474
9463 6902 2879 4885 1818 145 915 6027
8256 1175 1532 2647 4662 338 4854 2421 3404
585 2833 1920 125 1320
13278 6980 4254 4861 5226
1066 4801 5286 2288 2257 823
11630 4801 5579 5401 6721
331 4801 2346 1916 1459 926 1493
18853 4801 5079 6412 5129 6789 1632 5620 2006 5401 4358 4542
17522 4801 6189 1009 4876 515
11551 5107 4405 1923
263 1203 4777 708 5453 2980 2483 6545 40
18525 271 285 6727 3857 4091 3185
11249 2502 4371 3479 6613
18197 3650 5292 6941 6380 3713 5545
919 5817 4704 5908 3169 5936
13385 4187 2634 1469
5673 4811 6691
15819 4351 4477 4308 3215
5404 1015 2697 1300 1129 5241 6204 6754 6810 3546 5867
13761 4381 1200 4017 1987
13479 4777 6785 3949
8521 4351 4512
11171 1749 1225 2866 1439
11265 4161 4681 5648 3576
10082 1108 6072 4527 1804 452 956 4805 1105 586
13050 1925 5979 6395
765 2502 6915 3979 2645 4710 4299
10658 799 4758 4830 1229 3181 249 1786 2176 4994 2101 2927 6892 5795
1210 174 6114 5160
11072 3020 6785 2818 402
15665 964 1913 2459 4994
2391 2502 6876 6537
7214 4156 5986 3889 6499 2858
13973 2827 2354 6611 2459
14543 4758 4237 3498
317 4351 3688 6442 2449 3418 1637 332 6573 6022 3549
2174 6915 362 2590 3600 1245 4902 3130
12068 6232 6234 1931 3193
15822 1723 5312 4742 383 618 3742 3855 2417
17960 4758 45 6930 3147
11947 336 2502 1801 4477
7644 1937 6915 5761 5178 5555 4299
7063 1937 1913 6618 2405 2474
6676 1937 2151 6053 2397 1913
15543 1937 765 2807 5088 5184
9524 1937 4188 2502 799 1747
15586 1937 5821 6506 1987 4992
12633 1937 3252 5123 2497 333 5930 3076
16503 1937 6546 5047 2336
11752 1937 1491 5512 4861 5113 4476 2156
3480 1937 809 3851 4221 1516 4362 5767
19394 1937 168 6371 3201
12724 1937 3926 2814 1804 3878 5103 1158 6494 45 6511 2531
3215 1937 3866 1015 6915 799 1150 1062 958
12512 1937 6591 5529 567 6551 3272 6697
1619 1937 6932 4188 339 4885
12434 1937 4699 2997 169 485
11034 1937 908 3833 6591 4161 5059 5942 4950 2590 3020 2583 2395 3694 5353 4611 2651 586 3441 6937 1032 6291 5178 2341 6685
11587 1937 6785 277 5389 4149 1032 792
3861 1937 2151
3843 1937 339 5944 2614 2986 1548 826 270 3947 5734 5567
13921 1937 2337 3248
12505 1937 6868 2634 1041 964 825 333
7011 1937 760 3825 6777 2442
10336 1937 63 950 2462 6759 1676 1085 1883
6501 1937 1378 5735 1120
13857 1937 1186 4291 1554 5120 2169 1876 6861 3210 167 3609 6172 6468 1472 1018 3319 958 2748
7363 1937 871 3191 2208
8892 1937 2814 2957 820 3274
11012 1937 1264 2589 2294
7555 1937 945 6053 6963 1898
8273 1937 981 2952 2710 741 2613 6907
4829 2491 1782 744 411 4910 5353 1804 1729 4830 784 3398 6709 6511 1575 5878 6143 6740 6509 3903
17870 2491 4067 6566 1221 1366
7010 2491 7000 4940 639 5111 2025 619 2639 2860 5928 4994
15433 3647 810 4846
928 3647 1913 2487 2992 5997 2323
11641 3647 6655 921 3983 3364 5159 5936
10083 3647 1489 6794 3466 1781 6639
17009 3647 1916 2502 91 1632 3727 1247 6673 5194
15886 3647 5750 1202 853 2177 4660 4628 1498 6957
2043 3647 945 4742 4225 4588
16697 3647 3084 4590 5195 4351 3983 4180 6882 5997 5033 5691 3892
11348 3647 6987 6864 1808 6058 5104 2026 6295 3448
5508 3647 3662 542 1206
18696 5582 2980 2338 2612
2918 5582 1472 3079 5459 4355 3450 5242
16951 5582 5514 2807 3750 2757 2610 1936 865 894 3063 6984 6710 3552 3418 1589
9087 5582 1587 4291 4520 6405 755
1451 5582 707 3239 2884 5560 3356 5725 2870 1959
505 5582 3103 2747 2296 3491
13401 5582 5918 2322 3270 1327
6503 5582 3852 4611 338 1777 328
1704 5582 4742 4440 5370 3280 2470 2123
12683 5582 4749 1864 6531 1917 6216 6600 1993
3249 1967 5120 4777 4647
15331 1967 2937 4156 1709 6499
1282 1967 1490 2502 1868 799 4355
210 476 2346 91 6119 104 3727 4876
9443 476 997 1519 6581 6548
4948 476 4135 1723 554 3758
8671 4811 1868 3038 5971 2172 3239 3220 1559 2665 4454
17341 4811 4150 1863 3279 5108 4460 1088 6630 4789 3406 229 1575 4478 3362
6025 4811 4050 915 1640 804 5444
1417 4811 871 3419 3451 5794 3532 6872 5901
11593 4811 4898 6655 1166 5401 164 6619 498 3354 1119 298 1927 221 2935
16669 4811 908 2151 6589 4215 1517 5104 4305 3034 1575 5833 2101 481 5946
12695 4811 2064 59 387
18557 4811 867 285 2305 6882 2957 726 6844 5033 4165
5730 4811 493 4340 1291
3663 4811 828 2208 2660 50 1599 5255
18741 4811 2502 2451 3904 6878 1823 2050 6341
4407 4811 1864 5420
3014 4811 3850 4082 3288 1581 5928
14933 4811 6629 2647 1295 2436 3880 5182
14472 4811 5908 3368 1588
8037 4811 1519 1393
12935 4811 452 5866 2415 2109
8819 4811 422 5353 1559 2311 5652 6261 784 672 5679 1434 2355
4397 4811 5204 3574 1234
13043 4811 5512 3238 281 2076
9156 4811 1015 4945 5115 1089
318 4811 3926 1359 871 3226 3267 3265
19079 4811 867 3278 2814 3659
13561 4811 1850 6323 2651
8293 4811 5637 55 60 6525
10833 4811 2583 6721 2025 3385 3685
3028 4811 871 6168 5612 799 6429 3523 3182 3644 935
15645 4811 2590 6020 5021
7445 4811 2634 4190 5838 3272 2532
10935 4811 1485 1507 2502 4381 4050 2747 6436 6785 366
12284 4811 2701 6763 4658 4640 1603 3597 6759 4478
2906 4811 383 2271 4957 4670 3446
4494 4811 775 3785 3552 2208 6291 2628 1194 625
2832 4811 4257 3062 6061
7675 4811 1459 4590 504 3564 6583 2459 4405 876 4682 1927
13387 4811 1088 1556 4454 5026 3652 2883 1883
7702 4811 1698 3835 3949 2392 4221 6499
1202 4811 2502 5818 351 6832 338 1502 1218
13805 4811 5286 293 6469 2753 3310 2120 6658
18867 4811 6442 4341 2023 3986 5001 6216
3685 4811 1203 5091 2372
11497 4811 2634 452 6856 3782 1776
17923 4811 1152 775 338 6311
2525 4811 2115 5353 3505 4383 6843 681 2026 79
15912 4811 2169 3429 1557 2195 1729 6323 4156 5382 4948 6365 1206 6529 2691 1781
13905 4811 4885 2603
6476 4811 2502 6785 2010 911
3675 4811 2321 799 4511 6273 5204 1458 3941
18639 4811 775 636 3626 1241 402 741 5250
13928 4811 871 1864 2459 1052 7016 1405
11793 4811 1304 1749 2757 176 1123 3385 4227 2980 4507
5990 4811 5806 3926 717 5529 5408 1165 4289 2868
18900 4811 3764 1913 5839 7003
14355 4811 4777 1130 3455 1886
12236 4811 4699 6868 3020 1489 756 1535 5353 6261 4846 7042 2873
8381 4811 1587 3133 362 1767 5108 5352 239 2138 4771 3868 4557
12719 4811 1472 3186 5674 2269 672
16527 4811 4787 5091 4470 6039
17531 4811 1870 3554 3979 6676 1405
8336 4811 5718 1868 5977 5744 2607
17114 4811 4188 6372 4699 777
3822 4811 6843 4154 2096 3164 375 5469 1992 6990
3981 4811 1552 5186 6888 6533
16704 4811 1472 6984 3450 7037
8277 4811 1048 454 5896 3386 2403 698 4373 4148 1434 3229 4277
14177 4811 3612 952 6557 1707 5523
9704 4811 1587 1868 2509 1390 3979 2843 5783 3257 6341 2559
11760 4811 2283 4411 726 4221 1895
7853 160 2814 3523 3610
13338 160 518 1413 1553
3654 160 5579 5585 4491
1630 160 2728 4341 5305
2298 160 1888 106 2632 6961 1432 3491
16180 160 285 5152 792 2453
7878 160 3612 2562 769
4675 160 2657 3695 1795 4148 755
984 160 1916 749 448 978 3299 5936 2044 6396
10181 160 975 3626 6984 6759 2924
5536 2079 4821 2436
19057 2079 2502 152 6086 339 6885 4009 5210 6229
11108 2079 5558 1258 5238
9296 2972 4161 152
15948 4401 2569 6282 3257 3806
6515 4401 417 3898 3645
14214 4401 4291 4161 3816 5489 4251 1941 3576 5087 4634 2047 6939 3782 5472
8991 4401 4291 3049 1941 5674 3695 5979 13
19086 4401 744 5353 4221 6533
14184 6250 1916 754 339 357 3634 5637 3408 1062
8577 6250 2502 1648 5956 1225
4368 6250 5965 3038 2289 1560 5844
15478 1446 1378 4180 1709 5352 4454 6083 4789
2103 1446 3341 4221 6951
13659 1446 5529 2166 6923
4253 1446 409 5151 1535
6760 1446 3943 6030 106
6070 2111 2693 4814 3238 5925
14294 4967 6196 3059 2121 5103
16543 4967 6042 1492 6511 3416
16050 4967 6299 4928 4758 59
10351 5871 3587 1763 3713 249
2449 5871 3321 5353 960 5691 4774
9992 5871 4839 1400 825 6583 4374 3599 1074 6636
13602 5871 4898 6915 2730 6551 3015 2171 2871 483 2574 2026 2405 5013 4298 6488 5200 5795
11453 5871 1519 3094 3139
17665 5871 1868 3850 1149
6552 5871 3800 3366
7540 5094 3153 5583
13364 5094 5612 4662 2912 5979
4430 5094 2502 1304 3733 4690
15639 6660 6380 4765 3129
3831 1868 1316
11677 3285 1853 96 2101
6885 2346 1459 7000 6261 6567 4507 1241 5788 3272
1808 2346 1507 5579 2100 3600 702 5448 3290 524 3781
13702 2346 1587 2701 5821 5385
16492 2346 5286 4342 6203 483
8711 2346 3851 2617 3850 1679 640 876 315 5116 208
17067 2346 5514 2953 4903 4816
4075 2346 91 6789 1308 1592 1987 2239 6291 3751
16859 2346 2502 1304 1419
18862 2346 6469 6352 3351 1917
272 2346 5817 3887
17750 2346 1459 2100 708 4832 2573 1808 2185 5805
18626 928 491 1062 6494 1458 741 5378 4353 6326
4318 928 4150 2684 4507
2382 928 4402 4477 6177 4762
10563 928 2770 807 54 1405 2940 6463 3170 4671 4143
9059 928 1323 2590 1723 807 4168
12362 928 4291 200 5724
15709 928 5839 955 2498
4800 928 717 1596
15397 928 3612 4707 5108 4467 918 4789 7038 5184
11394 928 4291 2142
3666 2697 1389 586 6882 3349
3302 5248 6721 2101 925
7351 4257 871 3851 5449 2192 5353 4765 4611 3636 6878 2980 2023 4593 606 6211 2308
10302 6086 221 5647
14878 2393 5904 3457 5724
9206 2473 2353 6785 326 5560 5316 3129 6114
11841 4384 2502 1322 6187 6436 1913 4207
4678 6915 3992 2181
8297 6679 3094 2871 584 4664
16328 422 2986 5753 2096 3374 5192 5826 4627 2470 6788 3712
9707 4161 4855 4478
1650 4061 300
11037 6469 2128 6549 4729
9241 6902 5995 4740 4462 2637
10952 6721 1172 6227 4846 2562 2219
19414 1148 2980 4664 3574
15896 3239 1394 4830 5970 2980 3441
2080 6760 3450 1062 2637
17307 1772 362 4430 5787 6086 4501 2459 5508
19166 5735 1519 4874 4611 3385 1559 2695 1241 4994 13 3150 1458 2308 7010
8943 908 3041 2499
8552 867 4742 978
15880 230 2169 2172 1626 5350 5332 117
12376 2693 3238 2248 3634 5825 203 5184
14556 4188 2502 2693 5049 6171 3385
14460 5341 387 5307
13304 534 76 1476 3913
19268 1015 595 4590 5868 4876 6523 513 1032 4177 5348
11706 3819 3321 4868 5581 4846
14564 3365 3129
3781 2596 4787 6733 868
17198 2502 1304 1723 3742 4522
8329 2502 363 2590 1913 7003 2459 1514 6083 3042
5245 3360 6876 2514 6509
7577 3926 146 339 5944 3613
6693 4161 805 2195 1068
4542 91 1913 384 2638 1376 6930 3855 4619
11344 5488 2957 681 5025
13904 865 662 3918 3300
11145 1036 6902 6412 5152 3391
899 4150 871 3288 6849
8578 5286 262 3215 5788
5790 5489 5353 491 4846
10105 921 902 4503 5728
5247 2169 1304 2330 1535 1804 3514
6566 1060 799 6465 6721 4611 3960 5283 4994
8937 1876 4102 5648 3636 2094
1829 6862 2847 6646 3742 2980 6146 726 890 1077 6835
16490 6861 449 1658 6893
13590 91 2443 2395 825 4005 204 2567 732 1650 3920
13172 2364 3227 110 3652 571 1458
15654 6468 2537 3119
12286 5912 6746 622 6516 2137
17051 611 1913 3505
5514 1552 6210 1427 6442 6764 3418 1762 750
12982 5011 2814 6746
4733 3232 2502 3049 1115 4507 2155
7588 178 362 1489 6597 2295 4825 5581 1567 3113
17734 4061 2642 1903 4611 338 6767 5609 3592 5347
8306 659 799 4423 935 114 4649 5444 6509 5332 3083 6788 4660 4628 1498 4041 6694 6696 3669
1197 6469 4161 1304 2827 4242 6412 3386 2192 1928 5030 6589 11 1166 2084 452 68 3514 6269 3730 480 6195 2305 4644 6675 1761 6517 4048 4341 6764 6171 3532 4830 2651 3923 2488 3425 4171 6746 904 3390 3767 4963 3716 5217 4148 2888 2844 3361 1575 5212 6204 4601 846 4357 974 5405
8826 867 6660 6469 2634 2728 3283 3727 6984 2932 1229 1335 5679 4748 1032 3905 6571 5349 6234 5569 2101 5114 6213
15967 5817 2502 1491 5256 427 649
19200 1359 1868 3587 3366 1596 3062 6458 3727 4148 2120 599
12113 5918 1916 618 2102 1233 3048
7397 4346 6925
16571 2827 339 4758 5904 6171 6470 6635 3782 328 6488
1909 1417 164 6305 6063 4830 2101
16440 6789 3165 758
2179 4025 3727 6442 3052 332 4697 4893 599 6576
12805 2807 3049 1911 4940 4918 1114 1758 4584 627
1151 1175 3084 6733 4115 1378 999 6762 4277 3234 4980
13950 4814 2007 5204 2101 3147
15312 2322 5579 2814 4758 7003 2514 2567
4938 6166 3221 6911 1241
531 4161 6436 935
2470 3262 3133 6868 3165
2628 5072 4188 4351 5844 3594
369 6944 2502 494 1872 4855 5103 3377 6388
18730 6324 4254 1901 591
3651 4384 4235 4995
2362 6386 1151 6676 2530 6283
1121 5839 3450 6511 2208 328 4191 3204 1209
2985 4161 1472 2084 4340 904
2331 6902 2502 4777 1489 5373 5252 6371 437
441 1762 6341 5037
4362 3232 2527 2814 3364 4104 3644 2101 3630 2808 2858
16746 1491 3852 3326 6368 5637 2395 1912 452 4611 4383 573 5468 5909 690 752
434 3925 2461 1114 5258
1745 3489 2502 4351 5956 1502 2284
4459 1260 6315
10139 3489 5049 2457 3366
16097 6551 5366 6721 3181 823
2420 1916 1075 3721 5914
16240 2023 1059 1033 3291
117 5252 5414 5547
1359 5353 4477 3385 5936 6759
11434 4188 2169 1491 5916 3983 3922 2565 5316 2308
9703 786 2161 169 7022
8650 1665 1350 5401
19072 6286 4758 3094 5577
8087 1723 1389 6488
4838 6514 1776 2870
7123 5785 2208 3072 53
11878 5127 3595 4490 5459
13753 2502 4777 3060 3595 1535 2101
1378 871 2191 3865 4167
16217 28 3943 6992 6648 45 4468 6030 4679 5347
10706 179 4451 2502 786
7947 2502 1489 2084 268
10844 178 473 2460 5278 4281 4829 6746 2023 3463
4581 1587 500 2807 4855
10610 4885 5743 3114
11567 28 5732 6867 5025
9579 5103
13547 6882 1637 5563 1444
19169 6980 2466 665
2994 3419 4777 2996 6882 1031
17333 1876 3277 3239 5765 785 4830
4153 3026 3159 3685
2197 1858 3742 338 4816
3655 2502 6469 2906 1913 3937
11738 230 91 5579 5353 1787 1052 3599
7092 5821 2618 4087 3259
17838 3788 1723 4202 6678 5111 4870 6710 1229 2957 2567
8914 4351 1804 4903 3523 338 2109
3642 2502 189
5644 3079 1653 3390
16536 5597 688 6986 6511
2349 4002 4188 6642 1304 5628 6072 4681 5811 1319
2908 1966 5401 355 3272
6849 1027 3437 4730 6412 1890 2618 4881 1392 1655
7638 3038 2160 4940 4832 1679 140 4104 5563 2612
4477 5918 5669 5553 3502 946 5089
11409 2122 3084 6210 189 3476 3479 4066 3730 1808 4611 904 4418
17860 4291 3975 4643 6868 5068 6865 3738 6568 6746 6514 4970
1738 19 6993 777 5485
13365 2337 3897 3850 3694 1948
7756 2337 775 1186 2108 5821 1340 4538 3504 4957 850 5194
6655 2337 5821 7017 1365 2222 3966
14849 2337 2810 5821 1987 5023
11869 2337 1208 5627 6560
8623 2337 5821 4351 1987 2957 2301 1002
6748 2337 3232 6868 4866 3850
13846 2337 5104 566 6089 5696
5981 2337 3850 6882 3444
3018 2337 2502 6371
4328 2337 5821 4267 452 2305 586 3685 1355
9495 2337 4463 4949 1813
11710 2337 4974 1417 5821 1634 2497 2023 792
5361 2337 3278 1511 5103 2284
3494 2337 5821 4758 41 5678 1213 5653 5672
15878 2337 4242 3386 3897 2432
18037 2337 3011 2308
4877 2337 5821 5366 41
4457 2337 3183 4730 4758 4713 6568 4792 4703 5063 3937 721
7717 2337 5821 2814 5627 3829 866
5794 2337 921 4018 1371 3536 273
8171 2337 3262 1015 2099 4903
16476 2337 3850 5251 4555 2813
15281 2337 1872 5011 3004 1987 1110 3536 4493
13918 2337 5821 6915 382 5350 5841 5504
6509 2337 775 6403 5821 2912
2514 2337 6299 611 6435 2410 2660 6211 5683 4424 4191 471
1063 2337 5821 6865 1987 2222 4468
13606 2337 2502 2701 5821 6915 2328
2782 2337 2701 2239 6511 2660
1526 2337 2100 3009 5149 4332 5063 5126
261 2337 5765 4832 6865 1207
587 2337 210 1506 2770 1987
11757 2337 4048 2577 2980 6619 402 732 6005
8510 2337 2502 3429 3278 3239 3850 3523 1481 64 829
3691 2337 908 2169 5579 5821 5637 5403 955 3882 1418 3960 2328 6114 3214 2343 5033 1927 1149 6930 930
18846 2337 697 3385 2961 6666
9936 2337 1430 2063 4930
16383 2337 152 6185 1069 2072 6745 5111 4816 6574 3341 5736
10512 2337 3850
5559 2337 2728 3850 4876 1791 934 6377
12885 2337 6865 1987 2960
11050 2337 2701 5821 3237 3401
14887 2337 1148 1226 667
18182 2337 2172 5156 799 87
10278 2337 4558 297
6733 2337 3595 6389 1413
12645 2337 4699 6867 1207 5350 2660
990 2337 1060 3850 2770 6864 5601 5033
6891 2337 3079 986 4591
1461 2337 6980 2701 5821 4777 1535 2023 5647 1998
3164 2337 6868 3626 2089 1407 6377 6079
5926 2337 1535 5823 5350
1026 2337 5992 5111 1987 2004 2258
10601 1934 5042
2029 1934 4950 3897 4545 918 584 5063 6512
17774 1934 5164 4742 76 5621
9883 1934 4489 2685 1002 6078
2725 1934 1904 4108 5195 4426 1913 6549 3811
16325 1934 3489 336 79
7809 1934 1903 6911
2081 1934
938 1934 4835 3722 2791 2927 3937 1084
4543 1430 707 2502 5107 724 6915 6150 4859 1535 1913
19126 1430 3361
2903 1430 1559 3125 5825 4965 4601 4542 650 985
6441 1430 2627 676 6175 898 2192 6589 6086 4901 327 4611 1508 400 4760
12059 867 3852 4156 586 3264
18746 867 4227 3155 3762 2561 879
8196 867 1024 836
12668 867 1280 908 4787 4777 6551 639 568 4239 6276 3870 6195 4156 4154 4879 3707 6424
16404 867 871 2751 4964 6514
1107 867 2350 4843 4277
9175 867 5817 3769 2421 334
12229 867 1814 6746 5548 6835 1575 5238
15221 867 5581 6337 6808 3892
1028 867 2305 4611 1852 3215 3599
1663 867 2502 1671 6442 3030 2750
5285 867 3547 3983 1913 5353 2305 338 3152 2811 3393 5691 2927 5361
8802 867 5375 6868 2634 3809 2614 5976 3181 3614 3782 1776 5788 6770
7546 867 5739 4115 1872 6086 951 6568 2980 2239 3540 1149 4717 3599 3607 2419
16023 867 3942 5348
16232 867 6984 400 6584
10537 867 1108 713 391 239 74
15699 867 5705 4981
2805 867 6746 4010 3716 813
8280 867 1916 4526 1491 2757 1419 6785 1808 920 1901 5928 410
18066 867 6902 3720 2269 1575 5178 1085 3607 5474
13864 867 4382 2327 3385 1743 2791
1271 867 1280 3221 5237 4758 665 4829 1500 5742 4701 5575 1355
14232 867 2502 5579 799 4832 5353 4687 175 4148 1458 3193
11339 867 2064 4425 2814 6885 975 2311 5420 5633 5863 477 6545 1565 4893 1707 5555 741 3674
9636 867 4188 1354 2677 6177 2059 2307 6056
16439 867 2683 1279 5861 325 5470 2674 6957 2586
10787 867 3232 3720 4161 2984 5187 2863
107 867 1304 3564 6525 7010
17921 867 6150 4940 6152 4611 4264 5468 1434 1516 6930 4332 3318
2385 867 3429 5411 175 4148
15753 867 5579 3850
1519 867 5581 3201 1756 5849
9840 867 1587 1868 5821 1056 5656 6925 5557 3751
11512 867 3425 175 2562
4378 867 2192 6785 5353 6380
11884 867 3675 6442 4948 6237 3855 850
14458 1280 6882 3685 2405 328 5171 324 2341
8789 1280 2814 3742 865
10528 1280 6660 5817 5558 3239 1913 5353 59 665 6759 1413
8250 1280 4198 1214 3385 3868
3686 1280 2996 2026 3540 4701 162 1409
10195 1280 4115 2390 5323 6485 5353 3898 5800 3469
6881 1280 706 13 3150
170 1280 2063 639 3536 277 6557
2699 1280 3926 6868 4216 1860 5088 6675 3181 5678 5800 3889 5483 4157 1575 5241 2940 6418 1707
12511 1280 3057 452 2574
3149 1280 3239 2859 3111 6785 6261 6567 784 6505 1637 1544 3272 2685
7015 1280 1879 4043
13026 1280 5072 4351 5228 6734 4930 1836 5880 792 715 4652
7850 1280 799 1575 2101 4652 3903
9685 1280 1367 3918 5168 6161 1458
6445 1280 5942 425 1912 1671 4855 2871 5104 6746 2023 5728 2746 1781 1476 3293 804 966 5009 4269
10536 1280 6921 2701 2063 5743 4355 978 6114 700 1058 2284 6594 792 4101 3937 850 2568 5444 853 457 4333 4949 4420 612 4547 4173 1498 1125 6971 3712 6957 6782 2586 6495
11449 1280 4425 1056 1639 328 5838 5798
10584 1280 1479 4461 3491 1753
6687 1280 3697 5501 6273 2263
17025 1280 5688 5408 1341
14380 1280 6022 2453 6509
3481 1280 2823 5691 5261 77 4224
11200 1280 4308 1389 2118 5028
3648 1280 3131 6785 4784 1231 50 2927
5088 1280 285 2476 4662 5258 3213 6446 2297 3885
6650 1280 7044 1289 6610
12798 1280 2122 1019 4115 5922 79 6509
16850 1280 2473 2502 3278 2755 5732 4132 478 6500 6388 4994 3868 4279 3808
1189 1280 1296 3505 4657 1149
9355 1367 4235 1676 3799
15630 3082 4343 1101
14698 1655 3737
7360 6865 59 111 2927
17908 5739 5047 5804
11509 2151 1491 1283 799 6785 141 2130 6746 4846 1891 792 3491
16662 3183 1393 1171 540
12356 259 1210 4991 2108 6677
1286 2502 6175 1469 2007 1437 2758 4340 6583 1458
3084 2364 200 598 1808 6768 4049
13570 5834 4061 6785 3801 3599
17173 5834 4226 3239 2390 2823 4758 6380 3152 5168 5105 6275 6610
7385 5834 6133 785 920 4038
9757 5834 2063 6970 6462 5247
15179 5834 6469 6628 5274 6485 1912 1720 6734
9185 5834 3439 5152 4846 3803 6608 5241
18747 17 3983 6195 71 5936 3644
17789 2814 5091 2544 628
129 2814 3742 3024 3390
3356 1868 1631 2527 2409
13436 5072 6264 6207
18279 4433 1723 2327 6882 3288 3463 3113 3031
18916 6721 5633 1438 2740
12515 6660 1491 1459 5763 2025
10893 6660 3232 4722 5972 6466 2980 1682
14309 6660 4591 2992 6898
9994 6660 4115 5674 6171 652
5641 6660 4291 1385 25
16625 6660 2879 6868 1839 3626 3959 5034 915
12409 6660 6196 6864 3356 6511
11334 6660 5948 5514 3425 333 3639
14322 6660 2701 6915 5350 3430 4683 4352 3642
8716 6660 1420 6063 6721
8567 6660 1587 4611 1241 3114
19178 6660 2114 3952 91 1203 141 5763 1791 2488 820
7471 6660 6885 4825 1156 4489
12922 6660 6744 7003 951 6084
6734 6660 1203 4742 1472 5420 3351 3241 2555 4546
18930 6660 1299 5674 6972 1538
19378 6660 116 5519 1244 6204 4043
1004 6660 3819 1839 4156 892 2352
7745 6660 4235 806
8527 6660 6868 5040 6613 1110 978 125
14839 6660 2117 2064 3660
13627 6660 7002 3268 1737 5189
10599 6660 4536 5942 2393 1489 6156 5904 4927 1679 4732 2844 6499 6925 2208 4190 4437 6950
12881 6660 6465 3022 4876 6872 3398 6446 397 3973
17564 6660 4383 180 6775 1664
6345 6660 2527 2770
10594 6660 5055 3314 5113 6908 1605 739
708 6660 2057 6915 3819 1108 4115 2934 6095 6086 7042 2334 4981 2562 1117
3860 6660 281 6389 5515
1264 6660 91 1872 679 6565 4874 4156 3356 6511 3540
1832 6660 898 2195 6536 5742 4029 5547 5936
5837 6660 6310 1489 6785 5353 5476 2305 5171 79 3808
7917 6660 3429 1097 560
36 6660 4777 5036 5111 5516 5148
610 6660 3785 5804 6174
8926 6660 5286 3239 815 5353
8807 6660 4777 5743 6843 2498 879 428
14733 6660 871 6915 1489 3983 5353 3523 4470 4454 3356 4760 3737 2062 5338 3201 5967 2927 804 5172 3973
16764 6660 4234 4426 1148 5985 2935 4143
17052 6660 6086 1603 1605 599
9824 6660 285 964 2305 4792 2101 481 7006 2291
13263 6660 945 5787 1419 1041 1679 649 3899 5554 2202 114
978 6660 5164 4719 340 411 5494 1489 2461 5232 4718
15382 6660 5810
1827 6660 4405 2323 1565
11582 6660 2270 5816 338 6114 2168
4463 6660 2871 4005 7038 2307 4980
15823 6660 945 35 2884 3564 6785 6568 2507 1149 925
9880 6660 5187 1489 3326 2457 3408 452 3979 1050 4611 1110 5421 1986 6149 5703 1917 4838 3601 2094 5378 5402
2114 6660 2169 7012 1609 2980
8141 6660 2937 4188 1400 799 825 1671 5104 6882 2273 1676 2660 2101
7877 6660 6086 1489 5411 2273
15573 6660 1916 5511 4227 1374 619 4133 5047 1581 2453
5102 6660 1532 5132 1575 5160 4184
10236 6660 3747 633 4188 1989 4799
15529 6660 1491 1459 3038 1203 6868 6086 4235 5651 5249 4980 3496
4555 6660 5411 3019 6066 2660 3168
6239 6660 1755 1385 2160 6735 1420 1489 5945 4859 1761 3042
15372 6660 3848 3385 6710 3354 6446 3599 4530 4224 6953 6990 2054 2801
18656 6660 1144 2330 1541
3221 6660 503 6960 5353 4592 1084
5999 4371 5944 2276
17458 460 3049 1896 1661
12003 2254 200 2100 1225 5839
1347 2254 1587 5359 1560 6511
7642 2254 1349 3084 1946 6185 2759
5414 2254 3661 4587 156 4426 1635
1973 2254 6426 512 2195 4355
9687 2469 4215 6368
4116 5579 799 6762 2960
12089 293 3278 5821 189 6195 5103 1479 3425 2348
17235 3841 1679 327 3532 2992 4682 2215 6681 2210 2927 6391
7359 4050 167 424 5265 5674 477
8624 307 586 1738 2883
3649 5852 3089 4665 1393 5712
14764 5097 1823 3466 4818
11049 1036 5542 5521 2044 2940
3372 1036 5108 175 5691
18936 1036 4791 2034 1171 203 1851 6208
2496 1036 3742 6517 6016
8049 1036 1060 1069 1550 6442 2101 3147
12975 1036 5514 141 3019 5232 2957
5602 1036 5323 6583 6838
1932 1036 4599 3730 3391 4383 338 3153 80 2488 6882 3356 750 6176 5033 6712 5575
9863 1036 679 2026 203
3577 1036 5883 3328 4201 3480 6218 3193 2873 4949
17432 1036 5168 3259 6057
7007 1036 2473 6090 4777 1535 1663 6389 705 6782 2557
8739 1036 3395 6208 5996 6098
10966 1036 636 3818 1459 4256 6746 6571
4211 1036 3262 5048 679 141 975 6721 6888 5610
7507 1036 2502 6468 4061 5104
9639 1036 3988 1808 7003 3523 6882 2026 4148 5070 250 3272 6417
789 1036 4327 4832 1900 2395 5353 141 1787 6461 6762 4156 3492 239 4454 5724 5356
6096 1036 3279 3733 1556 2681 3441 334 2301
12494 1036 3554 2728 2753 3522 3523 4956 3274
1577 1036 5164 5040 1110 1032 1676 1883
17751 1036 6034 1986 2244
5273 1036 2106 2632 2062
710 1036 6902 4830 6746 4846 3356 3781 4436
15327 1036 3428 5411 6882 6298 5211
15213 1036 1559 5027 5724 804
9528 1036 636 1459 956 6843 996 3470 2786
4232 1036 6583 665 5936 603
15803 1036 6652 1512 943
2570 1036 6992 365 4795 6176 328 907
7958 1036 6902 6867 1931 6557 6894
14820 1036 4564 6762 4145 3536 2957 5000 2073
18132 1036 4150 707 6915 4777 6150 3227 446 1886 4080 2565 47 1842 5462 279 1434 4573 1413 4295 4301 4480
3202 1036 3183 1950 5448 498 2927 6700
5124 1036 2502 5732 6086 756 1729 6933 5545
16795 1036 1876 4730 3626 1550 2860 192
8745 1036 1072 104 6984 4710
1920 633 4901 3364 5032 6511
6165 4814 5579 5278 1489 4382 93 1410 5420 6503
19035 5558 2469 6785 2372
11165 4234 3239 6100 4091 6442 4166 498 4806 203
510 2502 6468 3227 4633
11823 6597 262 6785 5824 4905 6114 5638
13116 567 4644 498
2370 6210 1469 5795
17154 5164 1868 799 1632 1225
14017 4433 3471 181 3310
16675 799 698 4846
12453 128 5047 6322
8113 1868 3082 2418 4245 2716 3456
11418 6507 2502 6570 5752
5819 3747 45
17228 4940 4993 6176
4392 6902 4661 6436 6742 2517
14024 3026 869 2331 6984 1097 47 5666 2791
1029 4976 1749 2831 2457 6880 666 1202 1550 6693 2843 282 604 1544 5953 6594 4510 79 4652
12140 3612 362 1925 6616 5760
2158 6783 3489 5286 6915 435 6868 3340 2459
8823 6783 775 300 1959
5922 6783 6583 3772 5169 6224
12948 6783 5337 785 2957
19440 6783 3183 6607 2138 4103
16191 6783 1054 5386 5846 4192
9343 178 6020 825 6721 2968 7047 4478 3491 5332
4901 178 1552 636 6785 1215
9923 178 636 5164 3133 1911 4426 411 1420 1562 2790 6984 2311 5908 1105 3406 5936 5266 4883 2927
7539 178 601 6274 2763
10043 178 694 1872 5944 5545
4535 178 1587 871 4814 2634 6383 2790 5936
14712 178 2231 6598 3193 213 5826 4627 4949 6788 2123 5470 4173 4041 1125
3821 178 6980 2296 4120 6986 4075
2492 5317 3731 6335 3465 5187 4290
7936 5317 6491 4983 6114 7037
9901 5317 4758 1229 5462 4306 5940
6086 5317 6023 2985 6939 40
15214 3105 2391 4026
12859 337
1825 3612 6583 958 2664 3772 4190
10511 3612 6721 2471 25 448
14069 3612 5511 4156 2523 5914
10029 3612 1099 4026 3727
4728 3612 4327 2101
11335 3612 3952 4156 6499 1707
17735 3612 2527 3828 3354
257 3612 1102 7044 4855 1373 1068 3730 757 211 1962
7376 3612 5579 5872 6746 4542
12175 3612 5286 5612 3887
10905 3612 1459 567 189 3239 6882 1895
4998 3612 4719 2194 5866
2436 3612 4825 5350 828 2960 1883
7394 3612 1560 3694 6167 6942
6556 3612 4758 1373 4672 2866
14337 3612 5040 2642 3870 688 5604 663 6635 3574 6826 65 1133 690 5126 369
9587 3612 1304 231 6759
3753 3612 342 6832 2928 2780
17612 3612 1304 3408 1214
16726 3612 1846 5827 277 6545 6681
18200 3612 4340 4000 6676
13070 3612 2502 1868 5955 1902 6215 141 1472 1056 1677 3356 2759 5044 4615 2137
15105 3612 2502 1304 5108 6785 1535 141 5373 6662 2023 5783 2432
6342 3612 6233 1060 1550 6984 1628 4718
17477 3612 5074 6721 2574 126 2935
9944 3038 997 1009 6597 5373 4156 2026 4478 6057
2686 6605 799 2463 5377
14218 3533 5693 6737 191
2877 1260 2071 639 6763 2980
18578 3747 3408 2315
3759 3747 1339 1738
17663 1552 6868 5200 3147
17344 1552 271 1061 3835 6063
8104 1552 5705 3238 2354 5204 1234
8673 1552 5693 2504 5912 2871
15089 1552 5286 5312 6986 498
14975 1552 2264 4703 3912 1195 6029
6762 1552 411 6086 1913 1987 4657
13829 1552 2502 1345 3239 6405 4491
11346 1552 3866 659 1157 3523 2341 2474 471
14801 1552 4115 141 2764 1676 5557 5622
2186 1552 6415 599
18363 1552 1175 6310 1803 5012
718 1552 4257 1111 6335 2296 6333 6336 5962 4239 2547 4175 2523 951 6969 5725 606 4595 1799 1194 1276
19104 1552 339 3870 3738 2483
855 1552 4351 6505 2909
15891 1552 1152 871 2283 6055 3213 421
6898 1552 3841 6469 1876 2701
9435 1552 2884 727 5111 4762
8959 1552 6086 4467 4994 345
7019 1552 2502 1373 3314 338 2961
11303 1552 967 2216 5361 1219
4754 1552 2689 2823 63 911 3385 5206 3536 3839 2786 1320 777
17621 1552 1489 5422 448 2286
8034 1552 1339 6939 5508 6922
381 1552 871 5912 2909
18331 1552 1054 1782 2459 4970 1409 3868
12189 1552 5939 2469 2523 2348 85
7065 1552 1166 549 2523 1708 1925 131 3524
2475 1552 1204 339 3982 5972
7864 1552 1987 1621 2413 4463 5285
15152 1552 3429 3428 4776 3444 6138 4762
5486 1552 6097 2523 85
15858 4521 4561 2583 141 726 1243
18558 4699 5074 5199 1243 4980
2984 2395 6594 1857
17185 3851 1491 599 1074 4958
5072 5459 5295 114
18622 5049 4866 6984 1440
17297 4950 6309 6490
13988 6970 2192 5743 6531 1948
2273 1299 1556
5305 2885 5278 4156 6568 3318
12567 6034 5108 3109 440 5743 569 2208
7126 2145 973 310 2647
18780 2502 3429 6915 2590 1367 210 6096 5944 2997 6462 665 4640 6573 3491
3901 871 2026 792 5147
11406 5459 5570 3450 5867
12525 2879 2515 5816 4340 3898 2025 338 1110 1925 3454 2204 6126 1439 133 79 2027
2820 2502 5127 3321 2670 2025 6911
3039 3835 679 2305 681 1947 715
15385 3523 1697 6289 1676
14652 1842 3674
12917 5353 920 3716 1055 2628
8828 1459 6953
10784 1069 3902
13064 2581 5465 5678 77
4722 6591 2787 418 2050 2940
12071 5072 5579 3003
9225 6785 1679 2026 4504
4891 4188 1459 2642 2171 2834 3019 327 586 6036 5699 3129 1218 4040 2002 6069 3293 961 3083 3496 325
5924 3852 264 6670 3966 5953 6594 2927 6027
6368 5939 508 3629 1913 5322 1496 4227 7037 5710
3303 5939 2195 141 2171 2305 2677 228 175 4795 3114 6211
6929 5939 871 2169 2147 4351 3770
17939 5939 935 46 5444 4627 6788 4041 1125 6495
13359 5939 6902 4777 1603 2542 6539 1975
7782 5939 5928 2101 3868
9245 5939 1203 1749 3850 59 531 6619 1525 6091 5577
17056 5939 4940 5245 2639 6037
13072 5939 6026 6189
5934 5939 3729 6389 338 2483
7704 2502 3983
8325 4451 4317 5353 4846 2965 3470 6084
15091 5216 2354 3745 2446 3395 726
13356 5216 1359 2885 2264 2638
4943 3841 3851 5821 3850 2700 4900 436 6380 2159 374 1708 4930 5521
16098 3841 5059 1283 2495 4876 4830 586 5521 3143
2307 3841 2651 2609 3652
17541 3841 2701 6551 3850 6721 6734 604 1243 4461 2562 3477 2118 6141 2439
2098 3841 1916 5648 784
14152 3841 1175 5030 1390 6721 1624 2480
7267 3841 5072 3850 3385 691 3832
18625 3836 2169 1489 1913 3569 2528 1074 2015 3234
14599 3836 1203 99 978 6446 6369 2927
10213 3836 6214 2462 4625
7919 3836 362 1870 4527 2447 2871 5838 2101
9864 3836 1870 4561 4481 1895 3920
9836 3836 3384 1535 4341 4488 5352 2762 3288 6511
6288 1152 6735 1532 3813 4854
12989 1152 2974 424 6928 5674 3918
8073 1152 4950 3020 1522 5913 7009 2647 3870 2305 2101
8639 1566 5977 2007 4033
9563 1566 3511 6168 1876 3038 362 6095 5108 449 2871 5666
3770 1566 167 1535 3721 1393 40 5172
13412 1566 825 3902 813 6552
18303 363 2977 3790
12895 871 1911 1925
12220 1210 3049 210 4132 3532
7137 1210 4161 848 417 4141
10253 1210 1015 5821 3852 825 2305 1110 3594 889 5184 522
2887 1210 6455 1304 4050 1631 5784 2283 1872 6368 164 399 6870 3191 3562 3737 6835 7018 615 2716 1760 2202 6084 2909 5746 6285 3892 1602
8290 1210 959 427 4633 4306
9925 1210 5806 918 6647 5936
6563 1210 6344 3919 3983 1671 1503
17545 1210 5765 4940 339
12618 1210 6361 5353 461
9739 1175 2569 3314 856 246 6446 627 575 1320 5632 3204 5406
16051 1175 4611 5710 5361
13848 1175 2238 4322 5291 4139
2759 1175 1863 3750 1283 2354 6472
16137 1175 1587 5787 5353 4758 1679 6865 3196 3019 4846 2026 4601 1996
6355 1175 4707 503 2115 1938 5729 3946
2045 1175 5784 1207 483 699 4148 4335 1058 4224 2873 1049
10827 1175 6086 2010 6864 3862 6289 481 5691
18019 1175 5164 5936 6701
10891 1175 4699 6868 63 3523
15112 1175 1304 5195 3600 281
2878 1175 1631 5156 6126 6388 3707 5178
11411 1175 6848 1860 5353 4148 3966
9012 1175 3001
6298 1175 1472 3772 1553 3937 4980
16248 1175 3386 639 3221 1472 6505 4618
1814 1175 1789 6620 610
858 1175 1304 5762 6749 3536
482 1175 964 1535 4795
18787 1175 3129
6599 1175 4002 412 4132 5073 1018 1405
18270 1175 6902 3830 4148 3234
837 1175 636 3019 172 2483 5178 5405
3502 1175 5353 1338 665
4394 1175 627 5289 4165
3193 1175 5821 6923 6215 5606
16692 1175 659 2403 666 5838
15510 1175 742 2677 5361
15294 1175 2270 2390 5152 5353 180 4701 235 570 1883 2073
17832 1175 2659 4491 887
7091 1175 6887 6762 1024 2462
28 3533 6744 6785 6721 5159
17082 3533 1072 701 5795
4051 3533 1868 1304 5818 5291
6102 3533 799 1928 3282 6996 3727 6104 4710 2802
406 3533 5108 1913 2871
11858 3533 4536 4758 3583 5904 5350
8779 3533 2473 4590 4777 5042 4518 5904 5659 5074 6721 120 2928 5783 329
15155 3533 2100 2728 3882 5563 6709 3272 1002 544 369 4852
15970 3533 1459 3450
6211 3533 4050 4699 1322 1409
11480 3533 5750 5384 3270 4694
2954 687 35 498 4053 5063
3593 687 4351 1928 4564 2574 6530 5997 5803 1948
7640 687 2476 1729 673 2741
10602 687 3854 2527 3891 7047
7277 687 5896 2113 5011 3268 1860 1624 2833 610 566 4718 4697
7727 687 1587 6150 4882 5985 2746 2927 3670
2005 687 6086 1069 1729 2741 4314 4191 2749
18241 687 6784 2389 4082 3597 5521
3661 687 6868 3710 1496 3985 879
18148 687 3595 3268 6785 1241 1682
5537 687 2476 1419 6076 3327
12013 687 1340 2976 3882
12651 687 2106 141 4823 2323 3681 6424
9414 687 2443 4460 452
1122 4150 4291 1264 4777 2403 6328 5397 3339 391 2311 4227 4789
12731 4150 809 1972 6095 395 3240 5880
10847 4150 5440 5804 627 5015
7962 4150 4257 1253
10916 4150 3239 3693 400 5929
16765 4150 3926 5965 2502 4161 327 2459
18280 4150 1000 3572
9163 4150 2693 3319 203 6145
5184 4150 1207 2025 6777 4728 2541 4468 3767
15833 4150 3035 5323 6882 6619 6237 2126
15656 4150 2372 3498
15135 4150 3851 4115 2728 104 6785 1913 5904 4611 6662 4993 5204 5389 4336
18076 4150 5360 5423 1682
211 4150 1473 3391 2328 5623 4463 3147
14852 4150 5072 1114 4611 3530
903 4150 2469 1260
399 4150 6095 3111 1088 6523 5633 2298 2582 1179 3633
14375 4150 871 2502 5821 5648 1535 3626 5073 2638 6534 2928 5249 3531 415
6846 4150 5353 4932 6594 5212 3246
6543 4150 1459 964 307 1550 1660 978 781 2101
3262 4150 2469 4477 5776
13981 4150 3833 4291 1491 6915 6868 799 4722 1535 5353 2860 6030 781 5405 2858
7839 4150 2395 1647 6810 1740
18599 4150 2937 871 230 4626 4590 3239 3983 1535 4830 47 2023 6635 6371 1375 1134 4482
5054 4150 179 4978 1197 720 2417 5624 151
14607 4150 1512 6628 2331 799 2354 639 4251 5597 4644 229 1914
10898 4150 2502 6915 4351 3227 486
9878 4150 6777 1033 6056
5767 4150 3104 4382 2395 5353 4156 2992 4405 6499
2783 4150 1587 2879 1060 1648 3366 3943 5152 1389 5025 1368 114 426 1880 5474 1745 6395 3892 1857
14110 4150 5896 3429 4719 6405 2328 6746 952 3963 1895 2101
12060 4150 391 6984 1559 2620 2026 5496 2940 7037 5727
15076 4150 1304 2728 1603 1341 2026 2101 3599 1074 5858
2739 4150 5516 4295 3941
16654 4150 2980 3674
2371 4150 5449 6095 3332 6086
14518 4150 3369 1206
9416 4150 1304 1088 1776 6098 804
11994 4150 2057 780 6562 5242 5898 6509
18036 4150 3084 1203 1371 4284 211 3377 5168 610 978 1901 5178 6818 4376 3491
9546 4150 4962 5462 3813 813
5871 4150 1489 3179 3674
17952 3983 4564 4575 1553
2995 494 3479 4564 681
18935 5068 2393 6104 2294 3009 2786
1228 6591 1110 3374
11473 1868 2495 6405 3772
17896 6902 1868 4777 4742 1872 4558 1686 1335 3716 1149
12873 1858 1244 102 3504
2756 4289 3439 2594 1703 3125 3170 3829 5223
394 3994 6640 5522 1936 1866
16924 5152 6505 792 2453
14640 871 2747 3057 955 5908
859 6902 2502 5794 1598
8734 28 6721 482 1575 2118 2858
8792 6631 5577 3361
18417 2527 1069 6195 5609 4795 4005
11783 4161 4777 1901 145 6545
2674 2502 2216
3304 2884 3823 6001
15092 964 4460 3870 3782 5613 5700 5685
5113 871 4898 4161 1072 3227 4599 760 1172 4611 2328 2609 1258 5798 5075
1522 1088 4454 3708 1716 2101
6472 5359 1913 3692 2968 726 1439 5098
16196 3230 5187 6618 7003 5501 4476 5872 6083 6341 1405 4464 2628
6386 4787 2831 1240 138
16446 1489 1463 3015 6931 80 4509 6463 3674
13355 2884 5459 2101 792
9108 1916 2169 6746
15712 2121 1987 1158 3169 6619
12907 5821 164 59 915
9978 6902 3279 2390 794 6878 4148
14950 5781 1716 316
11103 5256 6355 2980 5547 3737 6511
16464 5579 6915 458 2770 3824 6568 5504 4845 2813
17602 3133 6762 5846 4294 6555
19307 1260 6368 2718 1409
15302 2122 5514 2 6583 3748 3107
18650 871 5152 1901 4305
2735 4868 1883 2941
6193 2509 6368 5353 5168 1319 5691
2069 5048 5353 920 3037 4510 1659 1071
2760 5061 1420 4855 1995 2954 3241 5936
17455 1916 4777 494 6880 1535 4462 4600 6931 4816 6568 4948 2980 978 129 3248 2975
8115 5048 799 5353
18705 4115 1873 955 2035
6304 6095 6465 5763 4373 4494
1769 4242 3386 5256 5441
18172 6310 6314 3125 2935
1349 1911 2390 5366 339 3949 2084 2770 3870 4383 1088 1479 4593 2637 5378 3868
13259 478 5679 1542 50
14769 3720 1417 6762 4611 5979 3370 5402 5361
5915 5765 4830 610 726 5841 3215 3946
2308 871 945 6915 2192 2461 4383
10875 3262 3809 4485 3979 2992 6939 5021 6204 6838 1444 5060
3380 6902 2502 1868 2640 297 5997
13002 1459 3104 141 1401 1851
8229 5353 448 3813 2332 4454 6918 2564 6396
11254 512 1913 3030 5850 1895
16057 5414 5204 1405
11864 6546 5379 6114 387 2661
18735 1792 4657
7154 3819 1271 6872 978 6746
5397 4536 4781 4994 6291
15239 4536 1916 2502 4653 6885 1472 6531 1241 4893 4556 6894
8961 4536 5185 3227 5142 4477 4378
16989 1485 3928 1041 2700 2709 5516
8163 1485 2634 1804 1729 6612 5387 1585 2574 2089 6212 1565 570 2216 3640
14938 1485 4207 6239 6449 3273 6957
3623 1485 3554 2509 6785 3949 3455 6405
9956 1485 6455 5462 4972 5940
15289 1485 908 1868 2757 5794 2980 2669 3521 5728 3933
12956 1485 1116 2871 364
9966 1485 1876 1123 3522 3231 6977 6030 1241 3674 5098
13231 1485 5896 4454 4478 2340 4980
10227 314 2473 1512 6868 6910 1134
3748 799 339 549 79
18121 6546 1427 4043
8740 694 6097 4940 5265
7575 17 5674 4507 5204
17591 1863 1838 3825 6780 5672 1744
18238 1863 1913 4156
12955 1863 3720 659 4789 6161 5461 5724 364 3873
1199 1863 4795 65 4478
16928 2482 91 248 1971 5866
8868 2482 2151 2056 338 7021 5309
15805 2482 4822 4467 3019 6832 5462 402 4838 6326
3141 3489 1916 633 3791 152 2576 3004 6442 2709 4619
13526 5410 2779
4333 1915 5256 4815 5491 2047
14000 4885 2581 6894
852 871 1144 6172 3523 2715
16062 1471 4906 2064 1723
966 4777 2042 3227 5522 11 1596 2957 5880 1676 792
3016 5353 2044 4893 829
3851 1535 6583 6314 348
17913 3926 2270 1429 2709
1301 749 362 2172 614 4725 2692 2391 6457
14993 2151 2994 4309
10067 2922 1041 5204
14319 2922 1972 2859 5808 4869 3031
10874 3866 2870 2875 171 3946 2801
17359 3866 385 1234
5025 3866 1554 1072 3819 5915 5648 6829 4011
15402 3866 5971 3711 2264 2007 6521 5111
8923 3866 1023 1847 5800
8684 3866 6814 734 4956 2957 6844 5928
8858 3866 6168 6984 2748 6289
5459 3866 2701 4758 2677 5350 1799
298 3866 1015 4940 1890 6282 2818 642 4493
7088 5043 1860 4117 3588
10732 5043 1299 5994 815 5343
18583 5043 4002 4384 3429 3278 4822 2515 669
1453 5043 3975 3232 1874 6477
3943 2797 362 2825 6648 5904 701 4994 5638
19103 2797 632 1818 226 6600 721
731 2797 871 5195 679 896 3523 958 981
2059 2797 4832 93 4210 4664
2303 2797 5514 6703 3626 610 6494 820 6511 2146 4686 2118 2873
16745 5072 2823 828 498 709 3946
13943 5072 7002 5361
5256 5072 799 250 935
18169 5072 5956 4235 2541
17277 5072 6305 365 162 5291
18740 5072 6925 1149 2143 2118
11517 5072 5965 2527 17 4281 787
6988 5072 2502 1972 5804 1276
12435 5072 871 5579 4762 2791
5592 5072 6620 4203
18314 5072 945 4777 6984 3492 2980 2023 4710 5047 3295 2101 836
3931 5072 1477 5468 3685
6307 5072 5353 141 1050 5759 6208 2046
1223 5072 2502 3819 446 4980 906
9465 5072 4017 3020 1241 3515
9489 5072 5353 1729 2328 2442 1799
8748 5072 4188 2502 1886 951
18345 5072 4665 2344 4322
2133 5072 909 7044 4859 6230 5377
10239 5072 1417 2100 3620 382 2451 6939 2541 6089
19390 5072 3366 7049 1243
4523 5072 4777 3999
14396 5072 3126 1800 1968 5138
5123 5072 2025 338 3685 710 2870 3674
6154 5072 1304 1844 1472 5597 4682
7604 5072 5312 1097 6568 2317 5446
4536 5072 2884 2390 307 2980 4279
8278 5072 6915 2126 3150 814 2286 5888
18799 5072 3183 5323 6465 2962 6870
5430 5072 4108 1803 513 4905 6291 3892
14850 5072 3952 91 3850 1148 5926 4383 4454 6291
5665 5072 4777 3019 2430 2118
9467 5072 4704
17674 5072 6442 4718 2632 2341
14600 5072 5353 1110
10967 5072 3851 765 3112 2100 6086 611 1535 2010 792 3578
4021 5072 1097 4427 6509 1753
13949 5072 6455 4384 5142 5088 3715 3882 1600 1553
1065 696 1459 6210 1825 5049 2930
9770 696 1288 6244 4110 3019 3524 5604
5593 696 5705 4242 3386 504 4270 3824 872 2960 758 536
12431 696 1916 5408 1512 859
10829 6640 3852 4303 2583 5503 2451 1807 2514
15132 2693 2527 1723 5187 3919 4067 2986 1310 5928 5873 3273
3317 871 2698 5408 859
19183 6168 1876 210 5466
11845 6121 411 4754 2832 1427 1202 3759 3306 5880 6930 846 5967
5904 6506 6483 5988 265
9227 4291 200 1204 35 3595 3742 5140 5381 1719 6138 2544
10183 4351 6885 4810
6886 4707 35 679 1149 3272 2244
5836 4707 5268 1631 4232 3033 1901
4514 4707 1872 2305 2632 1760 6449
2452 4707 3429 4777 6589 6086 4837 239 5465
674 4707 2325 2899 6882
1364 4707 3848 4215 1069 2734 1686
6254 4707 5514 411 5353 865 698 2957 6511
9166 4707 4291 5821 1072 2647 483 1149
3083 4707 775 1618 2647 3048 5303 1927
6564 4707 3489 2665 2818 3463
19342 4707 1459 2191 6868 5108 3071 6843 4607 903 2101
17671 4707 6605 1990 6923 4740
12373 4707 5579 5852 3828 6785 4272
15897 4707 6469 2063 1791 6746 3356 6701 6509
2715 5693 3232 6915 4832 1217 5659 3191 3642 6463
17377 5693 4433 921 3408 5183 2740 1405 2567
14926 5693 3133 2364 2884 6744 665 6568 1341 4478 3599 540
12210 5693 4161 1875 3904 5350
14104 5693 4462 5353 1909 4923
14275 5693 6876 125 2532
13849 5693 3300 2695 1234 652
3430 5693 1876 5739 4777 1073 6436 6274 6171 1479 3341 4211 4789 3470 2410 5683
2039 5693 2502 4564 2964
15247 5693 5718 6921 3848 1653 6537 5547 2405 4595
16942 5693 2701 3819 4564 6269 3235 6331 3707 5855 2750 930
9212 5693 6086 4146 577
8839 5693 5904 5252 4650 6195 1621 1725 5783 2157 5880
4455 5693 1048 6546 6757 2155 125 5616 813 5474 4973 966 5624 6555
15376 5693 1698 6619 2731 3778 2181 1553 6907 5641
14286 5693 1304 4777 2168 6826 5804 1960
8589 5693 1304 4777 6119 5904 3119
11052 5693 3659 3655 5889 3147 6449
12867 5693 4777 653 6746 599
1262 5693 6196 2879 3834 4885 2395 307 6816 3737 4478 1856 5697 5691 1569
12839 5693 3489 3870 4148 2660 53
5303 5693 91 5353 6741 5184
10709 5693 2100 6777 3685 1577
12325 5693 1535 1503 4721 2004
2555 5693 4050 362 4202 5353 5311 5783 2307
15216 5693 1916 6172 5042 3982 3721 4784
1912 5693 5904 2777 5063 804
17617 5693 3830 3597 678 792
12436 5693 1507 2172 4198 6678
8522 5693 2418 5325 5219 3937
18674 4195 3940 6523
13617 4195 276 4795 5456 381
313 4195 3750 6292 3418 3030 4028 4617 6138 4478
4615 3230 1459 3734 5256 5511 6546 3713 690
884 1587 3902 4846
11109 5164 5408 2590 4204 3979 6503 978 3597 3404 1816 1996 5172
8287 5407 5373
15477 293 1230 167 3062 6195 2142 3164 3653 5469 3193 113 4353
6119 5965 4384 2502 1304 518 17 1535 1166 5737
9680 1459 2486 2006 727 3057 4859 176 2463 7013 6421 939 3187
3592 3587 5030 422 3733 4507 6531
4831 5806 4611 2023 6892
10826 4730 3239 2007
14064 4351 518 3595 698 3913 4660
12544 4787 1915 301 6380
1446 1723 6336 1401 6676 1310 5063
2813 4188 1079 1304 6954 5628 805 4777 5732 5108 6498 4462 601 4855 5377 6984
1990 765 3730 4830
7907 1015 2084 796 496
1415 91 5821 4730 3303 1632 3663 1522 1864 1207 2843
2268 411 2728 6721 6936 1603
16411 2166 2947 4830 6059
15631 2345 6762 4227 524 879
19406 2879 3227 5142 4855 904 6083 5709
8885 2617 2418 2084 4555 2073
11861 91 4507 1241 6325 6449
10745 1868 3360 3564 6083
1922 271 6868 2670 4156 4611 1682 4493
4217 5821 6205 6343 7041
17694 3505 3910 4631
10556 3587 4340 6673 2156 6165
6266 5353 203 5919 6775
10553 1698 698 2632 1464
17012 3133 1079 6902 4742 1683 4983 3023 935 2445 2470 2780
18504 935 114 372 6509 4628 2593 1602
7718 5995 3210 1954 4061 4940 6361 4323 104
16672 6008 1110 2786 3531
2815 6008 2469 5152
5217 6008 561 7000 4108 1989
2670 6008 4161 6949 5142 4885
1374 5806 2508 5052 4022 162 4177
13420 5806 2502 5579 3587 409 1322
942 5806 636 3710 2498
10411 5806 4640 1302
13871 5806 2502 4626 4699 2372
18104 5806 1838 4284 4902 6044 4929 3681 5338
4645 5806 4061 5936 5694
1914 5806 2827 6876 5637 2982 4239 6442 6177
11602 4122 6814 1838 1680 6464 6520 79 7015 2355
12468 4122 756 4514 2334 3056 1382
3217 4122 697 680 4683 4970 6377 5184
10466 4122 210 1090 4682
814 1023 362 2590 825 3523 80
6438 1023 3979 203 6145 1071
16323 1023 4426 3220 5232 4640 691 69 4221 795 6499
5064 1023 3084 2814 4026 3117 1589
2746 6684 2238 6145 1167 6930
11652 6684 4738 6286 5011 5353 6867 3314 2155 2044 1676 2101 2927
15373 6684 2502 1698 4476 297 3758
7771 6684 4062 1304 4777 6368 1886 4099
8587 6684 2502 7014 4947 4624 5869 4245
7780 4469 4864 3928 999 452 2839 5763 3776 876
4366 4469 3982 276 4672 5581 338 222 2292
16350 5018 3472 6380 6203 114 1857
3418 5018 4987 338 6343 942 6191 3461
14818 5018 3084 1587 4832 3391 5064 4326
1717 5018 6885 4467 3385
658 1048 1402 5956 1088 3544
1340 1048 1587 5579 189 5298
1700 419 1868 4777 6034 1930 3469
10345 419 1304 3019 3918 1724 1716
372 4991 336 4384 5558 6214 6762 2334 4682 2736
1642 4991 1723 6679 4569 2410
5603 4991 3970 4590 2314 1997 5204
13915 4991 5186 5817 2502 4161 992 5852 5276 207
8180 4991 2476 1791 4588
15449 1922 2925 6813 5735 105
1085 5705 3183 669 2269 1575
9144 5705 165 114 139 6778 2445 5444 6509 2177 1945 5332 3746 4949 4628 6439 5668 6663 6220
18136 5705 4835 3220 422 4485 4227
6835 5705 2523 3288 2826 7004 6176 5361
18996 5705 5579 3819 3734 2315
15003 5705 6299 959 4940 1009 3934 1068 2451 3385 1100 3902 1133 270
4360 5705 2354 2684 6777 6878 5350 2023 5633 3652
15026 5705 3277 5525 3060 5448 5850
19391 5705 2100 6785 2957
18262 5705 636 6352 4303 2583 956 3626 939 5053
12601 5705 3743 5691 1841
7341 5705 2701 3405 5547 6327
18663 5705 1847 6530 755
6399 6814 1323 2191 5915 6058 726 1241
3364 6814 3437 5558 1131
14095 6814 871 6980 2957
13308 6814 3897 4387 1596 5353 918
16058 6814 6377 3871 1706 5647
14281 6814 2976 2581
2563 6814 2871 3491 3705 6636 171 3106
581 6814 871 1858 2522 4531 241
8246 6814 3131 4626 3587 2172 6879 579 6419 1678
9131 6814 1868 5579 4226 2476 2331 6631 6721 6309 6746 4682 7041 2743 1483 1575 4363 5691 5289 6543 4588 1857
17569 6814 999 1970 5439 3523 6757 1795
12186 6814 5091 3425 5487
8138 6814 2618 5653
2517 6814 636 1434 2208 1331 804 5153 824
5119 6814 2590 3169 5997
8001 6814 3183 5408 5560 1808 1148 2488 4190 1707 2685 6808
2031 6814 5286 3278 5118 2541
12292 6814 1260 3114 2628 850
9648 6814 4966 4758 6388
6678 6814 3564 5152 5024 3813 5783
3561 6814 4188 6168 459 1283
8148 6814 2473 816 3327 760 3710
1763 6814 5286 5579 6468 4947 978
10497 6814 1072 199 6878 2023 1769
9180 6814 5111
7268 6814 4830 3155 6639
9193 6814 4777 5732 2728 1271 1228 740 6371 3707 2632 4701 792 1883 1659 2778
9275 6814 5977 6599 760 3023
5160 6814 5407 4768 2305 432 4369 2323 6488 2927 5332
11920 6814 3661 2064 1946 1913
478 1404 2502 5579 6442
11188 1980 2937 2226 2059
12403 1980 4291 3814 3851 2821 4940 5912 5962 3523 4733 6984 6937
11923 775 6546 3272 6512
4166 775 4590 17 3516 3003
3836 775 6902 452 4383 338 1725 2811 2405
5427 775 1928 4832 6764 2577 2992 6237
7403 775 6866 4611 6171 4735
1580 775 636 5732 4599 6785 4383 2882
3436 775 1913 6472 3454 1067
10037 775 636 5785 5908 481
18977 775 4611 6027
15303 775 2166 1913 6984 4603 1895
8042 775 1913 5353 1418 1110 1676 6449
7662 775 3236 6583 3745 3147 3531
53 775 1868 4223 3791 6628 3988 5087
18749 775 5188 4981 5027 6057
15218 775 871 200 3472 2305
15548 775 871 1575 2208
19110 775 4587 3239 6269 4662 6203 2405 1407 1438 6533 1676 793 5930 26
5026 775 3749 1077 3272
2333 775 2596 6168 167 6335 799 446 5353 2084 431 3693 3979 6721 950 2620 4405 1969 1996
10273 775 271 871 3979 4611 4488 6356
11935 775 2106 2410 6268
9982 775 2169 1913 3979 5674
10321 775 4341 1040 5556
12397 775 1383 6397 2047 5304 3219
6166 775 999 3626 5653 3234
11904 775 4969 4940 964 6517 6763 4476 1234
8554 775 5821 422 3217 5521 850
8294 775 4738 2747 104
13600 775 6546 5908 5563 2612 221 3272
194 775 6324 2786
3602 775 4329 2683 1512 4742 6055 2074 4227 6402
4992 775 636 4232 1825 6436
3874 775 1011 1689 1234
8 775 4256 996 522
10693 775 5817 5550 1535 713 407 3153 4111
969 775 679 1596 6380
9583 775 6921 4249 4331 5303
4553 775 1596 3652 6759 4762 5354 2308 3829 1475 5378 536
15637 775 5312 2104
7545 775 91 411 1221 6368 3128 4825 3693 3636 6114 5184 6056
630 775 518 5108 6504 5104
13609 775 868 2166 226 2777
13221 775 5494 5274 5360 5180
6387 775 6984 6606 2957 229 2483 3966 5672 1927
15164 775 999 74 203 6145 3829
9720 775 1186 2160 1698 4340 2533 2075 46
5897 775 1913 5353 6984 5724 3491 6810 3546 1740 5867
16712 775 3386 1288 2814 6546 665 3369 2075 3781 6176 6145 6750 2927 6999
6420 775 2370 518 4599 3522
14490 775 2502 4460 4611 4566
7070 775 6640 80 3454 4735
9102 1186 871 1999 3356 974 4043 3187 4165
12583 1186 1876 2634 5838
18346 1186 2693 6286 6646 2940
5202 1186 3694 1754 6645 2323 4478 3827
591 636 3926 799 2206 4009 943 299 3966 2027
12481 636 3926 3813 6676 6947 3122 5063 5126
5804 636 4661 2728 60 1074
13694 636 6941 4758 2798 5563 6010 839
8274 636 4426 2684 5872 3781 5936 3889
16474 636 6507 1981 1060 6185 2096
8597 636 6491 6313 3983 3850 480 4341
6505 636 3835 639 884 586
3066 636 4777 5353 3985 5378
4851 636 5011 3979 4865 3799
11128 636 4161 3727 1253 492 1405 3272 481 4542
10009 636 4267 2814 1172 338 1438 57 5347 4923
15039 636 5674 1997 4507 1234 5825 110 2637 777
14642 636 1459 4267 4940 5503 1389 3574 2575 2096 5788
9817 636 744 5353 3030 6499 1405 2361 3147 5649
9128 636 1772 339 1913 5808 1097 5825 6809 2940
12420 636 1491 1283 3279 5353 6867 3421 3626 1374 5908 3813 3248 3574 6539 6951 4981 6545 6681 348 1475 5347
742 636 6885 1636 5515 6630 5544
4524 636 452 4846 4005 2499 3292 6907
5369 636 4816 2244 5285 5063
10228 636 4832 6746 4461 2685
5908 636 3813 1525 6676 2361
16948 636 1323 2052 3267 5290 3523 1234 4121
10461 636 1129 1032 203
17342 636 5776 2204 5936
8281 636 3857 943 5472
2150 636 4454 5936 3504 4893
4376 636 1913 740 6914
10366 636 6902 1631 4950 3331 1489 4460 5353 6460 4633 4553 2770 3721 3626 1866 2305 338 1040 7021 3502 5544 2764
14936 636 6640 17 1299 4885 2581
5615 636 4257 1378 666 3979 1229 2312 4670 6502 6312
15898 636 2634 1039 6195 4370
4861 636 871 4050 1396
12250 636 4814 141 6546 3523
16990 2379 4777 3255 5182
12257 2379 1003 2949 6188 3219 2791
2605 2393 5000 6681
16774 5108 1496 5547 3187
11154 1459 4351 1660 1925 3961 1291 1756 5172
5982 596 3516 2311 4970
4587 232 6902 2502 2508 4777 5108 4527 1535 3727 1743 2382 3342 3968
10441 232 5012 2483
6482 232 6239 1342
6834 6946 5817 2647 5503 2523 338 3544
4835 6946 4758 2670 5024 939 5725
336 2114 1304 872 203 3920
5400 2114 2052 1060 338
14533 2114 5912 4832 4901 47 469
12802 2114 3038 6171 5194
4310 753 3479 1497 2871 6746 2126 3150
16029 753 6119 1920 6083 225
14126 5958 659 417 6400 1987 5581
15461 5958 5821 5276 203
5831 5958 2879 1527 4445 4594 3072 4517
3894 5958 1304 5383 16 5666
17327 2596 2640 3165 1575 5027 2292
1556 2596 3741 2480 1412 5575
887 2596 3975 4940 5519 4855 5866 6383 6355 2459 3530 1241
4960 2596 3035 4777 2798 6808 6447
17480 2596 5817 6142 3260 2061 2136
19004 2596 4835 1203 3727 6230
17437 2596 4161 6915 6785 5606 6759 792 6043
11239 2596 6299 1060 3733 3057 3869 4855 2305 6762 4611 665 586 2421
327 1507 6868 6679 300 382
18541 1507 3084 3005
11463 1507 2527 3514 5783 6145
14840 1507 4094 430 6352 6785
7421 1507 2701 4662 2305 1545 3632
15284 1507 127 6873 5547
3517 1507 6269 665 211 1737 6743
10757 2122 4777 1871 5341 2660
7207 2122 2884 1228 6568 3224 162 3793
12191 2122 1359 3851 1417 2701 1511 1846 3824 3959 3716 2524
17502 2122 253 4564
3306 2122 4732 610 6146 335 6759 6594 6712
16578 2122 4179 2283 6589 6292 4462 4018 3710 2710
11608 2122 5722 4505 4156 3904
11432 2122 3429 5454 141 6763 1585 571 2436 2927
5196 2122 2311 5516
6919 2122 1791 4221 1085
5873 2122 3038 6546 5936 1319 1575 6654
11660 2122 3785 5804 5029
5898 3489 6410 6551 5353 327 1577
9536 3489 2151 91 4392 6460 2642 2171 2305 6355 4611 4728 586
15571 3489 4477 531 3781 2664
15377 3489 3494 4351 6882 5710
1749 3489 2151 4156 1572 3349
14448 3489 6868 6436 1065 3632
16247 3489 3851 6902 3331 6465 1260 3850 3626 2022
6765 3489 4202 1575 4478 2514
17702 3489 5061 4599 3595 5511 6864 3218 1229 1389
3754 3489 6902 3316 2590 5794 4148 6371 2813
5325 3489 3595 2025 1781
10835 3489 2160 4758 3405 1474
18832 3489 1020 3813 2101
12591 3489 871 1229 498 6943 4806
16111 3489 1304 2827 4777 3365 6188
6414 3489 3626 3452 3361 3937
4024 3489 6902 6380 5501 47 6746 3356 2744
2533 3489 5152 806 2044 4423
13942 3489 1203 6785 5353 5564 1229 3274 3193
15055 3489 2893 6469 1858 576 4387 3576 5511 3385 3414 3763 3606
13151 3489 285 4590 3791 1419 1489 3982 1561 5762 1679 4076 3129 4432
17101 908 3897 3279 6551 4341 6377 6594
15399 908 47 448 4925 6716 2181
15058 908 3850 4306 4823
18611 908 2160 6744 5091 3727 556 3129 2980 4682 4893 3861
17367 908 4188 4590 2677 6878 2023 6371
17562 908 6430 2502 951 1436
17787 908 5841 6950 2137
17575 908 595 76 5621 5099
15386 908 3239 455 400 673 6443
9645 908 6915 5839 4148 4478
6950 908 503 6034 1562 5168 5204 5169 2909 5172
16078 908 2390 4235 2651 2360 6972 6509
16045 908 1304 3516
13797 908 2573 6102 6947 6545
11988 908 508 3523 996 4846 2860 4481 4701 1706
3828 908 2100 87 6984 3783 1434 2436
10655 908 666 5988 1588
1991 908 6980 4832 884 4830 4414 4921
3441 908 4489 691 3114 3670
14149 908 1207 1556 5350 3406 3655
18142 908 6469 2765 3592 5727 4649 6298 6509 3578
18638 908 4384 3962 799 2785 3201
12465 908 799 951 6746 5146
3316 908 2977 5560 2909
17068 908 4462 6583 3418 3477
1667 908 6323 2659 1401 6232 5702 3070 4321 1252
4068 1229 4744 3201 3827
17947 2502 6868 2460 5511 4972 6686
2691 5514 2807 4861 2056
15310 271 1574 2305 4611
6618 4291 5821 5448 3566 2094
3104 6168 1876 6440 7038
12105 6223 3564 4690 5748 4470
9146 482 5204
11778 3016 5579 3717 203 3966 5200 3632 4652 1219
1802 1349 3226 362 4135
2733 2792 4456 1660 5936
4281 6932 6857 1966 4699 2100 2420 4885 2010 4961 3759 6610
15685 5530 2231 3548 6285 853 705 6439 646 3510
13764 5530 3606 5105 4029 5547
8594 5530 5353 1550 7008 1234 251 2592
5816 5530 5408 6646 1913
14545 2540 2322 3232 6026 4242
1931 2540 3033 5049 338
10923 2540 6915 1075 2758 5111
1361 2540 3685 966
15804 503 4599 2758 3463 5887 4958
12648 503 3331 810 2646 1437
13015 503 2108 411 6323 2483 6295 3234 1355 3973 1012
592 503 285 5525 5323 833 4900 4405 7049 1249
6349 503 2617 6785 1327 3094 4924 6534 6388
9949 503 2106 3979 713 1150 1527 920 755 3754
17767 503 3745 3234
17108 503 1587 2627 2502 2469 1913
4821 503 1053 2084 5869 486 6653 954 1393
16007 503 4226 6868 3897 3835 5353 4284 6882 2529 5633 1901 6158 4980
12478 503 2322 500 362 2418 3727 2790
5863 503 3983 2814 6987 5353 6882
10999 503 2573 4855 4607
1259 503 6469 1060 6984 5232 978 6973 1676 328 6488 6117 2661
11982 503 4787 6915 3365 3338 2459 566 5725 4893
2996 503 5353 4305 4181
963 503 5930 1760 3469
3488 503 2670 4611 2025
10290 503 3278 6785 63 1542 881
4473 1665 4635 4399 3748
10261 1665 3084 5529 285 3505
2967 1665 6868 2323 2173 1538
4287 1665 285 2573 4284
2510 1665 4291 2504 3902
10810 1665 1711 4832
10665 5830 452 2481 5003 2025 1708 338 4103
2973 5830 210 3742 4352
13677 5830 2502 374 4611 3963
9229 5830 6882 369
862 5830 383 5763 1229
16634 3833 3952 4968 3147
7330 3833 4928 68 3626 4830 1676 4701
4746 3833 785 3781 2759 3549
3624 3833 799 794 6785 5410 3354
4495 3833 2010 4893 3968 1276
15580 3833 3429 6868 3356 6511 5008 2562 2927 881
14334 3833 5579 1878 2399 4744
32 3833 2884 5311 978 4588
16652 3833 5366 5504 2044 935 4419 4943 3107 4003 6285 6131 3247 1701 609 5434 6449 2873 5444 5332 3083 2470 2090 6788 4660 4420 2422 6811 5231 1602
11070 3833 6171 1088 3425 1065 2975 1676 4099 1799 5172
7282 3833 3733 307 3626 3716 6091 3630
10098 3833 3929 1761 2483
5291 3833 4267 3057 1913 3870 2791 5171
2602 3833 4787 3279 6319 4705 784 172
5043 3833 4787 2191 3279 2855
15668 3833 473 3279 2757 1995 2980 1065
3887 4329 2287 2463 6546
12044 4329 362 6760 943
16853 5186 4940 4114 3626 4795 5012 3758 2308 3592 3937 966
745 5186 6297 6954 1102 2827 3624 3819 2590 3238 3911 3265 5142 5187 3634 5011 3701 4859 6648 5087 6195 4575 6504 498 2844 700
16663 5186 3926 6902 5942 2393 6726 5508
7250 5186 6868 3825 6402 2050 1931 6520 381
10188 5186 1340 790 2509 4341 4981
15011 6479 1323 4719 5059 2617 5837 351 452 6984 327 5103 2222 6767 498 2779 3968
375 6479 803 3629 47
1220 1916 4188 3429 2879 6876 611
11350 1916 1116 2330 1913 7003
10209 1916 1587 2617 5926 978 2483 5027 575
1486 1916 2502 508 6785 5166
14907 1916 2827 5195 3298 6445 975 4180 5414 228 2562
6490 1916 4792 5545 2453 2873
7977 1916 3169 4491 2980 5841
11830 1916 3232 2006 4340 2957
5604 1916 5108 47 4816 5350 7018 221 974
15515 1916 4738 2180 3288 270
9286 1916 3227 4317 5411 5560 6568 1436 1223 3034 5149
16950 1916 4832 2814 5401 4156 3601 6700
18752 1916 1299 3301 4682 3748
14087 1916 6915 4928 1479 3234 4427 906
18915 1916 3429 4476 6757 6743 6594
3461 1916 964 6152 1591 175 5679 5338
3606 1916 1027 6840 4715
3355 1916 2322 3232 1229 2312
280 1916 1868 35 799 3577 3777 1135
6293 1916 6196 3429 1868 3494 6095 5108 6763 2528 6434 5725 3215 4478 4929 3572 4670 1297
15276 1916 6591 1868 2072 3621
445 1916 3232 3929 2251 2225 3994 4730 1131 3439 6885 6785 2565 4705 6746
8155 1916 3232 4777 3979 6762 4948 5350
6483 1916 2269 2980 4846 3695 2779
11668 1916 3232 3356 3272
3693 1916 6095 6380 240 3272 6490 2858 1793
14987 1916 7002 4758 1407
6248 1916 805 1925 6911 2963 1737
10257 1916 765 3156 1472
18063 1916 3800 3331 4816
3721 1916 3226 3129 978 5679 5928
3396 1916 6902 926 3123 45
1478 1916 978 4149 4670 3578
18926 1916 2581 2597 3737 4461
10198 1916 3514 1159 4224 2333
17848 1916 4291 2473 799 1053 4235 785 6171 4575 6746 2957
1475 1916 5407 336 6405 2980 2710 2628
13545 1916 3232 2418 1500 6232
2422 1916 2305 4611 3130 5627
14323 1916 2473 4832 55 4852
15738 1916 4291 2502 761 6142 5620 1535
18922 1916 336 3429 411 4685 1632 2617 4722 951
4743 1916 6885 5904 941 2305 5000
1742 1916 1868 6119 4227 6030 2022 4771
7830 1916 5286 5104 2980 5679 3401 2685 4649
11746 1916 1587 6468 2100 2886 915 1959
620 1916 1011 6785 5252 3129 978 5679 3461 2292
15434 1916 5383 4467 2684 203 2094
3153 1916 4535 2538 1479
1100 1916 435 4882 5350 2239
1604 1916 3429 1868 2044 6463 3404
9021 1916 2418 3949 2912 6882
4755 1916 1304 4777 1419 4758 1808 4048 5126
17384 1916 1913 1550 4148
11779 1916 4223 912 264 506
4635 1916 4188 1868 4777 6368 6882 3454 3064 3737
18143 1916 336 2194 6868 3105 5168 80 1040 6499
5268 1916 5942 5558 6868 4611 5906
2135 1916 2473 2316 6132
15104 1916 288 2357 5804
4900 1916 6902 4777 1535 1148 5350 6759
7945 1916 6168 2508 4366 2942 2736
15856 1916 765 3983 5401 3727 338 4846
12221 1916 5048 1489 4760
4042 1916 2502 5078 2700 3727 4845
17104 1916 707 5868 2372 5228 1655 5132 5909 3599 1442 4260
13003 1916 3818 6868 1900 984
8316 1916 1839 3319 5368 1545
8402 1916 1015 2172 339 1260 6429
5503 1916 2502 63 2332 2239 2767 1832
11134 1916 3814 4384 5108 2581 6499
17865 1916 6286 5543 6485 1390 3079 4490 598 4284 5232 4093 6083
3505 1916 3316 1836 3272 3031
3299 1916 6042
13578 1916 2473 6876 3505 1473 2332
9802 1916 5794 6885 3949 5123 3185 1677
8479 1916 6923 6895 4698
1327 1916 2803 4611 4299
3338 1916 909 3271 5350 1197
16280 1916 2364 6166 5639 2112
1565 1916 1304 4462 4478
6570 1916 2502 6210 4108 1989 1009 3554 1469 2982
2312 1916 5197 4191 1793
15492 1916 2502 1535 7003 1191
4236 1916 4384 2502 6784 43
3908 1916 2023 4148 54
6523 1916 1203 1473 196 1608
5401 1916 6299 1373 4701 235
3023 1916 5965 3429 4777 6205 1400 3850 1472 1207 2430 2957 2802 5627
13097 1916 902 6690
16509 1916 4180 6171 5204 6130 4763
12466 1916 5383 5232 610 2669 3716
2856 1723 1492 920 3306
7374 1872 2239 5985 3540
3426 6233 210 486 5405
18429 947 3457 1991 2413 525
7527 3814 1157 3701 2605 1150 5652 6155 3493 4192 5389 2664 2844
3763 2502 3340 4662 6054 920 4341 3385 665 338 5350 6741
9207 6168 4558 3574 1234
15984 6662 2201 6871 5063
13073 5514 1417 5579 6309 4846 2561 4148 5985
10097 2106 446 3385 1434 5338 3599 2927
12604 3819 4830 4930 3597 5889 658 1252 5194
10235 5579 1181 4599 5837 6424 6901
13554 2169 1469 763 1229 2992 6080 4207 203 4636 935 2015 1505 5649 2822 609 3632 1083 6449 5444 6509 853 2470 3456 6788 4660 4506 5734 4041 6782 3669
16878 3852 108 4462 5316 5468
415 362 2721 3201
9540 1932 5104 4629 2023 2882 1258
7536 1932 2006 6534 6937
7127 1932 6320 2647 2025
14822 1932 717 1431 2487 2050 2280 1435 2210
14946 4002 2393 4383 2612
525 4002 5278 1213 2927 2909
11066 4002 707 1304 4777 2020
5388 4002 6975 3816
4858 4002 4115 6344 6679 2393 4460 5837 3455 2305 4227 6188 876 3248 5563 2612 3272 5795 3031
10652 4002 3926 785 6380 4948 5381 755 1682
8129 4002 1229 623 2903
18254 4002 4291 6168 362 5915
7115 4002 904 4380 6216 6509 6547
11493 4002 4020 3351 205
6335 4002 3720 2296 4648 1638
19405 4002 35 6274 1987 122
15550 4002 2502 2977 5142 2328
14790 5407 6583 2488 5800
8755 5407 336 3429 1417 4839 4910 6383 3902 3813 4454 3707 1575 1149 6084 804
7284 5407 362 4777 6868 6551 4341 2855 4846 4005 915 1953 3599 3632 5153
3388 5407 4400 4955 549 3128
12638 5407 1459 5821 362 5353 5168 6759 1832 782 962
17902 5407 6071 4341 4148 544
13673 5407 336 1868 5732 594 2231 4555 2513 6999 1998
8528 5407 5449 2509 5353 3214 6974
7 5407 4497 975 2483 316 1553 2137 1753
13853 5407 3439 5259 2632 1243 5767 1498
9506 5407 210
4490 5407 336 2238 619 3030 3963 6539 899
18256 5407 338 3782
2042 5407 5732 5187 2023
2277 336 3824 6203 4478 4986
17524 336 2473 3587 1172 4449
16918 336 4484 1097 3792 4736 3592 5347 2454
5538 336 4765 3010 199 2181
13205 336 6915 3479 5937 5903 5936
5974 336 6813 5040 5074 2305 338 3636 2026 4795 4005 2940 408 907
12252 336 717 6640 6415 4354
16975 336 999 2779 4701
8794 336 1387 4777 3265 5104
7714 336 2151 6628 1890 1188 4723 5801 3228
17835 336 2673 5091 3075 6721 4611 6816 6568 6505 175 792 6022
7113 336 5817 3720 3038 1723 5695 4830 3782 6820
9433 336 632 4930 3597 2249 3961 6681
12443 336 2487 1088 1639 1065
3305 336 4633 6984 726
8150 336 2476 3257 6084 3469
5556 336 6902 905 5108 3733 2891 942 726 367
3126 336 5164 5995 3505 63 6843 80 4109 6872 3902 243 5303 5929
425 336 3554 6589 4722 3595 4477 6230 918 6583 4830 4682
4791 336 1868 3523 4398
13830 336 3316 1110
15238 336 871 4242 3386 5073 4830 4227 3614 6531
15755 336 2191 5708 4026
2016 4108 799 4830 2260 5206 1074 5691 2453
6100 5875 6335 5519 1496 4308 2843 4789 3667 4893 1575 6027 2291 520 4557 6509
4131 2583 2814 4203 5758 3607 966
10463 1868 4855 6794 1658 2455
15353 5353 1559 806
3630 4383 3685 2062 6143
4252 5987 3104 4742 3366 1271 5040
795 5987 3425 6218 1799
3401 5987 595 2115 2728 3060 7009 1401 3745 5949 1112 1405
3116 2697 3391 5850 6511
18556 6589 5945 6721 5025
17348 6902 2502 4777 1041 1535 1913 1727
3927 1260 6931 6803
3281 4384 3720 905 3179 562 4596 4011 3237 6877 129 6371 40
2879 2916 6332 3005 2311 586 6243 2118 4689
404 2916 809 1839 203 2126 3150 3193 5172 6685
9889 2916 5179 3882 918 6114 4082
12777 5337 3371 516 5021 2903
7570 5337 1709 6844 1543
15834 3926 424 4807 152 6269 6305
2157 3926 5353 6309 229
2359 3926 4202 2283 4018 6325 4875 4478 221
13444 3926 1072 3543 1148 3442 3613 5936 145 358 2514 2903 1252
7418 3926 1459 1072 4758 5373 5104 1496 5611 5633 2249 60 823
14701 3926 4777 3727 5563
13323 3926 717 4384 2633 2757 2390 5719 4428 4141 2449 6177 1553
6671 3926 1203 5278 6039 3201
9884 3926 3123 1040 3985 7042 2334 670 1187 5349 240 6800 3674
16501 3926 2689 3180 391 5649
18015 3926 1494 3729 2260 681 4994 6741 5184 6528
12605 3926 3298 5694 5910
19134 3926 5048 1489 1192 1725 4573 2779 2323 2607 5126 5469
2011 3926 5821 3979 6984 4478
16224 3926 2502 6868 2634 3626 6746 3354 6511 1821
18549 3926 5942 4699 799 1679 698 586 4418 5781 3772 2323 4893 3272 2927 769 6990
3897 3926 5508 3040 4925 3361
1965 3926 4188 1088 5997 1986 4701 4277
4683 3926 6885 6614 5920 3241 4087
11851 3926 871 4758 5678 6463
17823 3926 4898 5074 1234 4542
15471 3926 6949 956 4662 5908
16379 3926 6902 3239 3439 4948 1676
14899 3926 1061 203 4717
16194 3926 2634 4791 2574 145 5349 481 689
13993 3926 4777 2330 1131 5453 2227 47
18347 3926 3316 6551 3733 141 3425 4846 931 3716 1275
9538 3926 679 5352 4055 2031
13584 3926 4234 1870 799 5762 3721 5874
10577 3926 3181 2975
17932 3926 1157 5511
2008 3926 1445 5715 6725 1923 5678 6676 4795 3466 6488 1458 2308 6892 2777 5126 4818
11017 3926 2370 5113 3019 6407
14881 3926 1394 2577 203 6145
9827 3926 5286 4242 3911 2515 3850 6433 6448 3003
12126 3926 2502 3408 2547 4710
19343 3926 5074 3762 5063 2453
1110 556 3425 3260 1149
13663 2720 4445 218 5698
12477 1966 952 1627 2941
18708 945 3626 1254 5581 2994 2026 5780 6325 817 6158 3937 1821
14662 1350 6868 3060 4284
16595 1239 4568
402 293 465 2502 1868 1304 6368 3949 3019 5270 3737 5880 5622 3630 2909 1083 2873
6959 91 1157 6095 3658
3263 3239 3997 71
12088 4787 4351 5353 3354 1880
9113 4787 271 3851 6368 3023 6545
2300 4787 6455 4527 1226 5116
10192 4787 1765 1549 2074 5763 203
281 4787 6915 4491 275 7018
18449 4787 5440 3104 5383 2515 2047
16529 4787 6332 3147 2004 2927
16300 4787 2502 1190 2129 1299 825
10468 4787 212 2935
14521 4787 2847 2007 3727 3425
10885 4787 2847 3983 4026 6442 704
1009 4787 1970 3855 3632
695 4787 5281 3265 923
17407 4787 6415 2831 6498 3385
100 4787 1349 4327 4270 3502 1658
6249 4787 5529 6119 1158 3147
6936 4787 5564 6405 6882 4981
11314 4787 2473 2502 5732 3727 80 1588
15206 4787 189 3217 6244 6281 2785 3727 1479
12896 4787 5739 1703 303 1088 806 1956
18022 4787 6583 3996 6057
957 4787 5323 3850 5316 4968 3181
17553 4787 5281 4181 6770
2130 4787 945 3429 2701 549 3128 1791 1637 5563
7107 4787 6053 1512 5972 1690 7003
8784 4787 2502 5558 2248 5142 6785 4140 5373 5113 2430 3003 103
15398 4787 2728 2814 513
5028 4787 5440 2847 2814 6130 1212
13911 4787 765 4561 5353 1020 2949 3398 6291 3070 1199
17606 4787 5529 5440 1723 1962
16670 4787 5529 6923 3425 6619
10450 4787 1260 833 1197
1531 4787 2071 6597 2394 4141 3892
10124 4787 2701 6923 2728 610
15555 4787 2701 5312 2068 4512 6567 4153
10653 4787 6472 6114
16844 4787 5143 4270 310 549 2372
7118 3818 5821 63 2497 5350 2528 2818 3685
9076 3818 5558 3600 1060 1419 799 6865 2026
12756 3818 978 5521 6511 6918
9774 3818 764 478 2973
12081 3818 2269
17503 3818 3006 253 6794 2022
5422 3818 2502 3239 583 4165
9976 3818 5821 4477 5103 1800
9937 3818 4341 4133 4478
14995 3818 1072 4824 1260 6215 1839
6617 3818 6865 2430 933 628
3119 3818 4335 3272 457
10197 3818 3850 3626 2764 6974 627
18339 3818 6864 492 6973 212
13508 3818 3328 2814 427 6407 3480 5563
15458 6807 3949 1303 1805
6456 6807 2757 3354 2595
16759 6807 3239 6020 4490 3979 4830 3599
16719 4433 4825 59 3023 5184 3625
2703 4433 6042 301 618
1824 4433 2747 6882
7483 4433 6902 5732 2537 3704
3800 4433 1489 1339 1217 3595 478 6337 3524 3782 3737
986 4433 2502 5142 3595 4467
14313 4433 3429 765 3011 3523 6442 1556 4346 2315
2204 4433 3075 3180 2372 1852 5115 3354 5928
17223 4433 6233 4888 6939 4162 5575
6521 4433 3583 5748 3300 844 5928 3147
6631 4433 707 1660 3502 1478 2786 6671
6614 1349 666 1225 943
12030 1349 6785 3898 50
2374 1349 3084 6436 1743 3924
6031 3084 1723 2832 6442
5345 3084 1417 301 4477 5024 4537
18521 3084 5977 1723 2814
15546 3084 1535 1913 2609 2249
323 3084 4141 4376
1309 3084 2393 4758 1229 5483
6496 3084 6902 1489 2395 1898
10504 3084 4140 2897 622 2636
12500 3084 5765 4846 2957 3354
93 3084 411 825 4611 6746 6423 6818 1451
15589 3084 659 327 6843 1479 3130 586 5970 2485
17125 3084 6882 498
14424 3084 3429 80
10280 3084 422 3694 6681
6250 6196 5111 5103 6725 2618 2488 4846
7324 6196 2758 2332 6490 6321 5075 6547
14844 6196 2502 473 4497 3364 6309 6505 6630 730 5563 2612 3758 5797 1476
1287 6196 809 5821 1987 1158
3850 6196 2701 1459 4742 1069 4611 3960 4408
14729 6196 4384 4161 4616
5019 6196 1061 2187 2568
11703 6196 1020 948 4260 1701
11647 6196 3366 2101
3501 6196 5353 114 2187
16378 6196 3278 2962 5627
864 454 3133 4267 4115 4599 3434 3850 4235 698 4383 4607 5979 2822 474
10375 454 698 5936 6237 2284
4701 454 6086 4235 5353 356 698 524 390 5985 5099 5953 6594 792 2244 1793
965 454 4974 1030 1822 6785
3293 454 2117 2064 3835 6568
9441 454 3321 3595 5073 3137
17864 6733 293 2328 2935 3802
17807 6733 5525 2758 6442 6804
12679 6733 4235 6785 440 6405 3724 2497 582 6111 4498
15387 6733 1913 2980 6065 6780
1651 5281 1402 2316 2734 4277
9060 5281 6442 4063 6598 2918 4440
3497 5281 3038 6677 6012 2737
7478 5281 5529 4758 1229 3414 6951
6309 3471 5400 2962 2294 2387 4970 3504 5613 1405
11332 3471 4599 902 3447
15033 3471 267 4232 5142 5547
12952 3471 2160 4970
6751 3471 5184 6892 4143
11764 5718 5904 3504 3147 1701
15657 5718 5108 5219 298
8125 271 5739 1810 6618 1418
11679 271 2893 5353 566
12040 271 6762 2049 6842 2094
15085 271 2747 6546 1496 1807 5409 1234 3758 1458 2791 3263 57 4043
629 271 799 3694 806 4823 5131 5082
17710 271 6020 4290 1978 2135
6722 271 676 6868 5728
11829 271 293 4928 1560 5426 6083 3310 5832 2791 5584
385 271 3854 6507 91 4814 2827 386 3979 6213
15113 271 4855 5047 3272
667 271 2994 1953 767 6516
6498 271 3071 3920
8013 271 3038 6436 85
2963 271 2983 1818 478 5045
12410 271 4188 17 3613 2517 406 6594 2308 5378
5126 1587 956 698 4846 2438 3498
4966 1587 6086 5350 3137 4560 2873 4143
2591 1587 164 2305 1389 6746 3491 2822
8913 1587 35 6915 4211
3740 1587 4161 2509 5959 3626 4511 1291
9621 1587 1491 4699 497 3595 586 6759 6600
2926 1587 3835 2610 4611
1057 1587 2108 5286 7009
4805 1587 5558 1679
1003 1587 680 1413 2978 6740
9970 1587 2581 4352 599 2935
13860 1587 5817 1304 6095 669 964 6618 22 5905 920 7008 47 6511 2208 5001 3147 1588 2927 1996 5624 3920
16104 1587 4561 5563 2201
2256 1587 4950 5195 799 2390 6566 1635 6531
4398 1587 6762 4211 73 3229 1575
4793 1587 2322 4777
9202 1587 2172 2068 5111 4308 681
18139 1587 6591 5965 6915 6368 3064
1288 1587 5142 1803 2870 6198 6010 5178 2927
5557 1587 6164 3595 3813 6571 1682 203 5998
18208 1587 6902 3495 3934 974
16497 1587 2814 4662 2305 7021 3335 4632
1426 1587 5108 2488 4846 4424
2657 1587 3278 5579 6868 4742 3554 3727 3626 4491
7658 1587 3232 4375 156 3270 4855
1879 1587 6746 3536 5678 1676
694 1587 2100 4185 1901 3832 5148 5504
19280 1587 1915 3819 3983 6347 104 4815 1913 4910 5353 1266 2992 5869 6186 1781 4363 2202 6993
18233 1587 5286 3851 6150 6195 6739 1895 1948 103 2935 2927
3182 1587 2169 1489 5353 1172 1374 610 3781 3272 804
17353 1587 35 3877 2010 4118 2498 1149 2291 536
12642 1587 3479 1222 726 1058
14167 1587 6373 1252
17346 1587 5821 1203 6868 4235 5859
3796 1587 5107 5606 153 524 5535
17978 1587 1868 6138
10200 1587 6902 5408 3830 4148
13016 1587 1981 1459 6824 6606 2665 6300 1947 2323 2632 1676 3342 6488 1883 6084 1101
11436 1587 5954 2459 492 461
9303 1587 6468 1166 5228 918 1517 3356 3737 4573 3555
12393 1587 1767 1489 4018 4341 6635 3356 1923 7004 4461 3349 2771
4061 1587 2169 2956 2305 2051 3425 939
16576 1587 4742 2823 2790 4930 6169 3406 219 3114 5996 240 2453
17520 1587 6063 902 3610 3778 2018
13404 1587 4384 6902 4777 5270 2870
11021 1587 5787 4742 6080 376 7016 1809 4063 6022 4937
17237 1587 1260 6583 513 5804
2164 1587 3239 446 1550 3019 665 3201
9872 1587 243 4478
18395 1587 4626 6468 189 2770 3403 6568 2542
3912 1587 3814 473 484
15278 1587 3126 5108 5353 1325
5212 1587 6012 141 4501 600
671 1587 1794 5353 5800 3095
13512 1587 2502 6053 422 182 1556 5410 806
570 1587 999 4758 5743 5838
3674 1587 1890 4687 1955 577 5378 2431
17118 1587 4384 6640 5074 894 6984 1110 2664 1776 6165
18224 1587 2166 1913 5459 203
17296 1587 500 5579 6436
2010 1587 288 2783 5008 1753
14498 1587 4188 4814 923
4813 1587 209 5904 3759 406
12455 1587 2502 5232 5168
10676 1587 2264 4417 5573 4940 2634 100 1968 5672 5928 1575
17690 1587 4966 1801 6640 2590 1020 3436 4593
2220 1587 2023 3540 3114 3142
6359 1587 5564 5908
18757 1587 4161 2684 4734
1011 1587 4291 5644 5276 4722 4633 5045
14817 1587 3126 2397 4477 6511 5728 6750
19365 1587 5844 3272 1569
12162 1587 6789 1890 1148 4148 3500
12637 1587 871 5550 4928 1968 6525
11631 1587 3331 6864 3693 6125
664 1587 2264 5413 6077 3842 6676
337 1587 230 6691 5353 6630 6750 4436
17613 1587 708 4090 4770 4647 5850 732
18750 1587 1782 3343 5353 6442 4830 1249
16451 1587 5049 395 5027 933 5591 1084 2924
17294 1587 4777 1489 3823 63 2483 5172
7583 1587 5995 141 2871 6746 4408 1575 6098 2104 2791
457 1587 2151 91 5108 3983 6333 3716 2062 3272 2118
15633 1587 6812 2628
6514 1587 2508 4758 665 806 5997 4771 2101
15464 1587 6469 4340 3385 2059 115
9981 1587 1872 6923 1621 3500
7331 1587 4590 6388 3899 2338 5563 5089 1002
9921 1587 3439 5338 3599 2927
11530 1587 1400 6721 3813 3707
18782 1587 1489 3727 2528 2299 4710
3915 1587 4066 3902 69 553 1017 2628
3452 1587 5353 1480 1341
3565 1587 5579 6868 5111 2980
14154 1587 4159 5353 4043
5541 1587 4044 2370 3532 2208
5484 1587 5817 3898 6777 2294 1884 1243
14454 1587 3814 5514 1417 2590 3360 666 3410 5353 3949 5659 1232 3075 1020 5290 4156 3532 2659 321 1991 6534 725 876 1514 5609 3224
4663 1587 1072 4507 4190
3607 1587 1868 5579 1631 1826 3129 6619 915 3748
6172 1587 3104 1511 141 6721 6746 3354
3503 1587 884 3356 6114 5936
10540 1587 4291 6862 2225 1166 3480
10713 1587 1491 4324 4242 3057
3449 1587 4281 5547 3003
14429 6785 890 2568
8788 6299 1283 3326 3439 4377 6128 3356 691 4930 5768
7054 6862 1928 1818 2870 4893
8011 2403 383 4558 2106 6341 5928 5801
538 3897 6128 1646
4307 5937 6371 1776 6681
11068 3661 1613 691 2975 1986 350 4818
15081 164 5083 327 1655
9875 2502 3126 5735 6222 1878 1184 6161
7435 2502 4514 2975
10521 3733 3626 4454
6962 3133 2502 4234 1997 1479 2833 1871 2023 7042 2334 5146 1924 1781 4177 6357
1409 5522 6272
2230 1491 3983 5353 6721 6036
12380 5256 4460 452 1603 2542
11002 4600 3729 6619 6901
11662 579 5251 6128 2975
13668 5896 2884 6721 610 6937 3274
18828 5896 3159 6652 3911 4859 6873 2651 960 1265 1710
2248 5896 1964 2093 5108 2647 2677 3264 6881 3199
18575 5896 5821 1400 4235 5904 5034 6371 1149
6346 5896 4188 5011 1596 995 857 79
12499 5896 4814 3911 3479 45
3785 5896 3629 4215 2459 4418 1836 6237 1134 2417 4923
16134 5896 911 2888 2612 604 5098
8712 5896 3006 1749 6876 3829
9548 5896 5425 1260 1936
17319 5896 2987 2814 740 4721 2483
18316 5896 285 35 1489 4468 191 3798 3846
4529 5896 1868 2300 3239 3693 3425 606 5698 1342
7295 1693 3694 6721 5974
2937 3006 6546 3094 4771
4671 1054 2393 6546 3729 960
16398 1054 362 1877 3217 1913
492 1054 3564 5290 5226 918 584 4705 3150 1959 536
13994 1054 3983 1729 2764 2514 2244 1701
13802 1054 1015 1913 1621 5545 587
11991 1054 362 6960 6165
11870 1054 6119 4259 1729 1826 4973
15761 1054 5049 5087 911 4421 6480
15776 18 5202 6119 5265 6566 6436 6229 4476 6423
18286 18 5579 1810 2042 4426 5794
5144 3091 6785 3667 1478
9775 3091 4738 4161 5390 712 2864 3632
14901 3091 3742 3904 1565 2930 6409
5979 3091 5965 2745 363 4659 2398 642
15579 3091 1868 1631 1157
9694 5948 2502 5353 1527 663 1534 1953 1898
15093 5948 2253 2647 338 5197 1883
12262 5948 5529 3364 2130 2665 4710 79
6548 5948 512 2536 3346 6762 6882 2323 5027 2344 4332 6658
9693 5164 3983 3079 5459 4948 792 1083
12807 5164 5353 3023 2480
11365 5164 5821 6119 6310 411 3514 498 5033
2837 5164 1872 3356 3540 1133
16804 5164 1304 411 1791 2260 5997 270
16616 5164 3495 1232 2980 2632 792
6739 5164 6785 2790 1716 1407
9396 5164 6469 5708 3707 6682 6291 162
7176 5164 6458 665 1248
11294 5164 6589 3428 4646 3505 1997 1720 126 1534 2208
11705 5164 5904 911 4454 7047 3695
14435 5164 698 3356 1823 4607 5008 3147
1487 5164 6868 300 5074 1128
345 5164 293 3819 2647 1508 3961
14620 5164 6086 3439 300 785 4876 1418 2541 978 3644
13347 5164 6121 2446 3899 4436 2046
3963 5164 4351 810 3364 4227 4846 934
12553 5164 411 3115 4029 1575
11549 5164 5286 2169 4384 2502 3429 1204 3819 2289 2636
18698 5164 6551 3191 1055 76 1199
13971 254 5048 6310 411 2390 383 1913 3505 6548 1374 6746 2957 5025 5288
15646 6591 951 6207
13296 6591 2102 19 3368 4093 2094 2761 6424
4265 6591 2151 6436 300 2696 192
9408 6591 4976 4138 1743 2438 3498
5493 6591 6597 3781 3215 2216
17320 6591 3254 6527 6389
595 6591 5061 4815 5350 2023 6141 3968 369
14320 6591 1200 5259
10636 6591 4188 2520 4885 493
16560 6591 6152 4781 2408 4005
6283 6591 2871 5104 1641 6573 6211 5178 5378
16915 6591 3479 797 4633
12550 6591 1015 2393 4470 2541 2101 6266 824
7241 6591 2656 4351 3983 4292
16992 6591 639 1556 2436 626 6022
17861 6591 5688 5821 1203 1860 1987 4611 3425 4846 4682 2086
17845 6591 4188 6902 2502 1868 1631 3476
13883 6591 6605 6386 706 4854
8299 6591 4611 6568 516 4555 1137
9459 6591 6677 4454 1895 1440 907
15202 2145 3497 2195 1269
222 2145 5787 5908 2999
15432 2937 6856 5316 4383
9958 2937 5439 3597 3114 6716
10403 2937 871 2827 1157 3634 6274 6238 927 1737
12473 2937 5120 6902 4289 4731 1535 4688
9418 2937 1148 2961 1375
14367 3970 6133 6640 2332 4795 5797
12467 3970 5904 3763 6837 852 6688
18953 3970 1535 1306 4236 5184
13179 3970 4050 4807 104 6436 6458 918 6405 4507
11583 3970 4257 7003 2050 6044
19334 6704 2504 156 4940 4611 5104 4481 5979 3515 3924 4542 79
18080 10 4291 4234 3238 1864
18411 10 1229 5678 1241
3994 4864 2160 999 2451 5908 2034 5547
9043 4864 368 3733 3385 338
18422 4864 4371 2617 2700 4703 3433 4314
8791 4864 2502 4839 5383 4426 4885
2571 4864 6416 3727 4249 2356
2666 2627 2151 243 3685 3272
10990 2627 6299 2106 3057 5401 1903 3505 6063 2986 5420 2449 3502 1901 858 103 6117 3280 7 3509 2090 6788 4660 6105 190 5859 4041 6694 3541 2817 3669
8091 2108 765 5957 1419 5698
9171 2108 4742 3887 4377 4340
5923 2108 4351 2573 5401 4318
2970 2108 5993 1787
15826 5525 5732 5715 6188
5705 1260 452 5759 1575 5354 1883 2988 3204
9182 3278 4742 4462 3721 6138 2320
14619 4730 3609 4830 3203 5026 2258
6979 672 6211 741 1276
4239 2701 1172 3918 1895 5907 5664
2520 6832 6635 6291
4654 6086 2305 5903 5554 2632 5361
118 6902 362 799 4742 1535 3694 6080 3130 6036 103 935 1548 6509 4628 2123 6782
5843 6862 3919 5353 498 4168
2734 3587 6142 5142 1503 951 2733 6511
2115 6455 2349 6872 4683 5681
5243 6886 6469 2590 1535 4686 4165
13819 6886 2208 1992
12844 6886 4761 4777 1535 6530 3737 3829
4871 6886 1373 5515 2609 3905 6914 5114
10379 6886 2594 1133 5967 6021
2368 6886 5962 5111 1737 2988
4351 3239 573 3685 2514 4055 3607 4568 2216 4958
15839 4242 2803 3595 515 5204
3403 1473 4816 2168 4478
7026 6887 4910 5104 603 1074 4763
4862 3239 920 3182
17250 920 3707 5819 2873 6057
15199 6086 2010 1729 1559 1097 2940
2418 2159 3272 925 1766
14339 362 4202 5473 6248
16583 2169 91 2440 3727 4281 4048 4882 2855 5682 6232 3758 6743 4461 1781 813 4763
2732 4730 4777
18083 63 2453 3259
17264 1077 5008 1231
1946 1868 5868 3662 4022 5338 3999 3599
19279 2082 2809 3636 3775 826
1124 2082 4662 858 6359
13328 2082 2701 6628 4859 239 5604
948 2082 3738 338
2272 2082 2502 91 409 2636
7164 2082 2642 5162 4818
9718 2082 5442 4520 3 6061 3255
681 4291 1838 167 2957
1936 4291 4643 6352 3983 174 3727 6763 1479 5869 5725 2155 4621 5178 1475 5474
13300 4291 2354 1550 1150 4145 5204 4970
10544 4291 2294 3758 1405
12752 4291 1868 1598 3354
5492 4291 1772 1876 1459 1631 3239 810 3733 6436 452 956 2305 1559 4830 3467 4795 2077 3215 4994 1409 1211
2630 4291 3232 1723 3111 3922 2130 6746 6114
6380 4291 6121 659 4115 3239 3825 2871 3636 6594 899 5163
12834 4291 1110 4478 3674 6898
8795 4291 4466 4568 1976
13117 4291 1723 3569 5678 6963
6153 4291 4882 5168 5311 4405 3740 2013 6973 2049 76 4273 1717
6185 4291 3159 430 2508 2728 1864 6984 3619 5183 5204 6759 4981 6234 4510 1856 2685 4053 1799 6894 5632 3670
812 4291 905 4438 6340 5805 3237 1191 3288 6371 2813
9588 4291 6372 5514 4048
14502 4291 4704 3626 1703 3030 6083 2018
13669 4291 4839 339 5073 4897 5239
18668 4291 5276 281 3727 5825
18173 4291 6477 2296 4118 4342 5290 3351
11450 4291 6086 3561 5678
5382 4291 2502 959 780 7041 5783 334
14864 4291 4742 2294 2311 4331 5825 110 750 1405
5426 4291 2502 4940 7044 1913 351 5053
5916 4291 4699 1913 6762 6882 6630 5184
17556 4291 5187 3675 2026 2870 1458 536
13057 4291 1108 3366 703 4744 2050 6371 826
1006 4291 633 3232 4777 366 3403 2949 894 1088 4830 6397 6903 5412 5063
12847 4291 3049 805 2871 4156 303
10822 4291 4108 3217 1913 4903 1503 4611 610 6237
9271 4291 6095 3289 2620 5658 5678 2559 6907 1805 5649
15176 4291 2997 3314 6763 3737 4478 4348
19007 4291 4567 2986 935 2918 2586 2817 588
18315 4291 1672 5974 1682
12174 4291 4257 1304 5142 799
16837 4291 1850 2354 4134 3130 3902 92 5936 212 65 1167
2213 4291 1304 5558 5353 1603 6894
2744 4291 6183 4323 3385
18805 4291 3098 4102 3634 4855 122 6293
18897 4291 2689 7044 6436 351
5769 4291 1387 55 5011 2677
18800 4291 871 4761 6371 1413 4689
3568 4291 1289 3552 1556 3886 6630
14861 4291 2997 2744 5361 5002
17842 4291 293 1400 4148 203 4895
7766 4291 4161 1304 1203 676 3002 1804 3385
11508 4291 5108 164
13399 4291 5187 1519 3979 6614
17482 4291 2502 1749 3239 6721 3391 1886 995 5832 6145 4542
6080 4291 5108 3733 4855 2731 2975 3170
3216 4291 1913 3450 1306 2514 2439
7191 4291 2950 2730 2010 6195
1061 4291 2022 700 4332 4296 4440 6449
11079 4291 5108 3311 741
8344 4291 2194 4014 6915 2321 2147 3819 3911 6885 3300
18387 4291 6949 2308 1756 5098
13740 4291 3645 6371 331 1553 5855
7568 5616 5378
17589 3131 3851 3897 3218 5199 3213 675
7691 3131 6385 6941 493 1894 3193 1701 3746
13781 3131 871 5312 5912 6320 1804 2647 2670 956 2305 303 338 4728 844 1509 2059 3416 4057 5480
9725 3131 2276 6177 777
16877 3131 6915 4777 5732 2757 3727 1679 4924
8233 3131 6691 4885 4488 4354
8757 3262 4987 1679 5679 6573 3274 1179
9487 3262 871 1072 5078 4885 5735 1818 6984 6963 6520 2791
17760 3262 6324 4868 674 1504 3904 7047 3288 3383 1134 1588 6907 3193
10224 3262 2502 4719 4161 5850
2789 3262 3181 6204 5797 2777 3937 5444
10376 3262 1695 6527 833 1163 5476 3727 3319 4658 6568 3155 6135 3794 333
13223 3262 3239 6662
18304 1359 2497 5033 5199 1668 474
2140 1359 1950 1603
7690 1359 4361 3328 223
17933 1359 4156 920 2101 2480 2927 3349 575 3496
13579 1359 7012 156 923 4004
8079 1359 1913 954 933
14340 1359 2701 3129 6511
1293 1359 546 4730 1864 3012 2284
10964 1359 6286 5724 2197 6213
14198 3016 6188 2208 3147
17997 3975 1200 3020 5822 1418 4829 4837 3602 3782 2059 6208 1291 3404 723
6776 3975 362 3595 3632
16587 3975 4940 1738 5045
1 3975 4147 815 6315 3770 3729 3246
2207 3087 2634 799 2392 3301 3153
11358 3087 449 1188 3523 2311 5652 5063
15986 6324 3897 4910 6746 5041 6953
14528 6324 3587 4733 4736
7400 4257 2010 5373 5672
6219 4257 4188 6867 3356 4555
1910 4257 5046 4484 6523 5691
863 4257 5142 5108 4910 5904 6931 6746 5737 3707 2778
13792 4257 1524
11119 4257 5817 1316 6336 1052 5499
8077 4257 6902 1703 6878 3441 1258 3361 3491
7612 4257 6368 3733 4633 785 953 2176
17542 4257 6915 4855 4340 5908 1040 5610
15140 4257 5108 1535 6984 726 2323
17454 4257 337 422 849
4630 4257 4885 6546 4702 3147 5795
8796 4257 6691 576
12201 4257 4611 338 7007
3235 4257 1729 6548 5104
18134 4257 964 4392 2957
19002 4257 659 6546 4983
5770 4257 2701 80 6759
17324 4257 473 4758 6061 6044 1085 2791
3453 4182 4611 3234
13007 4182 1491 223 2457 1652 5101 4629 524 2860 5053 5555
348 4182 6352 6868 4164 5168 2488 5270
3454 6992 2758 5153
17984 5558 1072 4477 715
2886 2689 3814 2502 1304 5579 3587 4777 1911 411 2296 1882 2205 3372 6063 6380 3918 2968 5908 872 2459 2711 6261 5479 4846 4683 5725 4748 5985 2089 6828 623 6743 3665 2062 358 5184 3272 2685 5378 2453
13217 2689 3675 2814 920 3695
4237 2689 1711 920 2101 2158
12854 2689 6121 5459
15482 2689 2683 799 1971 2566 2498 1921 3602 5709 4005 3806 1149 940
11552 2689 2747 6458 3636 3288 203
3232 2689 339 611 307 5656 3636 3782 2441 1451
9188 2689 2634 338
1679 2689 871 2473 2502 2673 2010 141 3781 4148
11059 2689 1069 4020 2541 3574 5825
5607 2689 4094 2010 1088 7004
15160 2689 17 6436 2010 6984 3288 103 1589 2142 2592 481 814 5998
16710 2689 141 4968 4476 1342
14178 3650 785 4306 5633 4795 2307
10395 3650 4930 4309 2483 6947 6533 5027 1880 3906
916 5965 1400 2486 2660 4556
3170 5965 1245 3843 6972
5479 5965 1560 4903 4156 958 4393
13558 5965 5644 3385 6389 6080 4207 510
2512 5965 2160 5547 5204
390 5965 2590 17 6322
6793 5965 2248 4145 204 3393
2117 5965 5519 104 1681 211 6593
18488 5965 3316 4900 3949 203 1569 1071 2069
12540 5965 1966 567 237 4180 5174 4085
12988 5965 4969 3850 4830 1986
14365 5965 3038 2168 3755
7750 5965 2010 3289 1436 2597 5204
4017 5965 3038 1690
5178 5965 1157 6939 1605 1917
12093 5965 1015 869 4824 5131
13641 5965 6669 978 6514 3540 3234
11274 5965 501
13799 5965 1015 4384 424 4289 1418
5255 5965 2105 1225 6458
6337 5965 1930 5256 1704 3381
9204 5965 104 3514 2459 1588
13487 5965 2271 4467 2441 4440
2355 5965 3897 665 5184 6005
12141 5965 1631 1913 3425 6083
15054 5965 2203 6289 406
9722 5965 4289 6744 5737 2026 2405 2323 6027 6409
14568 5965 6380 4340 131
11347 5965 1111 2617 911 2023 1612 1589
14875 5965 4814 7029 5353 4970
18645 5965 6579 1264 2527 1494 5204 4970 6115
11687 5965 561 3587 6882 2818
5410 5965 2026 2852 6225 5178
13934 5965 909 4740 1427 3450 6882 3030 3741 5928
4613 5965 4050 2787 6329 2814 1166 3523 1119 2142 2514 3201
6507 5965 4859 6545
8944 5965 3429 3239 6034 5745 4239 5180 2912 5577 6894
967 5965 2160 1009 1166 2868 461
7944 5965 6168 1800 5979 603 6488
10501 5965 2459 6208 1149
15792 5965 5659 6930 1992 850
17159 5965 1800 5204 2544
12412 633 494 1221 6368 3439 4564 3385 3467 3129
5930 633 1698 153 6188 1407
3423 633 1072 3897 1041 4491 1707 2480
14270 633 3851 1749 6097 6682 2187
4904 633 3035 174 3365 3505 4284
15484 633 3479 6885 4704 6678 5316 672 2338 2441
14051 633 1015 5431 734
6269 633 5821 1181 2264 6793 4102 6672
13371 633 5529 2322 2839 4662 203
2540 633 5908 2022 2630 5909 792
4424 6579 2693 2315
12053 6579 871 6188 1682 700 642
18848 6579 2975 1231 6543 5172
11291 2745 518 2859 2809 4611 1325 4128 5487 6275 57
8397 2745 2747 5508 6676 4970
8195 2745 201 3326 2398 4145 5809 4493
13086 2745 91 4067 3211 1322
18473 2745 1504 2398 4970
3111 2745 4934 3265 1800 2900
5691 1533 909 5547
17783 1533 2992 1055
3433 1533 4188 1376 3129
6915 1533 2814 1936 389 6853 6108 2771
19157 717 3727 6341 2664
1429 717 3104 4722 6620 5168 5803
3093 717 6902 4558 4722 6925
7409 717 4611 752
12990 717 5312 3282 3979 352
10115 717 2932 3544
16242 2565 7042 2334
3883 6168 5354
18710 887 3356
14026 500 5108 6721 3391 6141
13051 5529 4830 3214 1760 4588
10927 5529 3098 1241 3404 850
5855 5529 293 1115 518 3677 5040 5735 6462 6964 5412 364
4593 5529 1134 50 3892
15871 5529 2151 2102 440 5954 5662 3272
1294 2052 1683 6721 3444 6609 6842
17483 5440 6315 4555 5795
13665 5440 6099 6763 4882 6878 1738
17178 5440 6335 3904 185 4299 4619 2135
3896 5440 3351 45 827 3762 6341
11800 5440 4161 4115 1344
15146 4521 2879 6631 1846 951 3430
10003 4521 2483 2143 6115
5891 4521 1419 4910 141 1241 298 6327
19276 3026 1950 3042 2066
16461 3026 4484 3983 6669 3710 3691 6282 3614 1310 767
178 3026 4742 3385 6816 4470 3406 3630 625 4998 5172 5444 853 213 2054 6439 1498
4601 5375 6902 4777 3983 1535 6063 4156 4611 3425 2980 3662 2062
16832 1304 1072 6313 5108 1365 3949
19059 2823 6885 5252 5350
6176 5824 1621 3444 3311
2889 6468 3791 4825
8632 6310 189 799 6589
4361 3854 2497 1799 4542 364
1886 3035 177 3717
913 3035 2172 1040 6878 5352 3237 5496 1924 6021 343
3092 3035 1698 1689 2883
9664 3035 2459 2541 1572 5547 3644 5184
9578 3035 4761 1519 3674
1820 1323 2757 2670 2025 338 4648 5197 2960 6681 2750 907 1558
16184 1323 352 3150 1458 2308
5039 1323 91 6652 2986 1575 3937 6694 6957
16658 1323 4050 3386 4426 3020
3231 871 6299 490 3983 4403 60 3594 2514 1458 2313
5835 871 518 6527 5508
3477 871 5286 2502 1304 2581 3356 5421 145 5563 6463 4478 3272 3829
5143 871 362 1888 1842 952
2842 871 5286 4721 6348
15584 871 3210 3030 4295 769
6954 871 1997 6545 4478
17059 871 2502 1229 6503 1213 1704 2735 6892 6701
8004 871 1749 4742 453 4018 5159 835 5378
12124 871 6915 4202 5837 2084 3626 4477 7008 6843 1709 6537 3902 4682 1241 2405 5880 331 5702 6545 203 4893 6272 6516 2208 5996 6594 2761 3674 4322 4609 1996 5641 4818
15672 871 200 2701 4242 4777 189 5031 3816 549 5343 3185 2227
9205 871 1304 4777 3733 3221
4322 871 1417 4777 4351 3454 1375
6135 871 669 5794 4380 6516
3036 871 6368 1969 2498 3644
3932 871 6915 3239 4564 2101 1766 6555
16728 871 1304 2372 2940 3483
13175 871 6383 5351
6991 871 707 1079 765 4446 4454 2023
4605 871 6640 4307 566
12118 871 2509 3128 5743 3311 463
4259 871 6109 665 2013 492 1375
11142 871 6455 2573 5560 3813 3356 903 5702 5044 6499 2441 967 6516
656 871 179 1385 6777 3645
5633 871 4351 6097
4939 871 1203 6789 815 3391 6568 4168
14592 871 3133 4161 5672 3906
4332 871 4777 2647 1110 2168
8376 871 1749 3897 2634 1489 5944 1645 4560
9954 871 4478 6288 426 1880 5028
13559 871 4777 411 4705
15720 871 5912 6086 5088 1062 1986 1682 5928 4671 3868
10708 871 4188 3952 3850 458 1535 1720 251 2779 2961 6697 6213 6396
13248 871 6095 6848 498 3413 2245 2464
6045 871 2827 446 1530 1727 6872 6530 3781 1588
9088 871 2349 1766
7814 871 5425 1535 6872 3456
7886 871 2147 6868 1823 6262 125
11601 871 6142 3428 6785 3727 6583 6877
2249 871 4188 1304 4830
18788 871 4384 3819 411 6333 6867 5088 1479 3181 4478 2139 3799 5444
11711 871 6252 4601 5261
15993 871 549 2684 4029
14664 871 6939 6030 1045 2203 2514
1133 871 1060 975 6044
14549 871 3819 4718 6499 4771 4717 1375 50
8761 871 2443 4777 1419 6368 958
6752 871 5995 1110 2940
4951 871 4671 4689 1821
8753 871 1166 5140 6700
18180 871 6368 4008
4760 871 6274 918 6392
17279 871 2747 2264 6055 6728 3406 6365 1548
17946 871 6313 5278 4955 2116 4968 829
7548 871 5353 6746 2766 1353
607 871 5817 4762
11780 871 659 1988 2541 6289
7585 871 1387 1535 3523 6878 4524
16544 871 3587 1596 763 1172
8883 871 2040 4946
8543 871 2321 5383 6188
10699 871 6469 6230 1088 5547 3406 1154 4071
5838 871 5817 2395 2647 1341 2208
15741 871 5409 332 1057 135
16537 871 3851 4758 1605 3901
6400 871 1079 1108 3727 5429
13105 871 1417 1072 2393 2980 605 3748
12406 871 3366 6171 4396 6555
13679 871 2151 1417 1304 2827 174 6458 2743 403 6098 3150
10063 871 4259 6618 3523 6762 2459 5515 3782 3737 3707
12272 871 2997 7020
8642 871 6310 6118 1472 3516 918 6878 3354 826
6235 871 978 5997 1786 3274
9244 871 2871 6850 2483
10341 871 1419 5143 6195 6939 2338
8982 871 4341 2118
16126 871 4898 6986 2748 239 5840 3416 4679
13711 871 4161 4699 4777 1847 5350 2731
4953 871 5400 1535 6673 1396
4331 871 7003 1559 4789 3147 2813 5795
17429 871 3869 1991 4154 2957 3246 4220
7184 871 1304 504 104 6505 3774 7007 1743 6048
13090 871 1188 6763 3215 2940
1923 871 1403 2980 2323
1483 871 1214 2311 5547 6842
12268 871 5956 6768 4611 1438 1996
9885 871 825 4611 6505 4478 5361
12110 871 2502 799 3850 3532 3902 1149 4478 1883 1169
17588 871 176 4810 2965 1434 6474
17974 871 6868 3479 5699 2574
2668 871 3098 713 2311 2101 5126
5478 871 6785 4454 2498 2870 203 4701 4370 6594
7926 871 3005 4564 5074 2372 2612
10768 871 5579 6006 1260 2205 1913 6680 569 2026 2209 229 2044 3272 5041
885 871 1913 3737 5727
12348 871 6915 3897 6246 5696 2791
485 871 2502 5579 2977 3427 1950 3227 666 5637 6436 3797 742 2035 1603 4507 6746 6942 5725 2203 4569 5788
6123 871 5579 1749 5794 6762 249
6246 871 4832 3730 6389 887
5785 871 1304 1503 5183 6568 1799
18013 871 1264 473 6629 2634 2195 4758 1088 1229 6531 4884 6520 2927
17699 871 3429 494 5087 5769
16873 871 3439 1371 5940 6257
4610 871 1304 1870 1419 152 911
5289 871 659 2074
16351 871 4373 4780 5336
6986 871 5558 5763 3636 2315 5378
16208 546 5877 4629 701 2405
8611 546 6086 2084 1123 6670
15853 546 1417 5936 6511 6559 2181 485
1992 546 2502 3239 1839 5104 1738 3215
3339 546 3133 459 4940 3408 1936 5073
12363 4188 3227 5597 4478
16038 4188 5815 5197 6126 6162 2170
6660 4188 2479 3675 5511 6721 6511 270
2345 4188 3133 5818 2618 408 5727 1701 3885
5199 4188 4227 5908 6311 5385
14939 4188 4161 4156 699
16778 4188 5234 6483
13741 4188 2502 1304 4050 4227 4470 3737 6511 6208
12938 4188 4777 3227 1378 3799
10070 4188 6640 3733 6785 1860 338 5515 3902 1581 2155 900 1407 2208 3246 4670
1712 4188 926 1804 62
18374 4188 1972 5090
3798 4188 4749 6469 91 2546 5219 2968
13754 4188 4777 4382 4754 920 1556 5104 4760 3288 1476 624
9919 4188 4626 3316 1108 3516 6323 5937 6568 4948 4211 3642 3260 1776 5803 599 6211 2628
11194 4188 1823 1405 3122 5060
9604 4188 3239 4599 5373 4564 4662
991 4188 1723 425 141 2421 6176 6285
6451 4188 2473 5579 3439 1847 3882 2980 4823
7129 4188 5688 4587 5962 5325 2980 2522
12874 4188 6119 1489 1913 6400 2832 2497 4112 6450 5461 5828 2307 3829
17034 4188 4214 3428 825 6898
6620 4188 2502 4242 2527 512 3727 3019 327 3319 2639 769
12791 4188 6915 5108 2666 3196 5869 5736 3288 2101 135 2562 6658 3029 6576
403 4188 293 2100 1878 2023 3354 4879 2630 525
2530 4188 809 567 3004 2863 255
13656 4188 2502 3239 2393 1073 5343 4758
18766 4188 4462 1864 2168 3491
2655 4188 4218 1954 1452
14516 4188 6832 5503 3356 5504 4322 5361 777 6555 612
663 4188 1304 4777 6145 960
10281 4188 1108 5252 6832 4559
524 4188 1061 4940 3979
10924 4188 1061 7017 362 2976 2121 2901 918
10295 4188 2502 4777 3634 1535
14466 4188 3853 4777 1882 2105 177 2372 5381 4938
1748 4188 5312 4856 3428
12746 4188 2728 2957 965
10094 4188 2502 28 1512 5108 4859 3516 3391 5204
4546 4188 3674 6600
4614 4188 3239 6095 5353 6195 4876 5168 3030 3398 3248 1272 5865 5878 4478
5850 4188 1148 5929
12571 4188 2502 6090 1240 5503 338
13629 4188 426 1880 5028 6512
9096 4188 1061 3126 6691 2100 383 4885 2843 1002
3722 4188 1015 1304 4050 4478
13518 4188 2395 5970 3862 4454 1795
18563 4188 2814 2839 3710 2503 2405
17641 4188 4384 110 4148
12279 4188 167
3585 4188 4050 1743
18244 4188 3356 1786 3392 4478 5114
13457 4761 2023 5725 6371 1206 5341 3755
16713 4761 2502 4777 7003 5104 4133 277 2940 6463
16771 4761 2827 2010 6746 536
17836 4761 749 6902 1304 1703 6371
14770 4761 2403 47 5178 5849 4880
3660 4761 1928 4476 4994 6559 2094
18686 4761 2583 2839 6882 2940
11222 4761 2683 2728 679 5581 3502 1603 486 3288 1676
2821 4761 1723 1419 3979 1141
7155 4761 7017 5986 2286
12720 4761 293 2502 63 3129 6511 3674
10372 4761 5353 125 6881
5798 4761 3983 3004 2940 5184
17415 4761 3902 4201 4063 2628
3298 4761 6299 2099 1075 679 4900 6419 3949 1366 4522 1050 1229 5393 2897 5309 4117 2263 5338 2903
1551 5079 2473 4934 210 383
4872 5079 3232 2473 2502 3429 3587 5276 2100 427 5401 307 6380 5111 2315 3441 5936
18365 5817 3239 4334 1473 4470 6275 1375 1553
8488 5817 6072 1679 2023 3201
9751 5817 4097 582 1305
14360 5817 2870 5338 3936
16828 5817 4777 5674 2050
5283 5817 2502 4161 1512 4777 4832 5785 6171 4418 2156
5825 5817 1491 5108 3439 2023
19339 5817 6902 761 905 1419 4742 3554 6086 3366 3060 4018 3942 6380 6227 2493 4837 3436 6746 3563 5880 2522 1575 1303
13222 5817 6418
13255 5817 1553 1302
1591 5817 3366 4825 6028 672 954
15415 5817 4161 146 5108 4758 2328 2574 5060
17358 5817 1203 5794 1535 1020 2870
4263 5817 5256 4948 4145 4155
2726 5817 5899 3595 766 6829 5105 5679 4762 2126 741 3755 5378 3868
3166 5817 3850 6203 4795 4853 6349 3459
18222 5817 5425 6840 5837 303 1963 6434 2669 582 6371 2483 5361 536 3876
15612 5817 5074 6063 3493
4551 5817 59 211 606
5967 5817 6868 2855 4192 2098 3147
1405 5817 6362 6931 2305 3904
16993 5817 5353 84 4367
13361 5817 2662 1500 3538 835 264
7890 5817 4450 2698 5387 316
16920 5817 5274 5748 185 2135
1772 5817 1915 4561 4202 4824 300 1729 5074 6442 4830 3338 47 5389 3889 4771 6808 3936
9089 5817 2502
14440 5817 3674 4279
4525 5817 91 5353 2084 3492 6188 954 3170 2514
17267 5817 4940 807 2413 5825 110 2203 4784 6326 5194
8806 5817 6902 4187 5030 1477 3196 5544 2199
14534 5817 4161 3239 6086 1166 2642 5111 1389 6017 3614 4298 6216
15950 5817 262 2770 6380 5908 6275
9869 5817 5514 6053 4382 6785 6102 6762 4156 5349 1676 5953 6594 4478 1640 5746 4980
7391 5817 2774 5804
17456 5817 165 4454 5825 2436
12495 5817 5903 4791 586 2237 681 3867 5474
16016 5817 4699 3339 6237
6450 5817 6336 4383 6665 3390 6290 1434 7004 6213 2927 1756
2688 5817 6119 6757
3022 5817 4777 4351 1041 6086 4931 4283
15674 5817 3511 2248 63 211
9784 5817 6784 6915 799 4564 2288 2871 5672
14179 5817 3982 3742 5353 4340
6549 5817 3850 2084 1018 4789 2089 1149 4557
1071 5817 1402 1304 1251 2172 1072 6313 494 1202 6112 2533 5869
7574 5817 4839 4327 6380 6525
16278 5817 4161 6915 666 6485 2659 2023
7754 5817 17 1535 488 6083 3630 3147 6134 6781 930
13503 5817 4355 5601 4929
4892 5817 167 4940 5290 706 249
8765 5817 6455 3239 4742 6336 1401 1434 507 5647 5172
4199 3194 1020 5104 566 6573 2940
6114 3194 3434 1377 4611 338 3030 180 6947
16958 3194 1895 1194
4408 3194 3239 2681 1005 2639
8339 945 2330 278 5837 338 2574 6126 3318
15066 1203 5129 6568 5656 610 3190 5985 6291 5555
256 5374 2927 5171
18592 3221 1636 5459 2051
14724 4161 5310 237
1612 1913 4201 5679
2228 1028 2940 1134
4554 1847 5004 6401 2855 4625 6530 3737 1781
11169 2502 4267 4587 5353 153 6709 6511
15416 1858 1770 6273 6925 6285 5914
18586 86 6788 4660 3744
14108 1203 6589 5074 5810 5168 4760 4148 6709 5178 2858
12106 1079 5558
2361 639 5350 3356
7012 799 1561 1163 6433 5113 4876
1219 5195 3599
17949 4108 1609 4221 545 2870 736 5804 4177 2858
13426 2634 3626 2761 1647
10587 6902
6930 7029 1445 1192
17308 2502 2151 1787 610 6882 6746 3356 6557 3630 2143 1464
18318 7009 1729 3626 6063 7003 6058 6171 5420 3493 4682 4905 6114 399 890 3638 2866 1542 2101 792 850
7096 6902 3788 2007 1611 2888
528 2581 6102 6763 3356
19300 5187 6368 726 2439
18149 3587 2161 1535 3260
3968 2192 4564 5763 2871 4816 2023 4931
6813 2927 850 4170
3980 4460 5373 2451 5488 2498
7600 1964 2677 814
4132 3587 422 164 3813 3781 6511 5189 5114
6436 1203 4543 4929
7957 1512 3979 6984 3356
17063 809 494 7042 2026 2759
18155 5449 1761
1076 5048 3445 905 1110 5341
7863 2502 4777 1864 164
39 7003 2305 3557 924 5800
930 6166 6613 6463 6963
17334 4626 2980 1637
6232 2583 395 3626 4611 6746 6154
12610 2701 210 1930 3595 2002 162
14643 4567 339 4758 4651
17122 6299 6784 3156 2569 3552 3690
9323 1868 4777 5323 6785 4175 5232 954 5308
1012 4835 5995 6640 6880 5040 4216 632 3809 164 2770 5074 6503 5350 680 1514 3716 3737 2961 4380 1575 6918
3195 5525 2617 5878 3259
3467 1868 6915 2565 3704 1529
14371 6455 6902 4777 2871 1655
10380 4777 162
11753 3727 6762 5838
7208 5558 4351 5146 6945 1948 5566 4224
19135 5753 2957 335
7723 146 3614 772 4774
3913 2701 984 2860 6593
12111 6785 2996 6882 5255
13937 3104 2128 3299 498
17443 6372 6868 498 5833
6290 6372 1876 4590 1882 4564 918 900
3906 230 2270 513 2860 1575 6216 4949
14402 230 6328 6566 3428 3271 2980 2239 2866
5224 230 3595 820 954 3114
7251 230 3126 4913
7352 5286 5107 1367 6380 3966
10396 5286 4687 4682 4478 3193
3270 5286 6309 2863
14457 5286 2473 6915 4154
17230 5286 3564 5837 4662 3480 2405 6981 6474 328 6488 6756 2474 461
18137 5286 5353 1791
1425 5286 3239 4202 2192 5719 4722 6648 4564 3505 1202 3918 2413 2980 6514 2383 3213 4190 3147 6165 2297 6409
5715 5286 1459 6403 6868 5580 164 6287
10459 5286 5142 1489 1808 6870 4148 3961
1139 5286 4777 5074 4575
11260 5286 4435 445 494 897 1611 4141 4758 6246 4805 6539 60 5349 3461
9515 5286 3360 3218 927 6504 3441
12991 5286 1072 5679 750 6395
16491 5286 2583 920 5622
10936 5286 3278 1872 4235 3260 2044
3379 5286 4047 6919
7167 5286 2502 1535 1807 6208
10330 5286 6759 5804
4591 5286 3239 2390 4722 6931 6721 1403 6225
12686 5286 17 6511 6089 6828
15006 5286 6902 2172 6885 4070 149 6746 4597 1447
3169 5286 6692 2774 4084
12349 5286 2395 5353 1550 3385
6187 5286 4234 35 1631 4599 5945 281 4855 3870 3685 6584 6143
14463 5286 2151 6095 6721 5270 2980 3272
3687 5286 3239 943 6530
6382 5286 6915 4777 3332 6644
12661 5286 5048 6692 4777 6095 5168 1655 6746 4454 2927
11015 5286 2169 6915 4467 5633 5997 3737 5901 2935 577 5289
7586 5286 5579 504 3764 5580 3727
7292 5286 6455 905 1400 799 2728 4317 1517 2138 3142
15158 5286 4738 1491 6129 189 4090
12620 5286 6653
14109 5286 1915 1491 4476
2701 5286 2502 1304 2879 1535 3759 279
17431 5286 6902 1904 1886 6583 3959
4329 5286 2502 3429 290 1550 4830 5563
6533 5286 6551 5956 1374 172 1372 77
2808 5286 2169 990 5108 1245 2753 4025 4462 4461
9777 5286 4234 2064 6034 616 934
19206 5286 5732 1535 3942
475 5286 6868 4426 3017 3201
8476 5286 6868 764 104 6885 6785 1535 1617 4467 3626 6383 2790 3619 3181 486 2498 6291 3150
17487 5286 1930 4956 5805
16138 5286 59 2498 6511 5758
6321 5286 5514 2827 6436 3327 4837 3745 4893
16922 5286 4832 6380 2980 3356 1032 2146
2480 5286 1698 6506 3620
16408 5286 6086 1228 977
2651 5286 5353 4846
14735 5286 4101 3509 5859 2123 404 3541 5231 447 6957 2817 3859
1787 5286 3329 514 1031 2104
7320 5286 3952 4226 5985
7865 5286 3239 2951 6436 4997 6763 5311 3341 6473
1416 5286 4558 2709 4617
14119 5286 6465 5353 141 3781 4542 5029
9300 5286 6589 5794 1062
17529 5286 6848 3737
7317 5286 4681 2839 1903 338 2405
7879 5286 1072 6868 698 153 586 1901 3905 1895 6743 2208 2361 689
10758 5286 6044 6892 5362
7598 2950 3554 4491 4210
14637 2950 5886 1913 6195 951 2980
10123 2950 4950 4777 5108 3742 7003 1450
12374 2950 200 4906
12240 2950 6589 6763 6567 784
4402 2950 1384 6023 4467 2130 854 101 3342
10495 2950 2169 1245 4907
3459 2950 5268 6412 4116 4876
2126 2950 6185 3439 1390 5617 2983 2274 6583 7013
3955 293 4730 2089 212 3070
7459 293 6620 3626 3748
11343 293 104 549 1070 3899 741 1841
14618 293 445 1749 6956 4900 549 3128
10469 293 5011 3536 3826 1701
4506 293 6980 911 2651 5710 3344 5163 1212
4226 293 4966 1304 4777 1535 3979 3430 4682 5153
7145 293 6210 6511 2927
15057 293 211 6192 1481 1447
5204 293 179 1868 5597 4564 5350
9542 293 494 2481 3425 3862 2731 3572
9140 293 1472 6546 2451 6314 3125 3670
18209 293 932 4839 430 2314 1888 4227 3259 1209
16274 293 4161 35 3179 4728 652 4370 4190 1395 5184
8403 293 2237 4507 5012 3009 2323 1650
16780 293 6469 3279 1373 6762 5486 3614 2239 4019 6968
9480 293 4777 894 4830 1727
11197 293 4777 300 1535 4773 1886 5350 5633 212 5797
10513 293 1954 6868 3408 663 3969
2768 293 6172 1110 1056
18177 293 1479 2239 333
1201 293 1838 1479
17922 293 3476 3523 6984 3606
13745 293 5504 935 4663 2123
15669 293 5732 1899 2 4662 2620 2541 5225 6213 6788
4895 293 4421 1624 902 7042
11584 293 4590 5936 2935 1447
14037 293 1512 1798 6777 3614 4077 3572 6701 2674
8461 293 2527 4400 1458
4231 4435 2239 3540 3707 5033 3599 4958
18954 4435 4680 2701 6915 3104 3675 2106 5373 47 844 6520 4671 5285
14917 3814 3902 3293 6804 966
7670 3814 1517 6388 5242 6519
14554 3814 424 3733 3186 4156
13107 3814 879 3150 1458 2308 2453
16714 3814 362 3742 2023 5788 4478
12826 3814 6902 3227 3283 4816 4112
12329 3814 2827 2075 2639 3362
19218 3814 1417 2583 649
7469 3814 2264 2074 1530 5429 4673
4348 3814 6292 4646 1703 1052 4022 3966 4478
6594 3814 3852 3057 338 2677 4762
8797 3814 4198 484 1389 524 6161 358 4729
7556 3814 6233 5078 2461 665 3966 1856 6021
6021 3814 3271 3693 662 4879
17766 3814 786 4940 4477 2074 5563
10585 3814 6915 1850 4108 4815 6323 924 6235 6371 1405 1058
784 3814 6915 4462 2901
12097 6455 4699 4777 815 1873 1535
7788 6455 809 3429 497 3660 6568 2980
10316 6455 2647 784 3030
12924 6455 4671 4943 5649 6489 2557
19284 6455 810 5179 2086
248 6455 1133 114 4101 3247 2445 5444 5826 3189 6157 266 3746 5861 1739 2680 6495
4954 6455 1886 5682
7980 6455 2701 3494 2879 2617 5945 4846 6673
3499 6455 6352 7020 6407 4148 235
5518 6455 945 4267 6551 5104 6511 5728
8187 6455 3624 2325 5353 279 4211 1224 1440 4757 1409 6130
7294 6455 4626 2960 644 1929
15599 6455 6124 3247 6312
3518 6455 1791 2980 2023 2239 3521 5504 3804 5327 1133 6044 3433 4296 5471 4285 4530 2445 5172 4663 3083 6639 6439 1498 6495
2353 6455 2508 6310 4426 1556 3169 4816 3114 1231 40 4170
3044 6455 91 2721 1419 6823 1322 4394 1791 1556 6036 4431 6578 5504 1575 6124 935 53 2918 5471 550 2470 3712
14862 6455 2151 91 1489 1986 5901 1481 2181 3083
1661 6455 2502 6640 6568 4148 2208
4284 6455 164 2574 1676 2101
10932 6455 6915 5667 3564 483
24 6455 1015 6469 2879 951
640 6455 1868 422 4514 5088 6635 3899 5841 1776 203 1895 5178 3592 6141 88 1252
13148 6455 6878 6645
18068 6455 2879 5522 1535 2980
8396 6455 4234 1459 2264 353
3859 6455 6380 6972 6147 5887
6674 6455 5821 6878 6371 4929 2073 3746
6906 6455 3278 6210 6915 93 1803 6203 4816 3398 399
9316 6455 2675 5163 5172
11313 6492 1575 3147 2137 2154 4998 6509 6312 3347
8063 6492 6119 4742 4885 384 3692 2628
1934 6492 4662 6984 844 2155
17229 6492 5995 5408 3824 2541 4168 331 4954 5027
2046 314 809 2100 1970 4913 3713 2980
17129 2388 1304 6034 6546 6984 1559 1097 6473
2334 2388 1698 6655 3897 4341 665 6777 3319 3536 5850 5675 839 4848
14296 2388 4334 2700 4477 857
12203 2388 6915 2509 2617 5152 191 3337 1927 6391
13717 2388 669 5648 493 5088 742 5921 5488 2744 2323 4703 6594 5758 2464 3829 883 3259 3501 322
1081 2388 1491 2057 2100 799 2205 3721 6505 4930 5563 3707 4461
1215 1772 1204 91 6485 2413 3737
7484 1772 285 6232 2483 2961
11189 1772 4215 5360 4297 1197 720 4937
4142 1772 5152 514 2413 6511
17214 1772 565 2047 110 4543
4586 1772 1015 3636 5649
871 1772 3419 6785 5581 6079
6957 1772 2068 600 4154 4619
4801 1772 4659 80 2574 5350
13818 1772 5048 2395 2497 6808 6447
9430 1772 2502 799 1676
5642 1772 6133 1849 1233 402
6987 1772 4940 2393 3741 4957 2348 3601
9402 1772 1200 3536 5649
7377 1015 618 4056 911 4496 3632
15756 1015 3929 2832 5168
16596 1015 1111 2583 4522 3150 1458 5378
11304 1015 740 1559 2980 3480 1241 5516 5898
14080 1015 339 1288 6230 1229
13258 1015 3385 1621 876 6191 3504
8172 1015 1203 4355 3938 6463
10660 1015 3226 281 2983 4477 4166 3310
14410 1015 5912 3215 249
18669 1015 6297 1472 4421 4154 5283
8288 1015 3834 6215 6203 4984
12166 1015 2194 1596 5248 1148 6380 4846 1149 2424
8869 1015 5563 1682
19013 1015 5883 446 2996 584 6882
4431 1015 4861 918 5000 2208
2502 1015 3721 2130 1407
4340 1015 4940 5312 6086 249 2135
14601 1015 1868 4590 741 2778
14263 1015 707 5553
982 1015 1621 2348
15841 1015 2473 6168 1459 59
10529 1015 4940 7029 5822 4123 5508 6922 6463
17897 1015 223 1436 3961 5545 6610 6021
7841 1015 1723 5566
4790 1015 4199 2951 6320 4460 2727 3576 338 498 57 3632
10166 1015 4161 5579 799 918
4533 1015 4263 2083 1429 5936 3743 203 2208 6291 6519
6755 1015 4194 4281 4028
8851 2479 1166 4744 4981
9980 4738 5773 6255 6775 2135
1211 4738 4235 400 6505 6188 1777
14505 4738 2502 5633 1931 1856 6600
4910 4738 973 2527 422 5648 1241
6274 1695 3897 665 4210
7178 1695 4898 1264 1738 6135
4047 1695 2322 3410 2459
9521 1695 4626 2476 4882 2202
9025 5883 6119 1288 3283
12749 5883 4859 4937
1261 5883 1930 2106 3516 3153 2561 2544 4619
18726 4361 3494 6119 4235 40
7587 4361 2814 2912 4075 1438 2740 5184 4639 5347
10929 4361 4900 4118 366 3740 4929
1955 4361 2879 6491 3427 1053 4215 278 3346 3824 6405 5168 4803 4760 6545
8490 4361 2977 4699 61 3523
4412 4361 1365 4264 45 2023
12931 1431 1493 5744 5904 6057
3112 1431 1838 3600 1556 5090 2957 5025 4221 4463 1133 3272 5178 2927 6141 1832 5795 6778 4937 5370 2439 4628 6639 2680 1975
1654 1431 5489 3595 3576 1373 3868
18471 1431 3038 1723 1378 899 1291
10357 1431 433 203 6417 738
8756 1431 4708 6145 1085
3695 1431 5579 6915 7021 6265
19350 1431 2248 3595 2047 5563
2372 1431 2117 1269 2957
2402 1431 2757 600 3030 3361
9967 1431 2169 6744 1913 6505 5547 6463
11470 1431 1157 2508 5947 3523 2459 5336
17619 267 2693 6984 5748
11791 267 1378 601 4876 4624
17196 6862 4496 2483 1182 1012
9134 6862 4156 2026 6371 6499 1542 1710
10190 6862 4263 2514 3674
15121 6862 1801 6915 3979 6568 2529 4795 4593 592 2142 2101
9794 6862 6077 5643
13944 6862 5743 3390 828 2691 624
10169 6862 5108 4825 6721 3676 2574 4789 2355
2184 6862 4467 5629 2767 50
10274 7009 1636
6310 4855 886 3619 2975
18550 2885 1767 4387 104 1229
16755 3159 6885 3079 6222 3430 4682 6490
8301 3159 2502 5323 2457 455 4166 1164 3354 5928
15560 3159 1626 4611 4481
17189 3159 6915 4235 833 2459 1247 5936 792 3799 426 4980 5147 6638
9764 3159 6915 431 3803 3644 5642
2695 4835 4383 6843 6746 5804
15715 4835 4611 3074 6568 1947
15379 4835 4777 3822 3968
8535 4835 4242 3386 5033
14689 5120 859 2634 3797 5908
13593 5120 4719 337 702 6287 886
5083 5120 168 4575 1842 828
18510 5120 6469 3783 5461 3433 2470 6788 6694
1542 5120 5214 2195 5999 5633 5725 2022 5563 2285 1071
5995 5120 1491 2106 4235 4659 4427
15330 3517 5408 3321 6931 3659 4177 4143
11821 3517 4643 167 2010 6274
14120 3517 790 5278 1930 4881
12386 3517 3232 189 3543 4235 1472 1445 6269 2681 2023 3645 2762 3291 6138
19032 3517 1723 1872 1808 6505
19296 809 5688 920 3536 3260 3336 6463 4396 3784
11901 809 964 6442 6583
6350 809 6605 542 2483 6743
4165 809 91 6864 6063 4611
970 809 1417 53 88 3846
12064 809 825 665 6511 1760
16153 809 5535 3829 2761
12439 809 2502 2057 2191 2100 1903 5979 6022
14338 809 2527 6491 4777 104 1503 7004 536
14928 809 6385 909 665 128 5795
13649 809 3952 799 6923 5088 6063 3117 1464 6600 850
10780 809 6618 45 203 6147
13095 809 452 3824 1634 1708 1575 1676 5798 3447
6627 809 6369 5664 5444 1793
12031 809 1061 6785 6380 2498 5985 804
391 809 2322 1491 708 4825 887 4682
17892 809 5091 5633 5725 1895 3755
16817 809 3644
15606 809 713 1559
7462 809 5942 1557 4168 6186
13469 809 6640 362 6868 307 5073 6195 3737 1895 4190
16405 809 2502 4564 5259 5985 5225
5489 809 1489 1823 65
18085 809 978 5658 1101
1190 809 4507 3966 6972 5200 5697
1258 2893 2325 3418 3392
2155 2893 1283 3057 2305 4611 2632 241
10919 2893 2166 4777 5612 1723 4323 1535 4855 6698 6645
18184 2893 5739 2834 1818 5872
5726 2893 6975 797 4705 3538
6731 2893 5688 4777 3626 4830 3356 2446 553 5800 5882
10446 2893 2825 2790 978 3299 2811
7855 2893 3614 5516 4981
2305 2893 5383 2007 164 203 5361 2341
17713 2713 5048 4238 2418 5353 4097 4611 6171 2659 4211 2595 5703 5027
3934 2713 4611 581 3685
14723 2713 2473 4210 5930
7571 2713 5579 2155
9667 2713 1749 1299 2174 3147 1451
13494 2713 3133 6310 6631 7009 2604 5729 5583
6130 2713 411 6785 4901 4635 5159 1610
2271 2713 152 1928 2814 1537 5880 792
5786 3186 3811
14139 3785 2129 3334 3052 2406 5414 5979
16978 3785 4789 6325 804 5584
6736 3785 4462 3385 725 6545 1067 1413 6999
3626 6857 430 3476 368 4416
12488 3730 956 3794 6126 2405
12276 4161 6868 4928 141 2839 2451 6763 5563 2371
19113 1490 1621 1714 826
3793 6310 5104
12918 3419 6980 4210 6578
2964 3419 3597 2625
14001 3419 4910 5581 235 3607 789 3937
6252 6164 4859 166 1300
11625 6164 5850 6812 5469 4588
14138 6164 3363 6876 6109 4462
15450 6121 3112 6468 6551 2728 3121 2700 4754 5353 1519 2770 4662 4383 4830 3377 4791 5350 4489 2323 6098 4671
5577 6121 6086 1958
6416 6121 799 4463 4423 1275
14105 6121 6095 3742 2413 6211 5001 4892
8127 6121 2502 6785 1679 63 2026
4210 6121 1559 229 4981 5647 6509
3668 6121 855 3341 5930 3972 5348
3664 4971 2169 4384 6902 6915 2785 1709 6635 2789
2861 4971 2583 3870 327 4171 1577
6323 2233 3326 573 1955 6435 2750
16358 2233 2590 1823 3782
6992 2233 285 500 4425 5794 3327 4467
11987 6385 6233 3372 6206 2455
13310 6385 6640 4050 653 3436
4135 6760 5142 2722 2291
16354 659 1870 2634 799 5032
16285 4910 4564 4211 2023 1776
18459 3019 1393 1895 879 2761
11190 2169 179 5353 7003 6511 879
2276 3232 4758 2209 4399 4148
13922 2117 3239 1504 1436
15345 6458 2155 3404
18837 3038 1559 2731 3288 6951 6322 2940 4992
10882 7003 5458 1895 4673 2940 3755
10770 2169 2980 978 4148 1575 4537 6011 4285
11714 2169 395 3019 5033 5009
3548 2169 210 5353 1373 3385 6545 2323 5672 6925 3674 2333 1302 6509 4494 2674
6807 2169 2296 3385 2980
6485 2169 3769 6613 5226 2328 3902 575
12814 2169 4044 6412 1532
366 2169 2476 4202 5353 63 2695 6594 2514 5378
6205 2169 2583 1987 364
15319 2169 5744 760 1754 3683 3523
9413 2169 4226 1415 6984 5126
12025 2169 2264 6868 2007
17597 2169 2906 3271 2770 3865 5547 1917
2567 2169 3020 4876 211 5936
9776 2169 446 5501 1110 4248 3746
8890 2169 3911 3837 3532
13660 2169 3279 6171 6114
6825 2169 3853 3497 1156 328
15505 2169 4460 5259 5581 581 939 5521 5798 1898
10250 2169 3386 494 3850 68 4048 4151 2927
15257 2169 2975 1236 3755 804
4102 2169 945 91 2117 1535 5353 5401 4544
18050 2169 7017 4267 338 2452
18600 2169 5489 2205 1738 3649
296 2169 4775 4340 1732 6594 4510 2685 2137
2095 2169 3278 1503 6402 2199
12658 2169 1381 2159 2244
17260 2169 6987 5316 1393
10930 2169 3439 5168 2203 5378
3109 2169 3361 5691 6913 4458
17146 4179 3851 4148
15597 4179 3554 4067 2007 2986 4207 3509 4420 6190
15241 4179 5944 3523 6763 3737 6881
2834 4179 5481 1030 2370 1723 943 3523 1621 3602 3310 1197 6701
18822 6133 5108 6931 3904 3737 1475
2804 6133 6665 2980 7007
332 3554 1401 3114 4380
3294 4227 5270 3902 1883
1729 905 5323 3439 6505 161 1760
9822 6868 337 2594 2238 2487 360 4411 1583
17226 4742 211 6882 4846 3356 3257 2101
6233 4426 2253 5353 4156 3492
19121 3360 3319 6746 241 4670
15971 945 799 665 3356
18442 4590 2757 4512 3439
1637 1550 6583
2523 6721 2842 655 5869 5261
4264 3232 1489 6249 2638
16315 2270 920 2026 5496 6098
9104 4590 799 1260 6583 175
6281 2469 5252 1609
16863 2469 1260 5353 827 3356 6875
16269 5323 3221 3064 3737
17115 2473 1489 1260 6931 5950 2342
11926 694 3010 5348
13480 3416 5144
4919 3624 2026
420 465 91 4564 950 2023 1249 2739
18281 465 2246 4073 4747 589
7157 6345 2354 2814 6744 3869 5728 3404
7325 6345 1405
1913 6345 2642 65
6673 5579 3126 3983 2712 2980
11417 2084 5420 4533 672
10886 452 5003 4611 2405
5399 4680 1378 3620 4832 794 4989 3019 4555 6499 6291
11139 5448 4026 6721
277 2113 6589 639 2538 4705 5840 6584
5198 2757 391 6511
6055 3908 943 103 2786
11302 3908 1645 4902 3536
19442 2270 1868 4108 2115 6400 4211 3613
15263 2270 6299 2305 1389 45 1534 2632
5746 2270 3824 5601 71
12290 2270 5108 884 2764 4221
11548 2270 2395 4605 3336 2118
8773 4749 1989 4017
14990 2974 6868 3850 5353 1449 6511 2774 1883 6165
11546 2974 432 5936
8386 2974 3587 2859
13122 2974 3633 2015 3083
5771 3851 1868 6214 3824 856 6505
13445 3851 2100 2230 5353 2647 452 2834 2305 2980 978 5623
18523 3851 2129 639 5298 1088 2957
1442 3851 3366 1596 3796 3899 6108
7674 3851 2403 799 3186 1995 6568 2632 5804 1553 3491 2045
18758 3851 11 3019 2957 5661 2940
8912 3851 5129 2395 5152 2230 820 5691
3761 3851 4730 5353 6546 3391 2523 6583 79 4224 2333
10921 3851 2701 1858 6152 4704 2677 103
12997 3851 338 3354 2512 6511
724 3851 2160 4777 3675 4491
746 3851 6902 4227 6392 2957 3356 5303 5700
1599 3851 849 4477 4444 5291
15732 3851 6491 1521 210 7014 844 45
10569 3851 5185 4023 604 4555 6257 2978
15724 3851 5401 4227 2488 4592
17410 3851 5048 2701 411 3721 6537 619 1898 1608 2292
12919 3851 6210 3226 6915 665 140
18512 3851 4426 6034 1872 1970 5166 2022 3272 2766
13332 3851 4705
13793 3851 3439 432
9983 3851 164 4662 2903
13207 3851 6721 5316 5350 3356 2522 2632
8799 3851 3118 1452 6882 6671
7047 3851 6868 1864 4383 5908 2960
17081 3851 1491 3919 978
9986 3851 1491 4832 3574 1676
11065 3851 6309 3724 4854 4712 162
4570 3851 1110 2927 5029
15447 3851 2502 339 2620 3399
8326 3851 482 2025 6843
8970 3851 6171 47 6930 2654
3074 3851 2999 876 1483
15968 3851 3870 5804 5171 5361 5505
15446 3851 697 992 5667 189
15765 3851 362 6868 1306 3299
865 3851 5353 998 887 3781
9473 3851 4814 6868 5031 4148 5563
17547 6921 2634 2980 4219
18804 6921 830 4777 6605 799 3733 760 1020 3391 6852 2236
12711 6921 168 1592 3769 1649
5907 6921 5408 3345 6435 324
2989 6921 1864 4836 5354 2137 3705 1701 1194
16546 6921 4542 2137
13233 6868 5353 5041
670 6227 6371 1134
16919 3279 6086 1991 6534 1151 4718 2026 1434
7909 2088 3713 622 3256
1876 6020 1720 6608 121
17578 4913 6763 2236 3737
12506 5688 1489 1729 6018 6680 6681 6158 4763
1644 5688 6605 5232 5104 3169 6568
14644 5688 1325 924 2750
15806 5688 4384 1079 5268 1491
13680 5688 4223 6631 3960 2462 542
15832 5688 3429 4161 6746
8864 5688 3060 2823 5353 1207 6762 3803 3356 2561 1434 3201
1078 5688 752 2143
9669 5688 91 2659 4837 6746 5178 5819
3165 5688 2992 978 4148 4277 2909 2858
1385 3331 1808 4148 3274 5474 5015
10480 152 6726 3536 172 2208
1278 5048 63 6442 6746 4994 4762
7269 141 6810 3784
6016 5995 279 3867 1768
12593 2473 91 5579 1730 2957
932 28 91 3626 3813 1776
2873 6505 403 3999
17976 2345 713 2992 706
18223 4699 3227 1260 11 5353 3626 1556 2389 2957 175 4148 3961 6743 1409 6141
8604 4426 2951 1427 4657
2616 2115 6511 1057 6176 6828 2137 270
1962 3819 4699 2397 4868 4477 6067
18905 4742 5861 930 404
8177 3183 3587 3403 5204 6145
11591 1913 894 1724 6763 2779
2675 4454 1637 2585 4701 1002
7759 4216 1377 4855 4411 1758
10634 3133 2622 2405 5053 6143 2688 5063
5174 6076
5356 6412 104 6867 3727 5936 5563
10862 1030 6491 3727 3865
598 1915 2057 4061 2777
3986 1915 2057 277 5189 652 881 6022
2819 1915 5823 6505 4879
6393 1915 5048 5821 5278 5353 4682 5033 5212 2119 5819 6896
5458 1915 5078 6113 6229 2323
7388 1915 1870 2992 5928
1387 1490 964 2814 6336 3882 1503 6619 4454 6083 5389 2155
1101 4898 4626 2925 458 2238 5420 5477 2759 1444
2336 4898 6915 3123 4665 5668
1126 4898 6313 2099 2711 2873
14484 4898 5579 4730 164 4467 3829
19033 4898 1930 5945 93 3694 2594 2871 5104 2023 3645 3792 4664 2975 399 3191 3176 2441 736 6820 5266 3201 2532
230 4898 4758 4926 2761
19344 4620 2508 5108 6416 1709 3023 2818
16944 4620 452 3865 3306
14471 398 707 4234 3156
3058 6507 2581 2594 4982 894
16234 6507 2502 3983 5252 1781
11966 707 6902 3823 4341 4649
16281 707 3133 1419 6951 2870
15392 707 4976 2590 3693 6882 5518 4823 4759
7495 707 6902 4777
4141 707 5278 5839 5152 577
15034 707 179 362 164 6305
8039 707 6902 4490 6155
17069 707 2833 3274 457
16838 707 3227 5142 2870 3674 5348
7672 707 2502 2084 3030 5997 1481 3272
3575 707 4777 6635 1638 1553
9384 707 3038 6915 5408 1472 5904 6635
8022 707 1532 3850 2975 6499 6889 6321
14216 707 1203 1260 2084 3391 4156 2269 4148 6499
3027 707 5453 3129 1052 1584
4400 707 5579 4235
18783 707 6902 4777 3227 3179 1535 3237 5850
2709 707 5146 6578
177 707 749 2473 682
7696 707 3094 407 6446
13188 707 4730 6205 6195 6948 4335 5928 6446
19068 707 3227 5600 3206 6820
16170 707 6606 2811 3110 6756 2341 5446 4602
1111 4044 2502 4161 1535
7819 1868 4164 1229 1159 4367
15334 5915 4742 3366 639 4633 2670 2614 3763 4803 4948 2507
13009 4777 3391
8661 6915 4777 7003 6746 2731 5577 3114
7622 2502 6469 5646 4351 473 104 166
3899 1582 4705 1637 358
8744 6426 810 1299 5232 6154 4211 4683 5349 3674
7616 2617 1703
1367 4777 3227 2328 2574 7047 3190
1884 4699 92
1893 6902 4161 959 859
15947 6902 1304 1072 1703 1709 4148 331 3871 1553
7498 1535 452 918
19141 4777 1503 1886 5350
672 5408 969 607 2336 4949 118
11036 6902 4658 6746 5146 4168 50
17682 6902 2502 4845 3458
5685 5449 6931 4659 5463 6925 2532
15473 5353 1040 1776 2870
2291 4384 1304 494 5744
16639 5055 2583 3089 5247
9337 2879 1088 904
13200 1229 2715
19278 6436 6188 6065
6082 6168 3020 1535 4156 2743
13695 1088 5350 3737 3630
12190 4384 5048 2403 6052 789 4165
16486 4164 5501 4611 338 3444 3599 1199 1074 5490
14882 3595 2871 1300 5115
7900 2879 4221
8928 1849 5408 4742 5423 2022 2062 1548
18825 2502 2100 799 6923 4722 5104 6114 4221
497 5048 1489 2980 3354 4148 4701 2858
18646 4777 3227 4341 129
2764 4777 2289 1473 3391 4846 1395
11488 91 810 7003 4383 5206 338 2051
6424 6902 4777 2668 6371
16246 2502 1312 4758 6984 6870 261 133 2441 1391 1781
2631 5048 930
18075 3210 3850 3178 106 3147 850
3667 4115 1283 4564 5168 2026 6673 969 162 5178 5898 3920 6509
2292 4940 2814 2809 3462 6671
5596 4384 2581 4758 1818 4903 5827
15534 4384 5265 4497 2871 6878 4454 4151 4148 54
9079 4384 2502 4758 3813 2574
653 4384 6843 338 1056 2528 2975 5504
13257 4384 5408 2323 1085
16511 4384 4215 5435 6931 3030 2023 5985 5828 1812
4622 4384 749 3133 1144 3798 5044 3147
906 4384 3232 2502 4567 1794 4758 3169 4138
3392 4384 4918 2560 1158 4423 5063 2355
10013 4384 3232 3850 2770 1148 2565
18292 4384 4284 241
10908 4384 4777 799 1088 1638
10288 4384 2634 6086 2332
1797 4384 6721 2312 1212
9675 4384 4719 4777 1989 7002 955
11740 4384 2879 3791 2538 1438
9075 4384 5732 679 4235 5350 5880 5909
9394 4384 4699 5108 4558 6368 2013 4168
1045 4384 6902 5152 5350
10364 4384 4341 6746 1434 3905
3389 4384 6902 5282 6868 411 1419 2617 6329 1839 1655 2957 6028 6322
14023 4384 5108 1535 4148 2532
13958 4384 3429 4558 1626 4377 4633 4284 4491 2026
1916 4384 6902 2508 1503 43 1923
18697 4384 6189 3564 1373 3523 2790 4830 3717
16293 4384 2871 6391
18966 4384 2322 4234 5108 2382
15075 4384 3391 2139
15381 4384 6436 1390 5923 1503 6829
19124 4384 5074 5808 2843 5547
520 6944 2502 4777 3123 5353
8168 6944 6642 3111 36 1754
3537 6430 1635 3241
18968 6430 6785 1110 3902 5679
10639 2172 6868 764 4600 3870 2871 2975 1407 4370 5610 6822
18437 2502 1459 2172 1872 5353 5091 3129 3299 2023 5725 4151 4399 2759 2214 3342 5001 3147
18116 4123 226 5591
14676 1981 806 5737 5828 6066 4042 4277 2849
10116 6362 6305 1040 1709 6017 261
3024 6902 4077 3737 6371 3966
14321 4699 1384 6138 6759
2215 945 5142 1148 1761 7042 3480 6371 1083
16432 4044 430 2166 1535 1888
16407 3133 3791 760 6216
4641 3133 1110 1341 3260 879
16530 3133 6568 5409 892 1033
11297 3133 2502 4643 137 2690 2100 6390 1105
10830 3133 698 665 2315 2323
19043 3133 2395 5353 2899 665 5682 4084 3674 5402
4708 3133 1264 4405 1883 3204
14390 3133 959 3019 211
6927 3133 4777 2115 4940 1316 4198 3324 4018 5373 5074 5652 3368 5658 3708 249 5008 1953 6681 5131 2940 6930 1487 2094 5795 6894 6396
18100 3133 5352 5556
8615 3133 4777 5787 5373 3626 6063 2159 6721 2833 3356 6666
2175 3133 819 2192 1050 1836 3190 4701 4615 241 1701
56 3133 3239 1000 2963 1258 5001 2791 2564 2873
3162 3133 6876 2617 4467 2638
5666 3133 3716 1077 858 4763
5205 3133 3699 4777 3823 2660
8028 3133 4647 2594 4564 1021 6083 5997 3737 4938 5922 589
11235 3133 3239 7020 1679 6882 4454 511 3234
11571 3133 2833 2323 2660 5953 6594 2568
13515 1079 1260 4211 903 6516
13867 1079 3363 5494 3983 2106 3352 6171 1062
6705 6902 6915 494 3727 7003
18980 6902 2662 6746 2960 1676 107 2927
2778 6902 2305 4221 1119
41 6902 61 2833 2023
6861 6902 3105 4940 760
5129 6902 5195 164 2980 978 6520 1002
8358 6902 1419 4885 5803 627
9576 6902 1489 1535 5910
5936 6902 2151 3279 5915 1535 5426 5373 4564 2413 4760 1509 251
4175 6902 1930 884 4190 2139
5494 6902 665 3594 2625 5406
5266 6902 5240 3870 6843 4205 6746 5089
7987 6902 6915 6752 1234
12086 6902 2692 6457 6746 2073
15428 6902 2311 1088 6371 1405 1413
13509 6902 2192 4460 5837 1535 5350 3966 6913
7482 6902 6915 6436 5353 6698 2758 4625 3310 150 6681 2094
7372 6902 1201 4910 4765 894 45 7042 622 3574 5516 5563 6165
9420 6902 1876 28 6150 3857 5143 2666 4903
5328 6902 6915 3642 2522
8525 6902 4830 5666 854 3613 7049 1305
13798 6902 4830 2651 6568 3893 5563 3272 3274 6509
13459 6902 167 1550 7007
2624 6902 6915 6468 4351 5350 5563
1360 6902 2502 6915 4777 2020 6931 1754 1709 5350 2023
18259 6902 5579 6261 6505
3987 6902 5353 4341 1097 6568 3234
11516 6902 3495 5403 2127 4570 3544 1639
18402 6902 6784 5365 3022 5401 699 3354 767
14127 6902 2469 4317 4564 5259 6583 6377 1760 974
12672 6902 3038 1072 3543 1844 3727 918 5953
4750 6902 433 1812 3189 5181
17543 6902 6233 5108 3878 4869 2101
6961 6902 5511 5350 5850 5633 607
18367 6902 3720 6210 6235
16921 6902 6095 6785 1860 3721 3763 4846 1439 2660
15411 6902 3203 5350 2044 4482
84 6902 285 91 6570 1419 1511 1671 3803 4305 1697
2766 6902 2502 409 2168 1241 6511 2870 171
10205 6902 2502 5514 765 3030 2013
2601 6902 2502 6046 1970 3272
9249 6902 4742 4882 2497 3469 213
2850 6902 2264 4777 1928 6984 2023 2625
15497 6902 61 2996 4468 5406
14083 6902 6320 4460 1377 1804 338 1192 6530 4533 3685 988 5855
2881 6902 2879 3983 1535
6966 6902 2975
16857 6902 3227
6367 6902 1459 5232 3674
13421 6902 5620 1473 3391 6675 2441
2767 6902 1886 2332 2044 6999
15050 6902 6868 3057 6785 4454 5468 6511 3867 2632 241
9773 6902 1535 2483 1391 2935
5186 6902 4529 1316 3982 1913 6315 622
17888 6902 3278 6915 4777 4460 4256 7021 2980 762
10092 6902 2502 5408 4777 1535
5370 6902 3819 5278 3595 6721 3354
15687 6902 1172 4846
12628 6902 4161 6915 6605 3742 3391 4156 2168 4148 6499 4701 1252
9213 6902 4108 3239 1535 3727 395 6323 6227 1709 1479 2568
17876 6902 1535 2305 674 586 6534 2957 2405 3272
4999 6902 129 333 2927 1793
9688 6902 1964 6915 1040 901
13182 6902 6903 2980 4468
11547 6902 3791 1818 4148 6120 6999
479 6902 2980 6746 2382 1716 2231 6925 3173
6951 6902 1344 5142 3983 3079 3257 2231 1565 4531 3674
13017 6902 1304 1072 4758 366 4156 6763 1229 1603 6630 6499 4771 2625 748 5795 6321
15951 6902 4777 1886 4275 3534
8534 6902 3536 2585 1017
226 6902 91 6374 3733 3057 3824 2651
641 6902 1304 4777 1535 1148 6568 5350 3614 6820 4774
19207 6902 854 1799
6642 6902 179 5268 1981 5276
12541 6902 91 4940 3366 3391
1328 6902 4218 3626 5740 3737
13563 6902 1072 4777 3356 3234
2337 6902 1260 3439 4490 3942 3491
1260 6902 1709 1655 5350 2660
19083 6902 1072 5787 1872 5168 5350 3630 2431
14602 6902 4324 6915 6114 4530
3809 6902 4234 3156 4758 2790
7104 6902 5514 4156 6499 4771 3272
3287 1144 6785 4816 5997 615 6950 3147 2927 4852
12875 1144 6868 5542 3626 6833 5350 2249
17866 1144 3882 2372 1761 2541
7211 1144 3429 4198 141
14406 1144 2502 5408 1367 5129 3576 4555 1031
2106 1144 1532 4578 3341 0 4540 2089 5819 4322 6576
17167 179 2502 28 5408 5104 5350 2348 6681 4892
5059 179 6744 5597 1134
1510 179 2194 868 1420 4874 3458
12401 5268 4832 1148 4611 4682 569 1589 1458
3614 5268 2151 2701 6915 362 6868 1930 1240 5274 5252 2790 6675
10133 5268 805 1733
3080 1981 6320 3869 61 5503
4470 1981 4777 6885 5350 4454 4245 804 2973 6312
17206 1981 2977 905 5118 1110 4133 3257 5997 3758 4994 6225 3150 3461
4563 1981 4234 2508 2332
19263 1981 790 5017 6198 4452
3991 1981 1148 4148 6844
13031 1981 898 4148 5618 212
5618 1981 4263 1818 2661
3011 1981 1738 5804
7946 1981 7003 5350
2471 2322 2128 5516 4043
13495 2322 4235 4754 391 2101
5628 2322 3232 4777 1535 6500 6549
1900 2322 6368 4913
6362 2322 6566 4557
12321 2322 91 303 4493
14614 2322 4289 1671 4477 5985
2541 3232 5111
17316 3232 569
18023 3232 1989 127
19338 3232 3386 2573 68 4026
2569 3232 3429 91 5579 2100 411 3715 6537 4403
16190 3232 6380 6635 7042
9390 3232 2502 4426 770 4180
10879 3232 6868 2390 422 5788
13839 3232 2225 1535 2020 6548
5854 3232 1471 643 374 5503 6004
15052 3232 2305 2025 338 5547
133 3232 2996 4830 1569
14400 3232 2701 4387 427 5581
11110 3232 281 6261 5354 2685 689 3632
7881 3232 785 6721 6213 4763
292 3232 3791 1799
283 3232 3587 6785 4210 4936
9421 3232 3429 3922 164 5420
19249 3232 2701 3587 4777
13519 3232 4050 4118 2855 1211
17687 6426 4198 3060 2647 2109 2498 3632
14834 6426 6690 726 2410 6600
4917 6009 5579 3342 4763 6057
1304 6009 5152 5104 4148
17262 6009 2980 1716 6608 2564
790 6009 2957 1732 5025 389
15123 6009 2305 2025 5250 1793
10099 6009 825 3356 2927 1553 3674
16690 6009 5059 1735 2661 40
15305 2473 1899 5793 2565 5168 951 2561
12584 2473 2842 3636 4210 399 251
2235 2473 411 4462 3152 5318 2470
3271 2473 3316 2617 1535 978
17157 2473 4161 5049 3239 1913 6102 4758 4272 2986
17752 2473 1767 1679 6763 978 1243 1413 2927 3204
7725 2473 1964 2953 3983 1472 61
8781 2473 5558 6885 1913 3813 4994 4762 2940 2905
4946 2473 4742 6785 6171 3338 5997 3966
5884 2473 6868 411 4026 1624 5699 978 6746 4789 755
13074 2473 4590 2047 270 6424
17916 2473 6002 3057 6583
8946 2473 2879 3870 1468 2889
8987 2473 6868 2753 6785 6931 2323 5767 4571
6855 2473 4448 5570 3130 4432 4190
16388 2473 422 2112 6818
16014 2473 1868 3983 978
13551 2473 2755 498
9852 2473 4777 1655 469
17530 2473 5762 2362 2940
15191 2473 6469 6915 5550 5494 5353 6054
11301 2473 3245 5091 488 3597 2818
12698 2473 94 129 3781 2870 2660 3255
11914 2473 4749 1491 4590 1989
7541 2473 799 152 6470 279 6568 3425 1393
14983 2473 1808 1798 884 4087 5898
9238 2473 5868 5606 6523 5168 3902 6514
4520 2473 3278 1115 4742 4927 6036 2062 6224 3273 3509 1285 2213
4965 2473 411 4383 338 6837 2852 4510 2685
18360 2473 1389 6290 172 6499 5277
12760 2473 1459 5408 3239 3727
12413 2473 5408 4777 1723 6952 1709
14780 2473 805 5104 2168 4817 6237 793 5354 1442
15286 2473 659 6605 1260 1240 3727 5699
11123 2473 3126 1858 3211 2395 2639 4143
16707 596 473 1913 5092 5423 498 3195 4806 2061 1067
6395 596 4351 1110 125 723 79
875 4451 4942 6090 666 1635
1186 4451 943 6832 5503 3385
6147 3008 1987 2083 37 4965
15751 3008 5732 1060 4599 3352
12608 2246 3429 1868 2996 6114
14726 2246 2502 5818 2370 2403 2476 1116 799 4742 3605 4599 6589 2970 281 452 4948 2405 3707 2632
3029 2246 3439 2968 1401 4791 4771 781 3491
16301 2246 3303 5323 3439 4910 1729 4830
4048 2246 63 1423 962
2892 1874 5648 1225 4876 4792 1058 6594 4595 6211
3124 1874 5353 6309 6796
15648 945 5353 1808 4830 3569 887 3781
7002 945 2502 1803 6675 153 6635
1158 945 6980 1020 665 1851
18029 945 6763 3345 6224 3491 4649 2568 1194 213 5826 4660 2219 1125 2801 3712 3510 3669
3989 945 1504 4341 6523 2026 4954 250
9327 945 4324 2476 411 4742 4438 6785 2986 5811 3910
16564 945 5821 411 2390 6785 1207 1517 3319 3300 2927 6158
12294 945 518 59 5503 338 6523
2495 945 2389 6743 4878
6551 945 1491 210 3439 5104 3430 4682
19429 945 764 1519 1689 4355 5410 2455 5178 2104 3607 6666
4341 945 1868 1417 91 6915 2884 5353 7003 4846 3563 2307 1320
12136 945 5821 362 4079 2390 5353 2871 3902 6746 3441 5001 2139
2816 945 4730 1535 4477 2871 3425 0 6511 5610 2660
5277 945 3733 5088 6763 2307 6216 1799 6585
11252 945 1472 4705 6261 6258 1637 5285
4859 945 1489 1260 5844 5008 125 1149 2909
18039 945 3360 1970 2871 2957 1901 3406 5936 2201 2612 3272 4652 4269
19231 945 920 6583 516 6407 175 5728 4717
8076 2477 3819 939 4718 3260
900 2477 2701 6746 208
14172 2847 3791 2583 5511 5074 2871 2597 5361
13696 2847 5526 6573 5194 6740 6476
5138 3505 1645 4156 1335 3260
5750 4846 3716 1676
17182 5435 3257
10771 5125 6785 3693 4156 6583
16789 3929 4730 3613 2157
10068 3929 2977 5353 665 1401 1901 125 6057 3322
1090 3929 6878 5350 2636
11701 2502 1203 2523 792
10772 2502 4460 2405 6499
6712 2502 1304 4590 2509 120
2977 2502 6762 6619 5013 1331 4892
1008 2502 3254 4859 3030 2417
5499 2502 1268 5794 6785 4076 1050
860 2502 2634 3521 6889 2045
13446 2502 2230 4711 4156 5204
14991 2502 3038 3126 2100 4955 2573 5411 4768 1090 2994 5633 6404 5563 4980
16911 2502 1203 5142 3271 4156 2500 2980 2735
8585 2502 1494 2084 5008
8391 2502 1378 6548 6843 2323
12372 2502 3180 4948 5863 3397
16314 2502 6868 3114 5266 5404
4005 2502 2590 2248 6868 3868
94 2502 3278 5292 2871 3191
13854 2502 1345 5353 1818 5111
8731 2502 5014 6086 1260 3128 950
3420 2502 4156 1556 3354 4463
4971 2502 3505 2489 5847
4137 2502 4308 5468 1901 3685 915 2483 2101 2216 5171
8440 2502 7017 339 3979 279
9471 2502 5810 6505 5563 2612
12884 2502 1249
15680 2502 2617 6511
19248 2502 6320 4570 1577 6209
2026 2502 5146 3901 2101
18967 2502 4599 3620 3824 3638 3292
18963 2502 374 136 4584 690 4170
9123 2502 5107 1989 427 6458 2665 2637 2135
5272 2502 3733 5104 2324 2908 5619 163
10551 2502 1322 6885 3310
17194 2502 5821 2868 4331 4405 6593
15700 2502 3983 1110 3536 5354
13890 2502 383 5985
8185 2502 4777 3850 1550 2315
7758 2502 5581 2870 4283 1413
5396 2502 4590 756 1535 6721 665 5474
5408 2502 562 6458 2227 6188 1682
4639 2502 2151 5108 3522 5729 4542 6359
10986 2502 285 6785 3693
5619 2502 978 2037 739 2935
9697 2502 3699 177 3153 5352
3269 2502 6468 5353 3341 7042 5577 5194
551 2502 2370 2747 6315 2372
6874 2502 5151 2206
15652 2502 1876 4238 1322 1225 732
14250 2502 4611 3319 3968
8338 2502 5579 5078 799 3460 1225 3410 5353 2072 3727 6128 1925
10716 2502 4263 6785 4277
12000 2502 2483 3966 1375 1252
12892 2502 1203 4777 1679 3540 3961
3227 2502 4548 2106 2315 6377
13273 2502 4940 4477
1411 2502 999 1492 4501 3782 2751 1434 1438
16124 2502 288 4768 2790 560 4970 4416 1640
8007 2502 1417 4115 6336 3385 79 4170
1853 2502 494 69 4221 6499
10604 2502 3183 6873 2049 2844 2927
6028 2502 652 6516 5131 792
8319 2502 6188 2101 3147
2378 2502 4067
7287 2502 2463 2638 5311 4963 2519
6157 2502 799 1489 1056 700
7831 2502 5152 4477 105
14802 2502 427 5353 5763 2312
9405 2502 1868 91 992 2466 6605 1989 1946 2982 1808
12558 2502 1304
6484 2502 6166 2634 6766 3354
13630 2502 1260 4227 515 6232
14835 2502 1876 1240 281 1681 45 3119 4760
11391 2502 5448 1997 6239
15734 2502 5579 6457 5448 955
16308 2502 3278 765 3239 3279 3227 5476 6466 4825 2565 2833
5965 2502 169 2249 506
7290 2502 1264 5210 2025 3904 1621
9665 2502 1203 6727 3239 4855 1800 7049 1074 6134 3228 6502
3307 2502 6511 5788 4771
16375 2502 362 210 6483 1839 6843 1639 1758 4190 328
1316 2502 4161 2879 5454 4758 1479 1776
1091 2502 4351 3564 2634 1489 2617 5151 3298 2206 5921 1088 1105 3902 2237 4370 3861
11888 2502 4969 1979 6768 4773
2078 2502 1698 494 4148 3031
16068 2502 6868 3733 238
6806 2502 4740 2871 1229 2696 5063
10420 2502 1966 5821 6915 5852 5278 5956 2574 2026 5483 1149 6011
7366 2502 1304 5408 4777 1472 3626 6583 673 1658 1836 5936 6371 3540
15229 2502 320 3227 6551 4662 4383 7021
16218 2502 1749 2814 6442 4043 5795
3062 2502 4705 6261 6567
6975 2502 201 1108 5931 6198 3272
19303 2502 1858 4198 4832 2930
5219 2502 2504 2044 1707 3272
1154 2502 3439 4145 4454
7279 2502 4210
6272 2502 1072 4564 6314 1458 1640 2187 650 777
9846 2502 3852 1260 1818 2992 1234 3383 2628
8743 2502 4490 5903
10815 2502 5256 7014 2487 5678 4838 2101 6021 426 1880 157
7576 2502 6416 5735 2040 6762 5633 4245 1816
9259 2502 91 338 4682 76
2030 2502 5794 4758 1229 978 1405 2562 2073
1142 2502 4161 1472 3079 2638 2871 5781 1605 890 3737 6835 1907
7991 2502 4777 2469 975 2871
7551 2502 5195 5316 3169
10748 2502 4161 4230 3004 6870 2941
14657 2502 2476 189 3600 4758 6274 6583 5168 1621 3354 5910
5292 2502 2063 2677 902
16563 2502 59 169 40 2791
14208 2502 6096 5168
4190 2502 2224 1200 1573 5947
419 2502 918 3203 1310
18359 2502 6469 561 5433 799
6574 2502 1061 5875 3781 79
14052 2502 1304 1437 3400 2638
7613 2502 6915 4777 2814 3561 4994 3868 2313
13532 2502 4758 5421 2168 399 406
8304 2502 3429 6777 4701
13314 2502 6403 2590 4928 3181 2900
5085 2502 4699 4777 5732 3479 884 4948
4491 2502 679 513 540
14391 2502 1304 1556 3902 3966 1931 3855
15007 2502 5276 560
18160 2502 4234 4807 5353 5936
848 2502 2850 339 281 4758 6442 2413 4795 5126
1303 2502 3079 6377 3274 1464 1734
9063 2502 2859 6762 935
5437 2502 6299 4450 4460 2256
11704 2502 1804 2870
18343 2502 1304 2520 6785 1534 4478 3639
11146 2502 2100 5837 2305 610
9698 2502 6692 3239 3326 2305 4611 2025 4830 3240 573 3530 297 2168 5997 5936 328 6488 1291
2141 2502 754 5195 1810 3733
8481 2502 501 2106 6336 5515 586 6388 6138 5979 2761
19201 2502 918 2943 6937 6914 5063
15698 2502 6530 622 2208 3147
13742 2502 4161 6915 4462
15248 2502 1479 586 1641 6825
13587 2502 6915 4768 3523 492 5997 2049 5929 6681 4566 1154
8369 2502 4160 3479 3733 4505 4810
9195 2502 5230 3626 6314
12287 2502 2693 4814 5821 4699 6864 6681 3272
4000 2502 5129 7028 5976 5967
5612 2502 3239 2106 1913 103
3640 2502 3733 5373 129 5997 5504 6820
10387 2502 452 6488
10025 2502 5818 5785 3770 681
10773 2502 5048 1060 665 904 2168 5675 2927
586 2502 2007 3341 4405 2204 4363
18476 2502 4777 5479 5350 2858 6502
8433 2502 4564 3288
17123 2502 2403 3733 6984 4762 13 1458 2308 1599
11389 2502 6310 4477 6777 2483 6739 3966 1372 5347
14603 2502 4777 4462 2497 1182 974
13712 2502 4567 756 4744
19204 2502 91 856 6511
16970 2502 6935 362 504 2349
10976 2502 91 2160 5226 2315 681 4684 769
15094 2502 3727 5285 5307
15204 2502 3928 2509 62 598
11973 2502 6785 4930 1002 3599 4652
8194 2502 5353 3721 3024 3130
10309 2502 1858 6227 5565
15918 2502 3038 490 5142 6785 2681
18948 2502 920 6699 2980 3165
4658 2502 2168 6216
2431 2502 4202 6150 3299 6176 4771 4190 358 3272 2606 3029
3515 2502 6868 1911 6675 1672 4732 5017 3772 4673 1133 2685
11655 2502 1088 5465 3406
8040 2502 1304 2064 478 5420 2044 1851 1133
14242 2502 5494 6992 6648 3079 3536 1799
15617 2502 1200 894 6878 7040
16676 2502 6868 2925 4109 6499
11366 2502 91 3239 5323 3983 4026 2996 2992
7538 2502 1348 6485 3505 2638 4816
8537 2502 6868 339 4633 1839 1636 5350 5678 6676
3845 2502 5944 2770 6873 45
5298 2502 6469 4108 4940 6506 281 482 5420 3862 3758 960 2142 3259
2822 2502 6915 6878 5139 5008 4078
18381 2502 1535 1603 4148
2959 2502 1868 4777 978
1921 2502 1459 3104 3983
465 2502 1868 35 4387 2803 4490 1827 6877
2127 2502 6966 1521 4570 3738 5381
3788 2502 4587 4955 3079 3214 2679
15691 2502 1378 4263 5876 4326 6207 726
4794 2502 4682 3335 1947
5818 2502 6628 89 4091 4611
2833 2502 5142 6232 5238
12508 2502 141 1761 6882 5997 3037
16121 2502 5579 2560 2665 2483 3272 1567 5194
13052 2502 35 4400 2753 4467 3727 395 1818 6195 2638 239 1057
13681 2502 1304 2100 1989 2647 5219 2372
16313 2502 3303 6785 149 3129 5350 6114 6371 6138
14282 2502 5353 5936
14180 2502 1304 35 1631 281 3636 3036 4367
14649 2502 1679 573 2957
15864 2502 1838 5637 1535 6442 5063
16457 2502 6785 6882
2079 2502 5579 3870 3052 4611 4032 3630 6057 1942 341 3578
10163 2502 362 2884 915 2101 6557
13316 2502 382 4463 6533 5294
8727 2502 4777 2100 6885 1621 4043
17381 2502 362 6868 756 6675 3713
11219 2502 426 1880 4279 6395
3734 2502 2129 3300
3939 2502 2656 2868 4 5060
8936 2502 549 2430 5547 6511 6770
4909 2502 3564 6785 5297 5838 2873
7565 2502 4777 5383 1535 5926 1761 2980
7308 2502 5426 4846 79 1608
13640 2502 6469 91 4450 3221 2781 2638 665 5104 4883 1781 3374 3627
18189 2502 3952 2389 4148 2909
5656 2502 3819 3878 742 4421
15556 2502 3239 3303 5420 6568 3893 4148
13348 2502 1264 1260 3221 4758 6878 2023 3652 6418 13
3230 2502 2063 5500 5171 1346
10738 2502 1532 383 4006 2670 4744
12316 2502 5514 4161 4987 5796
12470 2502 1417 3624 1419 1789 6785 6084
2761 2502 5467 3121 4836
18928 2502 6532 6882 5577 2208
10695 2502 5048 1868 920
17447 2502 6784 5945 2871 6746 4148 5075
11907 2502 1304 2084
16995 2502 918 5936 3889 2094 4639
17186 2502 6086 446 5252 920 1127
1558 2502 1166 4 1020 1800 2334 5838
8240 2502 3870 2305 5679 5394
2828 2502 2583 4009 3153
15499 2502 4454 4853 2699
9818 2502 6868 1946 52 6354 1530 3524 45
7827 2502 2023 4478 2101
1471 2502 80 4148 4702 4555
11712 2502 1419 6532 799 3809 4855 1373 5905 894 951 4154 2848 6746 5412 5783 3195 4423 3941
7803 2502 1419 5108 389 1395 2090
2684 2502 4590 4777
13884 2502 1387 3239 2330 6086 4553
6364 2704 4234 4289 5353 2763 4151 2791 6081 2453 6519
18630 2704 6948 4383 2659 1725
12351 4159 799 6442 297 3030 4104 3737
18810 4159 2086
12496 4159 2305 3530 3466
3105 4159 5652 3260 5683 6509
8117 2063 6205 813
4185 4351 4303 1818 3870 327 1791 3813 3398 3737 1716 5800 4335 4712 2101 792 5356 5855 2453
9297 4497 5373 2770 3738 6843 5604 2023 5936 5979 2044 2876
6993 6477 6402 5378
6516 1987 6671
2419 2113 6785 6472 6882
16452 2113 760 2930
7112 3210 6984 2464 2568
10265 973 1804 956 3979 6832 5180 2023 5381 4192 2416 2961 6204
2775 6935 2253 5197
19179 1618 4226 3326 2395 956 5197 4042 3913 2750
17884 1618 2466 4303 452 956 374 4611 5247 581 1708 6537 1585 2811 4818
14883 4974 3429 4161 1989 5367 2205 4140 6764
18829 4974 5579 4050 362 5732 5323 1473 2651 6986 2529
10143 4974 3183 6114 5906 6453
14930 3720 4490 1156 1275
18540 3720 5494 5794 6785
18511 3720 1999 4020 4120 6763 3056
10831 3720 3408 599 3459
13388 3720 3094 229 6213
18601 3720 5732 5108 6876 1535 3237 4168 6804 2858
3510 3720 2514 485 5727 6804
13027 3720 4940 6721
83 412 1896 4625 1637
13931 5886 6589 6785 3878 2305 6746 5458 3775 26 4318 4828
10871 5886 4477 700 6610
7029 3226 5046 4484 3497 351 1690 6600
7866 424 4810
9234 1949 6436 1804 2947 6154 726
15335 1949 55 3625 5685 4155
15711 6477 2618 3524 4781
2172 2499 3393 1211 1599
7230 169 1458 5378 2878
4460 4242 5184 1856 1650 536
11995 6469 4742 1626 5259 5074 556 3813 4117 6676 1951
15893 6469 6785 6583 128 2980 1224 5985 1032 1793
11054 6469 6785 833 6307 2208 627
17360 6469 6299 362 3439 4516
8899 6469 6095 770 6785 6442 5316 5168 655 6534 1443 1151 1823 5997 5679 3737 5985 1171 2483 4335 3342 6098 6594 4482 6700 3548
19036 6469 6468 1930 3694 3341
2217 6469 4926 5000 6216
15226 6469 2100 1489 3626 3523 4830 4763
13439 6469 1417 285 91 435 1629 6843 4534 4133
13039 6469 5481 2884 887 2541 4930 6511 507 2272
358 6469 164 6530 5008 2935
13682 6469 5353 4156 4830 1124
12680 6469 167 3626 6721 6377 1575 2927 824
9593 6469 1559 4205 5936
7215 6469 3332 2005 1689 6269 2833 6951 7006
16112 6469 2757 799 6589 4832 6055 174 63 3569
4486 6469 3279 2980
4097 6469 2814 6785 6721 981 2980 6388 3370 4246
139 6469 500 6599 3514
17586 6469 1775 5353 6466 665 3351 2023 1017
8732 6469 4719 518 5142 5954 3619 5183 1291 3799 6907
8463 6469 5195 2980 1565 5759
1888 6469 1913 3257 6237
5475 6469 3934 6721 5379
5258 6469 2421 2308 3599 6084 4043 5812
3938 6469 1868 5610 3674
11419 2151 1304 4237 6171 6499 6488
18071 2151 1459 418 2573 5827
7227 2151 2814 164 2541 5679 1119
9899 2151 342 2612 3748 6576
10937 2151 3835 3341 2023 331
9345 2151 4133 2927 1475 4609
4649 2151 2851 6868 999 1260 1561 3442
7566 2151 4777 4575 6511 3147
12734 2151 6150 3326 4718 3685 2405 5768 6709 5855 3204 4726
10148 2151 4351 1221 3979 1559 942 3406 4621 6224 2562 5126 3968
3413 2151 2345 3663 5876 566 5126
856 2151 6171 4211 6145 599 5307
9928 2151 2115 210 1787 327 4830 3904 5679 4221 6511 3036 2909 4279
13936 2151 4050 1131 4885 1535 1864 4564 5904 3414 1500
2438 2151 2747 6458 3009
4352 2151 5570 6709 3272 3349
10287 2151 5720 5488 6825
2548 2151 1732 4701
3930 1402 4382 3410 4026 2860
19046 1402 2934 2323 481
18869 1402 1491 4742 1791 5168 4491 3034 6818 3933
2161 1402 2487 2044 203 3491
7874 1402 5651 4148 4949
12472 1402 2647
10201 1402 2573 5353 2957 2101
8451 1103 3716 2935 3705 2873
2093 6168 3104 4777 6762 5350 5238 5402
1576 6168 4626 4161 674
18426 6168 1913 913 1559 5183 6641 5727 1608
14082 6168 5049 1069 3644
13763 6168 1157 611 700 5063
4247 6168 1622 673 6728 5547 5184
5167 6168 2324 5825 3150 1458
18702 6168 1637 5563 1002
11745 6168 6053 3523 2101
6995 6168 362 3556 5073 3063 5639 5577
17289 3429 1135 1923 4022 4689
10545 3429 4940 2638 3215 2813
13525 3429 2614 3231 1628 191
16389 3429 2814 1188 334 4357 4353
19397 3429 1749 5581 3758 1935
2193 3429 1810 2100 6867 3019 6777 5381 5547 5184 3110
16075 3429 2345 3636 6511 5672
16766 3429 6172 5373 2094
18282 3429 1749 4164 2728 4936 5285
11423 3429 3038 990 4807 281 5659 3727 5247
10332 3429 6150 4883 4314 1701
9472 3429 4777 6762
18403 3429 6620 665 1743 755 4043
6828 3429 4234 5722 4855 1818 199 5090 3023 3905 846
9526 3429 80 5742 5352
11496 3429 2527 512 6150 87 2647 3772
15591 3429 80 1725 6371 3707
5150 3429 4777 1419 5962 5910
9537 3429 4643 1108 6421 939 299 1434 3775 2059
7053 3429 2527 4400 492
16934 3429 7003 1018 2940
14999 3429 3727 6242 2940 192
16174 3429 6086 1192 5736 3658 6850 5755 6907 4043
4961 3429 6380 5496 1475
13728 3429 5732 905 5794 63 5831 6662
11922 3429 5230 3363 3227 5353 2996 5581 2023 481
7013 3429 1417 2248 5151 6195 6984 6583 5381 6602 511
5495 4643 6546 5290 5379 6015 1603 2798 726 4478 2691 741 2613 5163
13504 4234 1367 3733 3809 128
2644 4234 4777 6119 6878 3288
8617 4234 859 5732 2236
6338 4234 4928 1895 5996 6098 1475
2806 4234 4061 1711 2657 1225 5515 2323 115 6027
190 4234 6210 91 754 978 3910
14421 4234 1698 2515 5239
253 3956 3038 6465 3781 4584 4594 2632 1442
6004 3956 189 894 4029
8410 3956 3377 2483 5172
10247 3956 1868 3949 2565 1407 289 308
2682 4719 5489 6436 3606 1682
8493 4719 4681 6885 1913 2198 1852 1509 2291
16608 4719 5579 424 2986
3529 4719 2093 3268 6242 1055
19388 4719 868 3182
12273 4719 2590 3675 3516 3150 2308
13389 4719 1864 7049 2139
1582 4719 6915 6868 3272
8686 4719 1108 3300 4963 5632
5451 4719 4699 4777 1535 6521 5360
18196 4567 2459 4736 5184 2417
13838 4567 3523 3383 6972
8118 4567 1629 1500 5577 4994
13075 4567 2547 995 4341 5305 2980 5563
14357 830 4777 1165 2509
486 1230 5824 6114 1676 5909 792
15563 1230 1868 5108 6744 3918
643 2693 5195 2757 5401
1059 2693 6146 3662 935 6509
12816 2693 4242 1009 7004 7049 1710
18809 2693 1264 3238 3239
9855 972 4742 2390 3123 5600
4968 4590 4777 337 4742 7013 3758
16127 1913 536
12962 6297 1972 493 2010 7003 5379 2034 5547 6083 204 2813
18091 91 679 6368 4874 556 6423
7768 2155 4478 1302
15040 6915 6619 175 5780 5033
5844 3098 5353 5743 5420 5936 2888 5184
15862 3979 6984 6939 6826 4679
12120 5679 2203 1529 4282 2761
8065 2106 1229 2459
16385 1233 3837 4639
17827 1304 5597 6763 3561 426 1880 5028 1887 6512 6395 6321
2060 5390 2007 5330 2814 6511 1857
5031 478 4470 828 2740
7128 3278 1203 4777 1489 5904 5931 1184 6503 6878 5012 4143
18450 1072 246 3961 3491
10674 4351 2634 1166 1427 4662 2638 4981 2483 4994 2101 5405 829 3748 1447 4689 1650
3197 1930 3694 2871 5104 2328 6746 1151 1823 1059 54 6463 2716 889 4283 1413 1553
18813 6368 6400 6841 498 2452 2595 5008 6925 2562 1996
13098 6691 6873 5197 5468
10157 2701 473 6286 4289 5808 3758 2514 4639 273
2855 4161 3121 1613
495 4254 1902 639 1867 6984
14535 1060 2814 943 5204
11789 1930 2814 5152 6832 2871
16357 2617 2273
14305 3620 4235 3727 431 1516 40
6107 4050 5868 47 3749 1575 6509
8020 1974 4662 1708 338 1110 7042 3070
11808 4773 3636 4005
12387 1304 61 3319 6635 2424
5567 4730 1489 5353 2949
16222 1348 2519 1234 4784 4357 426 2674
13004 4050 4460 452 2561
320 4161 1868 1459 1631 1512 5732 2757 5108 1289 6867 1901 1732 2312 335
2521 1304 1397 6416
12799 2160 666 3742 1923 6010 3201 1914 1305
6240 3118 1703 2871 4156 45 4362
1692 91 4490 6195 1655 1413 289
5014 2728 3629 5811 4925 4478 4546 769 6556
16047 6313 656 4882 125 2348 4478 741 4542
11619 1801 3707 3630 1074 4348 5153
4019 765 6882 4149 6759
13777 5107 5425 4699 6347 1003
13806 5107 2871 6746 3803 2927
18515 5107 3479 63 6377 4893
15773 5107 4047 6915 2527 7014 5123 2871 2498
6314 5107 2860 2026 2139
11998 5107 3949 2522 6454 4627 1602
13925 5107 2192 432 551
5244 5107 3849 6388 3354 390
13482 4626 6843 1585 6488 3491 6756
18006 4626 1110 2909 777 3106
18949 4626 4198 2319 918 5422
11801 4626 6484 2498 37
16684 4626 4830 4816 6499
17035 4626 4422 579 6306 1800 4555
19194 4626 1377 2305 610 5928 2927 685
18443 4626 5822 5251 951 5679 603 4478
3222 4626 5108 5000 125 1291
17554 4626 6344 3129 1909
18159 4626 4777 1655 6606 6878 1923
19383 4626 5999 6511 3114 3353 2216
7529 1061 595 639 4009 656 4662 2577 6657
7008 1061 6309 2026 6754 3122
6434 1061 5743 3979
1376 1061 3819 1930 1002
6576 1061 1550 3129 1178 4544 2786
7139 1061 5785 3870 5535
13628 1061 2294 2943
554 1061 1868 1872 5411 6864 3630 6084 4588
433 5514 2305 3799
6648 5514 799 5527 1803 6442 2227 4211 513 7036 492 2215 6443
10640 5514 2100 2957 3147 1793
5851 5514 1603 6746 2239 3540 4615 4332
5737 5514 104 6527 5936 3889
5015 5514 1203 6118 6762 3758 1249
1727 5514 2084 4830 3356 2870 3674 6391
18691 5514 947 4422 2106 2659 1800 4879 4555
7726 5514 3384 1913 3309 1151
13982 5514 3057 3870 4611 6843 203 4203 741 2275
19076 5514 6915 3536 4970 6066
3799 5514 5837 2814 956 374 2957 5468 1518 5697
18754 5514 3764 2283 5466 2647 1347 4948 1509 4584 3055
17152 5514 2010 3979 5847
4522 5514 1749 2814 446 5601 2244
5561 5514 3927 1913 5353 5401 391 556 4454 3737 1149 3632 536
17808 5514 828 2957 709 5242
11890 2052 6980 363 3349
1809 2052 2064 4933 915
3150 2052 617 2867 1784
13907 6223 3897 1172 2413 5547 2480
516 6223 5821 1798 5168 6531 5204 3772
5251 6223 1698 1631 6744 1535 2020 7003 4156 6635 1884 2101 6520 481
7415 6223 4460 6195 3450 1247 4533 6258 1465 4817 4584 762
9222 2364 1868 6726 5323 4901 3523 4236
12823 2364 997 4599 3121 6246 1319
1503 2364 5854 5142 4564 1709
1436 1345 5292 3988 4167 1440 4092
135 1345 1512 1913 6354 4846 4970
1963 1345 1241
18219 1345 1994 921 5936
9652 1345 4940 2684 4705 1575
17753 385 6824 7017 362 5152 656 4477 4511
12438 385 665 3430 1610 4221 1440 627 7006 6079 6685
6709 5431 5579 4866 2583 3385 5555
16864 5431 630 1913 3727 2639 1478 1149 3095
6064 4062 4643 2728 2010 6146 6943 2595 3829
1810 4062 5620 1503 674 6943 1049
9287 4062 4777 1535 5343 3004
8352 4062 6721 4211 6609 6192
12599 4062 975 5063
11421 4062 1729 1550 4454 2023 5624
8088 4062 5732 1535 6442 918 3288 5016
2104 4062 3566 4556 397 826 1276
1369 4966 200 4722 2305 1434 5795
14542 4966 2403 2239 2940 1275 6165
14558 4966 4777 2007 3408 4097 1550 1479 4816 2276 1737
18470 1205 1309 3803
8452 1205 1749 4266 5341 2094
10574 7012 1072 2116 1123 1609 6207 2297 6509
14039 7012 494 3346 1803 2487 5389
2176 6980 4450 4535 1307 3951 1976
18462 6980 5108 5219 5350
9436 6980 1749 4527 3742 825 600 6721 5763 1987 5846 3772 1478 6545
8919 6980 3278 6785 6195 1401 4593
15676 6980 2747 1098 599
3521 6980 2647 3729 2523 80
11026 6980 122 2618 4795 5929
17975 6980 5184 741 826
14876 6980 4777 2420 141 3203 3257 2940 4892 2696 5727 5336
11141 6980 6915 5912 1679 4846 690
11092 6980 3038 2590 3094 3969 3782 5341 4929
10487 6980 4742 679 5225
11459 6980 2546 3727 1033 6211 5717 1805
18287 6980 5854 6631 3550 60 3992 364 4937
8783 6980 4940 2523 5737 4762 1599
13529 6980 3952 2827 3030 2004 6213
3869 6980 3210 676 4351 2728 1427 3552 4933 354 5928 2414 6424
7061 6980 2814 3758 5680
6277 6980 3183 5868 6086 6380 4713
13760 6980 2884 1338 2523 1276
9019 6980 5596 6354 2820 827 5204 4148
18404 6980 174 2295 3727 4227 2098
13374 6980 5821 1767 6506 6203
9091 6980 1011 3659 2779
17212 6980 2418 4033 5373 951 3023 4128 3599
8891 6980 4650 3811
12048 6980 1912 5700 1291 1074
11281 6980 3954 4814 5367 2962
17434 6980 497 141 4190 1215 3973
5060 6980 362 1489 5091 1184 4993 1880 6701
7179 4680 362 2871 3341 5526
14547 4680 2469 2195 4740 6885 3005 7003 5168 978
13099 512 2205 1437 951 2497 4148 6828 2531 5499
18333 4161 1631 6840 1689 5931 3055
3905 4161 799 5652 5104 6083 6490
1553 4161 2225 5732 2457 1997
7005 4161 3819 4564 920 3862 4454 1451
12825 4161 1069 2870 752
12585 4161 1373 6388
81 4161 5142 4490 4355 1258
11906 4161 362 964 3439 4885 5658 6888 1234 4221 3737 1986 4190 1413 2927 804 6321 171
18105 4161 6336 4470 6147
11938 4161 3556 2838 2940 2361
18043 4161 2701 5821 5256 5098
8539 4161 4701 6490
14771 4161 5866 1703 6762 4042
18044 4161 666 523 4230 2832 556 1241 2736
4897 4161 610 960 2791 2137 940
9953 4161 6203 856 2992 2940
12852 4161 5004 5316
18736 4161 6090 2476 2007 3983 4868
8568 4161 3279 6086 4114 3048 1401 2612 3272 4038
3957 4161 4215 5761 5496
12691 4161 920 2026 3607 4517
6878 4161 1972 6368 4478
9964 4161 1839 5990
16892 4161 1928 6211 2780
3340 4161 5408 2006 5152 4705
14487 4161 4108 4221 2612 2870 1948 6208 2101
14392 4161 2172 3733 4758 61 6014 4816 5678 6676 4936 6234
4696 4161 1491 848 4742 6483 5637 4391
10071 4161 920 4128 3920
14713 4161 6400 1603 6388 6994 1405 5178
12014 4161 1304 5732 955 3346
12381 4161 2403 3733 6458 6112 1676
1500 4161 3278 3597 6371 5075
10647 4161 1489 6721 6505 4682 5389 2208 7006 5647 4828
7336 4161 5542 4128
15189 4161 4633 3346
3935 4161 2225 5046 4484 4140 3588
15341 4161 3982 2565 3168 2258
4688 4161 5353 1020 3862 2870 2816 3674
2929 4161 6583 5168 175 3353 3846
4963 4161 5466 2305 6171 913 338 4621
6200 4161 432 6630 5609 277 4957 1707
34 4161 3852 1367 6868 1041 2647 157
7984 4161 5108 6583 1407
2648 4161 4633 1629 6986 4771
9357 4161 6299 3057 5959 6843
1348 4161 2504 493 4758 1229
13320 4161 4699 3564 2659 3235
12631 4161 2504 4515 2730 5877 3949 5560 3693 6568 5679 6262
13422 4161 848 1486 1844 3576 3115 4156 5262 4154 1213 5126
9616 4161 5449 999 482 827 6850 1637
14181 4161 5152 2305 6583 6746 681 4757
10225 4161 3727 6721 6195
9833 4161 6172 4699 4026 1839 2651 1403 4168
18131 4161 1928 2814 4662 4149 1032 2360 2419 1880 5887 646
18151 4161 445 4690 4701 1576 3201 824
9053 4161 6166 1367 3239 1260 3619 5682 6141
1038 4161 5912 1295 3219
18984 4161 459 1767 4861 3701
4112 6166 1996 3937 3456
17055 6166 2321 6405 6531 3504 3042
3474 6166 4108 6987 2274 2835
10650 6166 1550 1559 5953 6594
17452 6166 1304 1377 6763 1639 3636 243 5303 5679 3685 65 6488 2777 5855 4322 4176 5147
12165 1814 4484 4947 3178
2376 1814 6578 3772 623
13528 1814 6915 679 5581 1628 4846 399 3642 2441 1303 208
14021 1814 3191 6835 3176
13585 1814 3299 3574 5548 792
429 1814 2057 2892 1511 6400 4284 655 978 6746 1871 3642 3182 3142 4277 1219
8984 5048 1511 1481 1249 3204
10950 5048 6053 2640 3516 929
13999 5048 5142 3563 6499
7427 5048 4611 6981 3234 5194
10737 5048 4061 6669 2834 338 1110 3781
4808 5048 669 4049 5908 3772 6499 1953
8746 5048 5312 3123 1449 5742
17092 5048 1166 2560 2357 5229 6573 7037 5664
10648 5048 1304 4235 6672
9895 5048 3356 4299
1528 5048 3852 6868 6123 586
8235 5048 3118 497 2677 3685 5979
5978 5048 1072 6436 1864 1550
6422 5048 3118 422 1053 5353 4109 887 6446 3599
3516 5048 5232 4981 5767 1745
2776 5048 2390 6368 6785 6063 6721 950 5563 6511 4510
7972 5048 561 5353 4035 2957
6318 5048 6403 518 4742
7673 5048 4611 1110 2062 2873
19398 5048 2172 2573 6102 2980 978
5240 5048 1304 1913 5353 7016
10804 5048 4884 6081
13076 5048 5821 5501 6746 2256
18354 5048 5838 4458 439
3466 5048 2583 4611 586 3685 4369 2139
16307 5048 141 3455 1110 5000 4980 1942
4067 5048 2466 2363 1775 4091 1903 4881
4146 5048 2057 6721 69 1707 2830 3491 777
8227 5048 6789 2481 6065
780 5048 411 6086 172
2051 5048 1989 1511 5353 6928 524
15101 5048 964 3652 2940
14205 5048 5511 4868 1839 6568 106 1978 1992
13979 5048 567 368 6785 5353 4156 665 4656 37 4277 6141
16327 5048 5121 6400 1058
15671 5048 1053 153 586 3707 5169 5289
12554 5048 6721 1110 1198 3114 1074 5867
2667 5048 1637 3707 2101 5102
16294 873 6299 5977 3479 3057
426 873 6096 5353 3960 1211
17813 873 6102 45 4151 402
13713 873 999 4110 4477 5604 389 6951
12178 873 5789 1304 2172
2583 873 1322 2930 732 4493 6449 2123 6782
17546 6299 1052 1637 935 114 2930 2445
13137 6299 2168 5308 1799 1602
6948 6299 4256 3925 4383 2023 5197
3352 6299 1058 879 2104 5289
2279 6299 2469 382 5409 6098 5001 4042 3937
17 6299 1304 5821 799 3057 1888 1550 327 6742 4468 2101
9319 6299 5256 856 243 3992 925
19171 6299 1304 2633 6096 4445 3055 6326
10978 6299 3782 5045
13917 6299 2827 1190 1260 5959 2305 327 2415 2637
17963 6299 568 3128 6539 6463 2210
7244 6299 3699 6090 5737 6545
10072 6299 2192 4662 4048 4611 5979 250
15131 6299 4005 5825 5184 2291
11688 6299 859 4371 1603 3498 5728
15035 6299 3952 4009 1903 4895
12109 6299 905 1768
10968 3532 806 1434 2625 5555 6778
4006 5202 3239 6928 6832 3729
1167 5720 1419 4156 2026
13837 1868 4515 1729 5547 3310
7040 2418 45 3248 2031
14393 1203 248 6880 2594 4156 4683 2026 726 6499 1395 3201 5356
17889 383 4825 6442
2474 2354 2459 542 2532
15067 6034 6669 141
66 3360 1511 3060 4340 900 84
15811 492 6942 6463 3937 804
1434 1868 3934 760 4830 1598
5307 1868 362 3675 6086 3727 6505 6619 2023 2957 4820 5047
5643 1868 1417 5579 2730 3300 5350 5461 3599
11091 1868 2810 6453 2297
4819 1868 1966 1491 5152 6825
9090 1868 5108 4611 4830 338 4478
6558 1868 4108 856
17996 1868 6150 6785 4284 6015 3902 6973 5936 2436 974
4689 1868 3439 3721
3594 1868 1203 5031 3791 2187 1320
18941 1868 1930 3997 2736 5351
18590 1868 3983 6383 808 1883
10688 1868 6915 1886 5350
4223 1868 2509 3727 268 516 5547 390 1732
7824 1868 5942 6150 5494 5353 4846 6154 2204 4221 6059 6594 5178
18475 1868 3316 91 4079 1872 5168 820 2239
18791 1868 1631 518 6931 2120
19065 1868 4351 6868 799 1535 7003 894 6908 2026
10785 1868 3369 6743 5461 3799 6459
14714 1868 614 665 2026 881
7937 1868 5579 4903 5423 4784
15208 1868 1027 3564 4067 3241
16479 1868 1716 1375 5184 3630
15323 1868 2879 4210 4445 5880
17188 1868 2701 6245 6583 6746
3846 1868 6785 6114
5540 1868 3265 4742 851 1299
17849 1868 765 5353 1110 5691
11561 1868 1479 5033 6681 5804 5756
12533 1868 3983 6195 5936 1071
17697 1868 141 5252 918 5016 2022
3572 1868 5821 2476 6868 2296 6785 3878 3505 1172 3636 2026
17651 1868 3819 1671 2338
9837 1868 6195 5844 1763 4210 3540 2927
727 1868 4108 5970 4211 6826
6150 1868 1304 4116 6368 1794 3979
8070 1868 4590 6336 2436 4022
17499 1868 3439 6746 4846 175
3679 1868 4466 5353 665 4830
14315 1868 4430 5620 351 382 2783 953 1040
16071 1868 6824 5078 2873 6740
17135 1868 724 806 1895
1668 1868 5108 5945 4910 5353 950 6511 5647
5973 1868 6882 6232 1444 4440
1524 1868 6392 6568 3630 2432
9474 1868 3927 2248 301 6785 1913 5401 3709 3289 665 5823 6030 2695 1241 2995 723
14627 1868 411 665 6882 6511 5930 1707 1883 2927 1464 4588
1306 1868 5168 3398 6135
4528 1868 1203 5015 3083 3586
15939 1868 4351 6777 5731 6746 6759
11069 1868 3693 6583 6511 3540 1832
3472 1868 4405 6746 4087 2927 1659 5575
12735 1868 4777 4343 350 4615 2873
11818 1868 3239 5787 1872 164 303 3636 2483 163
13596 1868 799 1260 2020 1826 6583 6388 3496
4167 1868 35 3835 3366 55 1634 1088 2711 513 5967
19105 3954 1870 3733 6102 6309 4925 6511
7003 3954 6992 6287 6939 6578
929 3954 6915 3104 152 141 3341 6291 5001
17717 5400 2459 4744 4970 205
6196 3547 4223 128 7
5694 1876 3019 6665 4294 4148
16747 1876 765 3044 2581 741
10633 1876 6442 5658 85 3102
12597 1876 1913 4414 2940
16883 1876 2957 1083 5567 877 3243
13807 1876 4777 422 3282
14243 1876 2248 4970
6173 1876 5014 2684 725
7715 1876 1339 3079 3019 1776 3272 1630
10641 1876 4740 2758 3552 5666
13841 1876 5415 2986 3152 5504 1046 1083 677 2896 2054 588
2584 1876 3239 1763 2910
2170 1876 3038 1729 229 1206
15336 1876 4207 942 6598 1252 6449 325 5071 2801
14336 1876 5353 4341 1229
7022 1876 5494 1378 1053 4810 4509
9010 1876 6915 2129 338 145
1725 1876 6352 2260 1660 622 5025 667 3113
19357 1876 5049 1621 560 4453 5285
7349 1876 2747 1053 727 5944 5870 3516 5674 4881 2459 5547 4970 4022 2940 6443 5184 2613
9531 1876 6188 2168 2436 6204
16599 1876 2647 6246 4830 4453
13045 1876 2003 2432 609 4224 6489 2220 677 6788 3586 705 1462 1498 5071 6694 671 588
16888 1417 4533 4190 1701
16515 1417 6310 3983 307 1808 1395
3588 1417 1631 411 799 1872 164 6931 4857 105 2782 3393
7225 1417 1072 1749 6923 6086 5597 2770 3721 6195 4690 1559 5441 6734 691 4010 4930 1610 3652 2517 125 6327
2784 1417 2617 6996 1605 4817 3644
3688 1417 2390 4235 5316 2231
8863 1417 2728 656 2305 338 4227 6309 569 1947
18849 1417 1491 2527 5108 4490 4340 6442 1660 1024 4648 6083 3114 5483 4471 6929
9164 1417 3062 6746
13330 1417 411 2192 1671 4902 655 498 4806 2244
6136 1417 6046 452 3514 5168 4185 332
10625 1417 676 2757 1202
12446 1417 2996 978 5850 792
18911 1417 5784 2757 2390 127 1260 6368 5448 5617 6466 6195 1761 6583
1295 1417 1913 3300 513 2609 3737 1895 879 4357
11671 1417 2617 2010 6762 4708 4478
4379 1417 2980 2062
2895 3059 2264 1763 5303 3632
200 3952 5011 1913 1166 3516 4970
12056 3952 3819 1283 2390 141 3514 4355 4611 4830 6530 3333 4641 2860 4710 1823 5008 6914 1575 2632 627 4883 5212 2073 5356 88 3674
14716 3952 4777 1652 5178 2202 6555
1362 3952 3849 5637 2581 4855 63 4306 5678
7895 3952 411 1489 6785 5353 1301 2305 4611 3385 3441 2022 3293 6022 769
6802 3952 4601 2202 4652 5641
11479 3952 1304 5108 4742 141 6568 1676 838
2680 3952 6879 2617 3516 6380 297 4846 560 4151 2297 1805 3946 151
11933 3952 6189 6261 4948 3717 1405
5338 3952 7029 3107 1209
2162 5720 4164 4605 2562 5849 2219
10849 5995 3835 5108 2859 825 1679 432 4454 3674 3193 7 4269
8328 5995 799 3727 3023
17514 5995 2892 6341 3246 2554
11989 5995 4342 2710
8422 5995 2581 5353 4467 5908 2507 6752 5768 2870 2940 4353
11893 5995 4104
5553 5995 4590 1088
11351 5995 459 2264 1009 3216 5603
2585 5995 2100 2634 799 825 3532 5350 915 6499 1575 6021 114 4670
7188 5995 3721 4682 4496 403 4190 5767 2474 3784 4660
7683 5995 1459 2100 1492 6222 3522
6621 5995 5793 80 1000 5463
6406 5995 5353 1864 6635
12532 5995 2879 4115 6150 422 6931 4049 5379 766 876 4454 2436 1776 5795
4725 5995 5040 6583 125 3937
12949 5995 2594 6195 6583 6647 3667
11960 5995 303 1709 5350 5352 3241 1382 4043
13737 5995 2057 5821 3600 3279 6785 4490 1679 5453 3898 4830 2023 5985 1033 5800 3905 2284 1640 5015
13402 5995 5908 1058 328 804 6894
16128 1264 5113 5553 5378
2786 1264 5648 6931 2983 5123 5413 571
6097 1264 5657 2583 169 1114 5003 3530 3685 3963 6488 3136
17698 1264 3983 482
7055 1264 4599 5923 3354 2499
12568 1264 4148 850
9730 1264 5837 3869 3385 4838 2244
9747 1264 3408 452 5503
18824 285 3239 956 5099 6143 925 5910
13044 285 2879 5854 4704 760 3019 3430 6446 6594 2210
17652 285 362 1767 411 4876 2307 6224 6459 1071
6221 285 3983 6066
4240 285 561 6868 1339 2025
12738 285 5763 784 6568 2980 2882 4992 5063
7440 285 1459 790 3626 6721 4221 5241
4698 285 3816 1574 4110
13631 285 4351 950 1791 3781 2239
13863 285 6865 3416
2988 285 3927 3600
8736 285 1679 6442 1119 4771 6559 741 3755 1996 322
14269 285 2508 337 6679 498
7232 285 6210 760 4905
7114 285 1255 679 3213 6555
14977 285 1489 4210 3630 6141
11586 285 411 6887 4156 610 3793
9681 285 5240 3403 5500 4449
14626 285 3430 1685
6794 1966 2372 6882 2023 6673
4152 1966 5323 339 5387 6583 2737
8630 1966 4776 407 4641
13184 1966 6868 3983 3813 5865 1707 5523 1781 4170
18641 1966 4742 3693 1052 3469
5316 1966 1791 4710 5047 106 1901 203 2101 2297 3134
8840 1966 3172 5040 1645 1559 6763 2574 1612 5838 792 6509
12898 1966 1131 1913 5353 5111
2262 5481 4830 2284
9518 5481 1535 1394 3902 4960 965
12043 5481 1839 4903 5763 2790 4705
8222 5481 1157 2573 2980 268
17748 4526 1491 2504 2316 1394 4876 3215
442 3278 411 639 6885 1754
10517 3278 222 560 4148 345
15649 3278 452 1708 338 3685 6043
5813 3278 4699 4611 2980 3536 1405
12058 3278 2418 2239 507 6968
18718 3278 3699 1990 4491 4538 1393
16629 3278 1872 4491 3540 4419 2858
7201 3278 6785 1535 3077 4633 5526 4863
6228 3278 5449 3663 2305 5197 5461 3572
16468 3278 2977 1003 6931 80 870 627 570
612 3278 2863 1953 5804 5838
1488 3278 2403 6227 2668 5563 4305
1821 3278 6868 3057 2647 4009 2305 3288 6937
4809 3278 3902 2023 335 741
13447 3278 2701 1203 6628 4421 1438
14799 3278 2590 5596 3772 481
4608 3278 4742 5401 382 315 3354 5985 4701 235 6208 2562 1442 1426 3259 1447 6781
10269 3278 5579 3181 5788
1462 3278 5558 3869 2670 956 2461 665 1229
6795 3278 4777 210 5074 3030 2612 3966 2208 6770 3272 2927
15747 3278 5765 5245 174 698 4682 4607
6371 3278 6785 141 3214 1575 792
3549 3278 4242 6310 6631 1535 5564 1110 3966 1219
16776 3278 1204 2879 35 344 5108 339 4694 554 4790 4156 6171
147 3278 6468 6785 2980 787
2250 3278 5558 1203 2395 1110 3899
17725 3278 3819 5143 4235 4876
102 3278 4108 832 4876 6309
2592 1491 91 4426 6002 5511 2305 4876 4792 2562 6576 1538 1951
17192 1491 3850 3693 4454 4970 3370 2417
9761 1491 1344 1283 6721 4876 6511 6446
13786 1491 3853 3450 1686 2980 2860 264 40 4517 4177
611 1491 2701 999 4235 2957 1901 603 6079
1937 1491 2100 3721 3523 5226 315 1405
384 1491 1459 3210 4515 4527 4742 701 2980 978 915 1575 5027
16923 1491 320 6018
6111 1491 1005 3354
13212 1491 4235 6785 3505 5350 3614
17216 1491 6465 4876 5844
18712 1491 2100 6868 5168 6188 3181 3781 4326 3413 1407
10690 3487 6679 799 894 5581 5420 125
17643 3487 5628 3982 4885 2581
655 3487 4859 4227 725 4846 5521 2472 3280
2866 146 3826 5204 4970 5860
2163 146 5433 5448 3922 6458 5105 6841 2494
8835 146 6949 4662 4810 4806 7004 1243 1074 1276
18888 146 1782 6511 1575
12806 1972 6861 5113 1655 239 2685
17465 1972 2305 2025 6759
9099 1972 4850 1405
7119 1972 1304 6505 6126 2026 6759 2514 3397 208 6396 1194
18117 3699 2748 1732 125
9920 5014 4198 3710 3523 6188 2639 1682 2909
1658 5014 1459 4846
10912 6642 5408 4777 6878
14721 5059 5214 1946 3123 6206 1213
6560 5059 6599 6546 6442 327 6583 3364
14766 5059 6605 2871 5808 5652
7106 5059 1304 614 6214 3663 1517 2260 6379 4625 5997 76
15280 5059 5100 5074 175 520
17885 5059 5676 805 1877 5594 2072 5810 7016
18720 5059 3385 665 5903
7599 5059 4961
7730 4381 6813 1818 3772 3674
5075 4381 1556 3248 6371 5728 2480
5719 1849 2864 3544
10661 1849 1489 1901 4745 2177
2958 4643 5931 6314 4478 4684
980 3384 4048 4945 6499 5940
14532 3384 5373 2871 1758 960
15072 3384 1304 174 5290 43 6763 1374 6878 6083 5279 3716 1743 2022
18464 4033 2565 6568
5856 164 1923
13734 5818 3079 120 3074 3454 1243
10460 2976 4633 6370 935 2213
815 4402 4477 6680 5168 6673 3137
18300 2192 141 1808 3606
2923 200 6984 1901 1241 5496
12652 200 2884 5142 6930 192
8008 200 2465 2260 1241 2559 1405 408 2592 804 2554 3204 5444
4319 200 3902 2143
1047 200 167 5915 4477 5459 4983
7488 200 6145 3150 1211 6266
3244 200 6086 3729 781
14739 200 666 4011 4688 4963 40
15413 200 1312 5667 6458 5017
4020 200 6691 3979 4690
3078 200 3554 4490 951 3341 2980 3398 3658 3772
8705 1755 5185 4653 5083 4383
5507 1755 3385 3364 4544 2201 5114
9573 1755 2349 4955 3809 3074 3335 5398 1243
18879 2225 4108 6361 210 3727 4156
5731 5214 2192 166 1110 2574 5867
7597 2701 2834 1074 114 4588 6740 6057 5332
10876 2701 6872 649 2382 6511 5554 1909
7085 2701 1075 4874 6120
9083 2701 3819 679 6583 5668
6492 2701 3600 6785 436
10428 2701 1419 3544 3264 5979
7044 2701 3870 2305 627
7371 2701 4777 1327
3175 2701 141 4490 2677 1461
10058 2701 5522 416 2025 3530 586
3641 2701 1203 4186 3514 7003 4830 1763 6114 5841 6826
14745 2701 1671 4662 6681
7901 2701 1271 5904 6764 3288 3655
6797 2701 5821 6380 1464
17390 2701 91 708 5353 164 6721 2305 4611 872 3130 1129 3966 2037 6804
14394 2701 5453 5111 5316
7508 2701 5899 6086 1808 4630 5421
16069 2701 19 3153 2498 2483
18631 2701 1847 4900 2324 1993
14155 2701 4699 2906 674 5629
1855 2701 4590 4730 5651 951 6371 114 6898
5032 2701 141 2869 6673
15592 2701 6313 6868 2980 4148
901 2701 6551 2823 1636
555 2701 3227 3850 2023 5081
11319 2701 2770 907
15423 2701 3791 1419
17475 2701 4334 1100 79
15258 2701 5454 6868 6546
17695 2701 2823 6745 198 4690 172 2176
13242 2701 2057 2390 4235 5353 3721 978 6746 1393 2927 2143 544
5383 2701 4777 4090 1535 3523
18477 2701 5408 4777 2814 1660 1709 3157 4148 2935
10969 2701 3824 4645
3719 2701 3564 3410 1987
1182 2701 2573 6785 5411 432 5563
17649 2701 3494 3850 6380
17385 5185 6735 6551 6880 3809 1577
1335 5185 4214 2583 3428 5457 3809 1057
7528 3927 4242 1299 175 2524
18739 3927 3490 3079 5168 680
13024 3927 5156 518 3385 1676 1149 792 777 1691
17387 3927 2248 2515 1946 5522 3416 2126 2696 5849
5866 3927 4832 6188
9356 3850 2305 4946 2927 322
13390 189 799 2536 4659 5360
2222 2294 4884 2348
9442 1304 1108 2617 2814 4995 2328 3781 60 2910
15403 4948 4510 1089 4652
8257 4061 1754 4093 726
13610 6352 5449 435 679 5353 3949 785 627
17281 5971 4426 3979 6307 563
3183 3983 5104 2239 3147
8501 1304 765 1511 395
3773 1204 6210 5222 2323
63 1204 164 2647 5625 5252 2870
1631 1304 6373 1088 5610 3873
6401 1304 5579 4777 6960 4327 1260 87 1148 3979 2305 4611 6583 4882 5034 6161 3397 5469
13779 1304 5544 3782 6321
16865 1304 6784 219
4224 1304 411 2073
16414 1304 905 5111 2528 5703 4478 5967
10686 1304 5234 4777 4462 4501 1429 2905
11715 1304 1559 6186 5001 5795
2704 1304 3824 327 4411 4879
487 1304 1911 894
10679 1304 3626 2372 4148 2791
5134 1304 6565 236 1836 4845
2177 1304 4777 5732 5108 999 1381 7003
8487 1304 4303 2418 4460 2814 5353 2642 2305 4570 4383 573 3619 2677 3395 2168 2382 1575 2632 4042 364 5291
3059 1304 4777 5184 6476
6332 1304 959 1104 2712 4005
5420 1304 5387 6734 6576 2554
7870 1304 4861 1400
3749 1304 6885 99 6195 2835 172
9423 1304 3544 7021 6981 5889 6488
4534 1304 337 1419 3128 279
12307 1304 5135 5409 1234 5788
14230 1304 4351 1472 956 894 338 5805 5563
3784 1304 4742 5353 5760 3452 2778 4609
10388 1304 6645 6371 331
27 1304 5049 918 2957 4771
7426 1304 35 4477 5581 2833 6530
16895 1304 4758 5674 3122 5063
11756 1304 5674 2833
11237 1304 1088 4830 3636 6746 5486 4221 334 5405
4323 1304 1340 4777 799 1632 1808
3017 1304 4855 5088 918 902
19352 1304 1603 6635 3055
10651 1304 4050 2581 586 3614 3737 2453
1355 1304 1020 2483 6808
14677 1304 4202 1486 2997 5904 3094 4762
12256 1304 799 2957 1434 3147
435 1304 2508 4259 1479 4148 2960
10386 1304 4600 5099
13674 1304 5821 5962 3636 6083 900 1917 1375 5184 3674
5931 1304 4699 4830 4478
17139 1304 2160 6868 2296 2105 2294
1068 1304 1886 4341 5953 6594
18918 1304 4830 5563
494 1304 1299 2084 1818 3346 674 1655 3003 2096
15462 1304 2315 4461 850 4652
2357 1304 4079 951 2312 879 6594 3259
6419 1304 3636 2940
3990 1304 3523 3957 6882 50
19195 1304 383 5944 4855 6721 1496 6188 6676 6930 1458
11316 1304 905 1535 5152 6872
14666 1304 362 4777 6568 3398 175 246 5008 1676 4478 6822 1659 1832
11579 1304 6412 494 2823 3014 1166 6109 480 701 6619 110
5714 1304 799 4825 2968 6511
18566 1304 3853 5360 950 1479
1621 1304 4742 6662 4478 2927 1101
16431 1304 4929 5643
5080 1304 2300 898 1603 4530
3259 1304 4564 1559 5652
16201 1304 1535 1671 6568 2023 3441 2598 2245 4478
11959 1304 104 1913 1660
9780 1304 6313 3439 5353 4049
17177 1304 4050 2747 2064 3105 6034 1624 3737 1393
18937 6129 3210
10792 6129 4351 6868 1913 3626
6528 2226 362 6588 165 3216 6030 2315 3229 4268 5829 6594 925 2761
12482 2226 3993 2010
7732 3391 6264 5997 6913
14441 2338
11786 6597 5353 5824 706
4807 6746
18218 4777 4164 3940 370 4566
1302 91 6119 3408
15117 6442 5422 1901 826 5795
12574 5373 2338 3548
11120 2088 654 141 5405
4902 3216 2660 3491 3193 2801
6830 2807 4284 3606 6114
8516 4855 6269 3450 6878 3288 4771 79
10240 4578 1110 4732 4948 569 3737 1986 2888 2625 6950
6540 4924 2332 7007
10995 1858 4699 1789 3364 2488 6309
12696 3239 2469 6368 1094
54 3609 2166 1895 6610 6021
16836 3897 4277
7774 5323 5353 3721 3824
11176 4758 2023 583
8701 5353 2146 6417
11846 2264 1881 5316 2050
4139 6313 6813 6086 5386 5743 6630 3356 5679 5504 6406
825 5448 1550 757 4700
9475 4810 2980 4540 6242 221 208
15874 5730 1234 4148 6700
60 5667 189 3635 4832 4154 6348
7708 2100 3239 2634 6368 5152 3522 6383 2980 3737 331 2062 485
16586 3356 3708 6759 6490 3031
9874 5558 4478 2143
10044 3694 1709 2980 4148 5555
10421 5042 6675 1559 4993 4682
13824 2115 898 4323 1058
7950 6150 2390 6546 1729 4846 804
15686 2870 6700 930
16860 6097 6618 6397 2459
19174 3252 3902 5500 2935
4860 6868 5108 164 5904 335 6357 1249
18348 2980 250 2858 3461
9177 1148 4454 277 792 796
2113 3733 5091 4855 2685
18089 2992 6470 6213 4566
3949 2100 1808 1114 4478
2054 799 1241 792
4970 2063 1749 4705 2669
8465 4425 3248 1129
6285 1858 4284 3813 4767 1664
8441 91 4742 203 2062 2685 2562 6598 5364 4671 421 5826 2352 2470 2090 325 6811 3047 738
7762 3727 4284 5311 1479 2595
1517 168 6238 6910 2489
2522 5854 6631 2448
4893 4777 3983 5353 1002
16665 5674 4211 3737 240 3937
2481 3316 4061 2709 92
7773 4777 1434 6272 1914
13423 5579 4777 1378 1535 1679 1500 6882
7836 6956 4770 1279
17670 1110 3904 4846 6681 5469 4588
2397 2814 4340 951 3129 3899
5029 3303 4630 3904
6591 5579 2305 4611 6253
18380 5579 1260 5316 1110 6568 5000
17886 3694 1888 1738
18519 411 6864 2980 1243 2791
14227 3727 2980 5504 5444
14054 1603 4795
8901 2957 3961 4701 1303 6874 3996
14731 3239 5597 1295
18384 3476 6876 2871 1976
7631 4934 1459 1060 3663 865 1866 2957 787 6511 6844
3775 947 6042 1378 563 1374
15960 947 5936 2736 3632
4354 947 1053 4545 3221 2101
12454 3316 2088 4777 3239 5230 665 6188
5127 3316 1761 2837 2239 3662 1685 3540
9493 3316 344 1400 6551 2814 6012 6721 1703 3063 4156 4611 5414 6635 6146 3737 5053 823 204 5710 3107
15370 3316 5353 2130 6151 4336
17981 819 1203 6721 4962 4710 3422 3213
19320 819 6868 6400 1708 338 6537 619 5970 3601 5798
1093 5512 2884 1596 6531 4981
2434 5512 6793 5915 449 6885 1894 1913 6910
17488 5512 2527 1648 2638
6907 3494 6570 435 6868 799 3444 6545 6533 6681
19071 3494 4868 4816 3129 879
6030 3494 6442 4227 5985 115
3898 3494 5560 1641 40 6961
16346 3494 3733 6882 3868
3442 3494 411 3361 1883 4980 5394 2069
16237 3494 5904 4341 1516 3674
17843 3494 4777 6931 3030 5878
17714 3494 4777 1119 6011
1308 3494 5821 4242 3386 2007 4323
17077 3494 6086 6777 6309 6882 1149
18164 3494 6233 4644 3480 6559
17715 3494 4846 4464 3644 6875
19384 765 5353 6583 3356 6022
7353 765 5852 5752 2891
10053 765 1166 5353 1156 4538 3114 1927
11326 765 2160 5558 2814 5401 688
4300 765 4722 5353 4383
351 765 1260 3949 6583 950 5656 6218 1303 5041 6084 474
3853 765 6370 5090 853 1498 6694 447 5975 2586
18452 765 6868 2483 2323 2791
5912 765 3772 2453
15528 765 1459 1511 6466 6583 5160 6265
1326 765 6868 4156 2023 3356 6594 792 6288
2410 6784 2599 679 2871 6039
15222 6784 4906 2692 4076 5715
3209 6784 2617 4989 3882 6114 5283 5577 1565 1927
17986 6784 3104 1535 3626
11782 6784 6565 2758 1603 1434 2101 540 2878
13285 28 189 6185 2906 2395
6928 28 4226 4426 4227 569
19236 28 6868 3828 1534 6239
3833 28 500 5955 600
8373 28 1489 2144 1836 915 4434 5801 4478
2266 2386 3437 3711 1853 3098
5371 2386 5525 5276 4742 4067 2102 1322 2001 6930 2154
5946 5202 3129 5350 7042 3354
15227 3277 513 3498 4763
19212 1459 3104 3788 2206 4056 59 5800
11320 1459 3428 5742
9406 1459 4795 126 7037 3110 3632 2371 5002
9781 1459 6679 1489 6984 6389 358
18534 1459 3523 2577 3593 1599
10726 1459 534 1226 5033 1231 4494
2780 1459 2814 6832 498 3350
18453 1459 342 3153 2026 6192 2927
15351 1459 1232 355
9484 1459 4866 2993 5796 5877 3079 5459
13909 1459 3210 382 2758 1588
15119 1459 5011 2660
9038 1459 6523 1895 4224 2470 612 930 2261
5876 1459 1419 5323 1479 3820
12636 1459 4558 2023 1565 5643 2739
8383 1459 4730 63 920 6882 792
3871 1459 6984 6757 1199 3674 2628
10432 1459 3727 2481 2636 1276
766 1459 3361 5555
3275 1459 5453 853 4628 6957
16257 1459 6975
12069 1459 3239 339 2523 5247
409 1459 4108 6328 2634 799 4832 288 1689 4284 2927 3036 2453
616 1459 639 2814 1405 6894
25 1459 4694 1912 5459 5168 5350
7829 1459 3897 2728 3574
16149 1459 3730 2047 6266
159 1459 3902 4682 348
338 1459 3576 5604 5053 1252
2109 1459 1203 6315 6195 3902 2980 175 4203 6022 1252 3350 4980
11368 1459 3417 5763 1252
14372 1459 6310 300 5353 2025
10533 1459 3850 784 3536 3356 6951 3758 4806 1895 5672 6043 1252
16976 1459 4777 6619 5350
14931 6210 1723 5745 4611 338
4243 6210 5111 4829 3602 3802
13022 6210 3062 978 3968
3615 6210 3587 5310 235
12278 6210 6868 3239 3997
4342 6210 3079 5459 3377 4924 5838
4416 6210 4777 2640 6568 6511
9655 6210 1268 3104 5152
15354 6210 1912 3364 3341 235
15120 6210 5033 5953 6594
6519 6210 7003 3636 978 1589
7772 6210 5821 1489 5522 6882 4211 5729
11369 6210 339 4948 542
234 6210 4859 5016 3350
11627 6210 2871 3169 2413 6994 4478 221
4837 1397 4824 3245 2589 1207 4459
4440 1397 104 5576 3019 4156 5316 1655 1619 2049
18311 3480 3504 1117
16893 3848 2363 2634 2102 2583
10016 3848 6589 4256 4018 573 7021 5970 2767 4008 7037 5795 1740
4286 5193 3239 4611 4106
8741 5193 6300 924 6004 2688 3913
1534 6202 4814 2495 1679
13655 6202 432 5526 6027
16297 6119 1639
19011 5908 1458 481
15628 6631 21 1125 5002
8908 5651 3444 4823
19286 6095 2462 3540 5819 2143 3491
4442 679 4605
5329 1559 3309 5783 229
5192 2205 3850 4810
2293 4611 725 3778 5967
874 4950 679 164 4490
12815 639 3532 23
1870 4777 6568 2980
19355 5142 5511 4467 4454 3538
8254 740 3963 2208 5480
18895 5449 6762 3234
17516 1472 3870 3385 2023 6635 2452 2567
10515 1592 5353 4630 4908
10275 91 1060 4156 338
1740 91 1378 2665 4657 1996
4053 91 3455 2442 3193 5171
12388 91 2191 3693 3391 2882 2146 4369 6275
19161 91 1115 5142 4341 958 2459 1738 3754
16033 91 6086 3727 3034 5474
10811 91 2007 2632 6697
10889 91 4855 5669 5414 4509 3782 2575 4453 3095 6255
17174 91 2647 2670 2874 4456
14486 91 4830 3037 4568 1292
15568 91 2160 3677 4156 2459 5547 4365 6499 2101 3272 2094
2216 91 549 3128 3727 6442 5168 2779
2022 91 6281 5353 3898 4701
7189 91 5425 615 2716 2046
1188 91 2507 6939 3902 4747
1402 91 339 2376
15828 91 6868 999 4156 6878 5389 4268 857
12681 91 4263 2395 3346 6380 6984 3030
1135 91 6518 7000 2147 5334
12112 91 3239 452 327 4611 6594
3578 91 1283 1393 6275
11523 91 3326 452 2750 5361
5958 91 6203 6188 1575
15675 91 5108 4705 3599 6712
9622 91 5074 3607
542 91 669 3182 6198 6509
5822 91 4590 3239 3733 4066
16605 91 764 2452 6138 4998
7825 91 659 131 3291
16393 91 3536 2026 792 5555
5337 91 6915 4662 1678
18053 91 5091 5863 3521 437 700 1375
12130 91 4069 5628
7425 91 6864 6195
278 91 3239 4725 104
14869 91 1203 453 3404
3308 91 1860 4948 3356 6874 6108
14444 91 6868 6511
12324 91 5558 1535 4462 6618 4810 6511 1407 6528
7649 91 3326 3741 3480
8457 91 3554 3019 4145
15762 91 3819 3020 5353 1088 498 1199
6786 91 5676 5272 6370 2044 3280 266
2024 91 6434 6713 4735
5384 91 7029 1260 6203 2639 5755 4404 5998
17266 91 4156 3898 4705 3216
17406 91 1489 2834 1229 1917
15438 91 3289 4363 5271 3920
17464 91 3727 3532 3398 2866
2549 91 1707
2942 91 1987 3531 5638
10915 91 3750 6868 210 5040 3472 5152 2074 5926 5350 1502 6272
1235 6403 2976 3057 2647 2461 4383 6537
19418 6403 4940 3925 136 4008
4833 363 659 1115 6286 1339 5866 6354 3300 3256
18002 363 3439 6112 2305 6882 2544 2660 6165 5361 671
1550 6477 4198 618 181
7094 6477 3267 2007 1217 6401
17420 6477 1749 950 4005 6356 4853
1463 6477 3852 3544 2493 2668 978 6327 2632 5717 1976 5858
14565 6477 3298 2487 5908 5378 5029 6894
10671 6477 6785 6389 1119 6098 777
11950 6477 964 6332 2582 3147 6134
14683 697 4742 3733 3356 4607 5398
16784 697 1808 3899 1002 1567 6248
11157 697 3239 4405 243 3139
15329 697 5350 2866 1542
3206 697 785 1334 3165
8633 697 1818 978 2975 5996
1540 2810 3366 5985 3342
3207 2810 4820 2940 6961
11620 2810 2192 785 1987 5581 958 5168
7446 2810 6095 2239 2710 6812 3274
3823 2810 6523 208 3469
8489 4630 4902
10948 2323 5212 79 3344
5406 4814 2398 6145
17116 4814 6053 1318 4468 1701
10301 5142 4664 387 974
474 5732 4194 1596 894 1530 4279 21
4894 2814 3062 6942
9629 3663 3733 488 6354 5472 5936 2612 5797 270
8704 1228 5353 382 5210 5682
2398 6335 3227 1535 665 5104 6459
15733 5195 810 6386 2461 6442 6402 2786 879
7476 3239 3897 5047 203 1575 2208 2940 2909 3937 769
377 3623 6207
14784 3239 5637 1506 1636 4901 1309 2059 6828
4967 3523 6531 5130
10017 3239 3523 3094
994 4814 4094 2763 3498 3670
16413 4814 4885 484 2294
926 4814 339 3742 2413 2940 5184 2480 5998 1194
16598 4814 2569 1427 2355
18003 4814 4699 2390 164 2618 4454 4190 1701
15536 4814 6233 799 3040 3395
15295 4814 3554 87 4876 4881 820 6126
16197 4814 2023
936 4814 2814 6984 2852 5724 3193
1655 595 4387 4651 3979
8092 595 1019 6291 5255
8631 595 6589 4910 5354 3447 4224
11568 595 2440 3356 3792 2863
11241 3308 500
6415 6824 2980 3876
11322 6824 1203 4108 3479 6785 1645 6568 655 4405 978 2446 3257 4221 6499 2101 4686
13448 6824 5316 4168 5804 1329
2747 6861 1512 2349 2617 3727
11308 6861 3727 1479 701 3147
5128 1028 320 4018 4490 6290 1057 2284
15910 1028 1511 3983 6785 6882 2960 6499 4478
14921 1028 4428 4874 6505 1052 175 5000
3154 1511 5353 1088 1676 2101 50 6141
14807 6589 4018 4423
7442 4942 1400 6867 4927 3505 6511 332
5033 4942 6086 2395 911 6188 821 6177 1714
13775 4942 4940 4855 956 4611 4584 65 879 5178
1743 4942 4035 3763 5352 4854 3195 406
18910 4942 1631 518 6485 5954 6530 3787 203 4762 6145
6124 4942 6836 975 374 4629 3685 5768 741 2613 1956 1320
4952 4942 6916 5360 5412 1658 3506
3060 4942 3183 1913 6721 3619 4710
8393 4942 3853 6868 2634 3653
15943 4969 4156 2023 4151 2940
8143 500 5942 679 5735 4462 4834 4477 4926
15133 500 2814 6785 6777 1776 3234 4314
13157 500 340 6185 1058 3177
15369 500 1148 1818 100 2047 5352 3574 172 4708
10249 500 4387 1365 3738
9497 500 1505 5649
5296 500 3211 5298 3713
1924 500 424 6086 2316 307 1556 2980 5352
12426 6954 2664 4697 5710
6140 6954 1723 2980 6942 5880 1085
12951 523 5459 3463
7068 2807 3038 5579 6915 3123 4825 2758 4687 2844
562 2807 2064 3788 6002 3934 3327 6419 1252
1013 2807 1027 1794 6785 4121
535 2807 6984 844 4489 6511
7300 1027 5353 3414 4682 4854 2452
14070 3038 3238 87 3129 2695 2927
9753 3038 4518 1913 7016 5727
4762 3038 2100 4558 5088 4405 4454 4167
11321 3038 3239 2393 6474 4478 2878
6510 3038 5794 6583 4089 5843
1203 3038 1631 2166 5159 931
2099 3038 1312 4599 4662 471
18798 3038 2814 2010 2203
3381 3038 4770 6187 5904 7003
7108 3038 6588 4704 6992 440 6865 2222 360 2507
13800 3038 1419 4048 4491 5521
11263 3038 2590 2940 1067
7601 3038 2527 744 2509 4854 1716 6573 741
13185 3038 4477 1738 5500 2483
3473 3038 6760 898 656
237 3038 494 1322 4611 3288 3782 6424
16087 3038 1400 4758 1229 5104 5381 5547
12887 3038 4590 3742 5674 2882 4601 857
7930 3038 3303 2353 211 5534 2574 876 5811
3134 3038 5312 7022
10507 3038 909 6629 2195 2566 969
952 3038 1882 1913 3153 610
10109 3038 6721 2603 2101 5727
3414 3038 821 4671 3868
7614 3038 1936 1097 1197 5285 4848 850 3632
7603 3038 2770 5997 5841 2208 2940
2240 3038 4611 4383 2651 1389 3129 5468 2453 1558
11080 3038 6803 4414 4708 5184 4671
1173 3038 411 624
17742 2057 5195 5189
11155 2057 1767 5353 6380 5563 1002
15605 2057 5537 5597 4277
13312 2057 6620 6746 6480
16198 2057 639 5414 2863 4673 3076 255 6022 4071 457 6860 5924 5181 621
12690 2057 6605 5916 6086 5606 5581
6300 2057 5195 4351 5603 3937 2873 3746 5861 2219 3586
3858 2057 6744 833 4903 3024 3241 4795 907
5972 362 1808
1381 6310 2962 432 6951 4363
5774 4834 3522 2932 6746
12705 5252 3129 2957 4221
7898 2192 6086 1987 755
8165 4777 3850 5350 2957 1149 3147
18328 3853 3675 2814 6785 1233 5936
11476 3853 5353 4467 4478
4686 3853 2084 2481 1761 2595
16453 2821 6915 4462 5876 1672 6937 2094
17421 2821 5596 3075 138 2059
8749 2821 4180 45 2513 6685
3611 4590 6583 4728 6154
11978 4590 35 5985 1319 1464 4184
4662 4590 5709 5188 4760 203 4423 5178
3443 4590 4520 785 3613 5633 4760 5563 4461 3607
9179 4590 4758 7003 5808 6939 2940
17917 4590 6789 5401 3385
11863 4590 411 6785 128 4625 5025
13620 4590 5397 6583 47 3630
9916 4590 3587 5564 6171 5728 6474
6256 4590 3492 5183 331 1534 6516 650
9684 4590 2088 6498 2901 6390 2413 901
14381 4590 6785 6882 5679 3916
15299 4590 3385 6829
6081 4590 6052 6583 884
18235 4590 2879 1686 6746 4177
18097 4590 4832 2980
7364 4590 4558 1561 3109 4930 2582 5773 5691 850
14777 4590 4839 676 3878 5104
16418 4590 6034 3193
12682 4590 6785 164 2612 6208
4834 4590 1418 2763 4708 1649
12404 4590 3587 6987 3114
13168 4590 2390 920 6583
8644 4590 6095 5278 3694 2582 985
1578 4590 4767 5681 5190
7808 4590 3819 1053 3882 6619 4167 2802
17618 4590 2099 1075 5950 1172 6262 1119 1101
4039 3437 5276 6631 3983 4048 3201
10202 1994 6915 4226 6483 2495 5004
17828 1994 3564 6012 601
4797 1994 6344 6442 4542
10401 5579 3852 5449 2634 2583 2642 4009 956 169 950 338 1198 3530 243 2975 6488 6069
7190 5579 6868 339 6606 4011 3418
6831 5579 4777 2757 554 1123 1482
13567 5579 5420 827 3356 5563
15626 5579 2064 6868 6583 4720 5681
496 5579 5230 3850 3721 5232 6777 904 6578
10669 5579 1901 5027
14590 5579 1157 1913 586 2820 1234
10558 5579 6868 5794 584 6619 4510
7466 5579 4426 6034 2457 5328
7260 5579 5274 6442 2074 4211
2938 5579 3727 4049 1479 1776 5680
8160 5579 4462 5353 307 5111 3716 6511 2453
6703 5579 6816 3902 1434 3143
2622 5579 1530 6882 3772 4960
9105 5579 1858 3587 4077 2118 936 2739
11440 5579 4303 2305 3966
5909 5579 534 5118 4789 3406
4751 5579 3523 2957 3114
7813 5579 6785 2026 2101 5819
2868 5579 5448 6721 6375
16740 5579 4226 4699 6442 3411 1781 769
17246 5579 5558 4387 5114 3147 5194
6763 5579 2527 5621
4476 5579 1434 3466 6657 3292 3461 4818
4668 5579 6692 5240 799 1632 920
7236 5579 4135 5195 504 3326 4611
9431 5579 5142 3737 1342
17800 5579 4108 5449 63 5102
5389 5579 5353 3536 6041 172 6499 3861
5474 5579 4866 5959 3727 2074
14332 5579 288 5174 879 4409 1813
16914 5579 3660 4731 2814 4762 6211
5701 5579 2876 403 5838
1459 5579 3272 4652
16073 5579 4226 3928 4815 6458 2645 5678 2759
3391 5579 666 6933 1334 6687 648
7694 5579 6389 2294 4789 1575
17399 5579 4387 5207 3882 4846
9325 5579 4242 5580 4885 482 911 5135 2709
3951 5579 630 4825 1680 2980
6600 5579 411 6785 6721 2305 6606 969 5880 1407 3704
9562 5579 5573 2032 6306 452 6832 4421 3074 2026 6775 1305
16513 5579 4758 6354 1229
15692 5579 6868 104 4962 5414 6137 3737 6098 2453
3847 5579 2026 587
12484 5579 815 3922 4522 1639 5053
6632 5579 5558 1441 493 6665
1315 2879 3852 4777 3326 4722 5088 4522 4611 338 3644
10331 2879 1979 3279 5365 5259 1123 2481 839
5170 2879 301 6419 6380 2960
9189 2879 3033 2319 3933
16518 2879 6882 1836 3477
12232 2879 3800 6915 4699 4227 2023 6635 6511 2208 2118 4378
13891 2879 3386 1245 5657 416 428
15073 2879 6746 1732 6994
10100 2879 411 6442 1708 3737 3452
3010 2879 3252 6996 5222 2236
11336 2879 3111 2871
1585 2879 5091 1708 4326 1444
7554 2879 4235 833 2677 6665
14960 2879 3993 6876 25 2802 2767 5997
6980 2879 5916 1899 1655
8359 2879 5068 6086 2354
12728 2879 4238 6238
1841 2879 1901 1732 5632 2336 5194
10992 2879 2527 999 4573 1252
1001 5125 2325 2408 345 1012
1112 5125 5558 5977 2988
4868 5125 2986 1791 3502 4628
10035 973 2283 4859 2647 6442 4948 6511 328 6417
1370 973 5732 4630 5468 5116
682 973 6915 2590 3962 1800
10101 3750 6589 2323 4225 2930
12578 3750 3057 5353 4948
9565 3750 3126 744 825 6461 6171 4718 5679
17875 3750 4426 1228 2395 5252 391 915 6759 3272 6248
9738 3750 2469 1260 6785 2159 6583 3129 2980 978 4221 6499 3491 3892
1465 3750 1344 1930 2026
8878 4218 4950 6762 5709
15793 4218 3408 943 918
2913 4218 6485 5740 6022
8852 4218 300 5304 2249 1272 2882 6272
19422 4324 504 1723 4970
3184 4324 760 643 6380 5104 1393
7299 4324 5868 1419 679 3659 6816 6882 3398 6942 3707 2660 3469
14193 4324 152 4477 3030
291 4324 3239 2573 6499 6644 6610
13912 4324 2993 1260 1913 5353 4903 1374 1871 3306 3361
5372 4324 2044
15404 4324 1232 5606 911 2459 6505 3056 5781
13556 1904 6915 1260 1110 6371 1134
9321 1904 1559 6594
12444 1904 5353 4662 6583 6568 175 2856 50 3491 5406
11061 1904 2728 6012 2463 3721 785 4690 4405 3425 5350 6041 726 4055
2518 5942 6150 3813 133 1676 6141 2137 6688
12563 5942 210 999 4237 374 4205 6690 2050 3685 2249 6365 6529 6464 4437 2685 1199 6265
1662 5942 6150 4661 5074 6059 5936 2761
18351 5942 6868 3279 1172 622
13785 5942 3733 2645 5183 3592
11405 5942 4156 6509 6495 3510
7301 3226 2283 4740 1295 6195 798 6114 6870 1055 5126
18755 3226 4459 5679 2751 5000
19322 3226 2305 1097 5678
5018 3226 666 327 4613
3054 3226 4221 6089 3665 2174 1007
11802 1268 3126 5765 6785 515 4607
1889 1268 4722 5017
12094 1268 2583 2010 4758 2786 6930
9036 6975 920 4383 6690 2323 3136
11454 6975 6176 437 1149
9129 6975 1072 4426 3983
14040 137 2208 3644 792 79
15736 137 3210 6868 281 6931 3626
12849 3268 338
10004 382 3979 2487 1978 3199 6257
5271 1031 6672
14358 6498 19 6984
6937 6310 6077 60
18970 4050 1072 4777 5725 4478
4787 1188 6389 4531 4566
15311 59 1556 1241 2431
16095 5558 2612 3880 2636
11819 2050 5670 2791 1474
16646 424 5353 5691 936
14720 5597 2871 5736 5591 5691
556 362 1322 4901
193 6491 4832 4625 2023 4266 2022
9478 6868 764 3354 2876 4478 3448
18362 4303 4599 943 4570 5488 153 6043
8205 2617 6785 6878 406
3211 6336 4910 26
6129 2720 6175 3979 3632
8911 3564 2047 5017 1612
8580 4777 3332 5489 1913
6134 4961 4855 6710 3636 935 5616 5812
13329 4777 2814 4710 4957 5378
5225 5674 3052 4180 1559 1088 2439
17565 430 2620
560 6119 4164 1804 3523 3392 334
3393 6518 2147 654 339 4145
4560 5739 3366 6772 1660 3181 4905 4221
15850 5739 3983 2660
775 5739 512 1818 6984 6584 2438
3551 5739 698 1612 577
339 5739 5449 3125 2332 5642
17525 5739 4777 4742 6878 6746 2023
7218 5739 3239 422 4816 978
285 3112 659 6970 453 1970 6188
18666 3112 6086 3717 5788 5456 2291
8289 3112 1350 5821 2063
1535 4047 2127 2159 6442 5604
12958 4047 2161 203 2112 1071
8941 4047 198 1191 4767
6372 4047 3983 2957 5547 4354
2859 4047 7009 4040 6404 4645
29 1208 2063 1011 41 40
10310 1208 2527 5839 169 1641 3393
12936 1208 5732 6086 2032 3742 2295 480 2833 3356 5979 3968 3031 439 256
17292 1208 6915 41 1839 6721 6939 3045 6066 6855 6600 5946
3680 6062 1596
7681 549 203 2568 6528
2924 2683 4955 6012 3824 5270 3356 6511 2791 5147
593 2683 5511 6594 3469 1046 5071
9461 2683 4009 3782 6145
8275 2683 659 5256 2994 4914
19129 5821 5852 3060 5353 986 6123 2214 64
14722 5821 5558 4050 5350 5547 74 2201
7992 5821 847 3878 4342 1508 3368 5304 2609 60 203 441 792
15707 5821 5187 4742 6506 141 6865
14206 5821 2063 742 1987 5103 3889 2275 3073
15017 5821 5142 3109 6404 5398
12737 5821 3157 3592 3147 5474
7477 5821 3554 5736 106
5385 5821 659 4730 868 1987 4933 241 3924
14693 5821 6205 6203 951
17632 5821 6506 3516 2638 5103
15077 5821 2583 3289 3454 4994 1458
5299 5821 6203 208
2736 5821 3835 3949 6195 4930 2022 2685 1002 2927 6638
12471 5821 1877 679 1596 5103 2332 5804 4318
7074 5821 362 3105 1472 5091 2651 6568 2023 5204 2612 125 2208 3095 4652
744 5821 3850 6764 5846 5184 6298
6377 5821 6102 1760
14970 5821 1901 5063
17038 5821 4079 2010 2871 3569 2528 954 5928 6446 1451 536
18552 5821 3850 2677 2208 3973
14536 5821 659 3692 1987 2541 4306
4405 5821 2884 6511 3772 3593
17943 5821 2305 4611 1149 4546
16569 5821 6205 5992 4658 4605
12437 5821 4661 3850 5353 4830 3716 1149
19229 5821 6984 3781 1856
14879 5821 3279 6568 3961 5261
18817 5821 959 3835 5343 1679 3346 5113 3738 6523 6829
15749 5821 1631 3850 865 6721 6195 6568 2269 4454 6114 2710 5740 5521 3114
4268 5821 6640 6721 1480 1300 5381 4823 6514 2208
14361 5821 1870 1464
19045 5821 4123 6514
10171 5821 4470 3758 6417
18998 5821 4223 4587 540
5707 5821 2160 4940 4722 3523 5563 1149 789 536 6476
11424 5821 1133 6224 2101 1744 1756 2137 5471 1252 2154 4333 325 5859 3541
7226 5821 6662 1621 6188 5521
18273 2063 6205 2395 2688 3534
1266 2063 2803 6215 4454
5528 2063 35 2457 4927 5627 5516 6511 2120
4925 2063 6389 441 3548 2445 5924 3347
13337 2063 3852 1299 1987 1559 1517 5652 5908 3356 2208 5444
14333 2063 4518 5353 1987 1600
910 2063 300 1729 166 6832 6534 1447
7887 2063 4343 1407 1258 2031
11828 2063 905 4518 799 2871 6746 2069
3212 2063 1072 5152 6794 47
2148 1964 4235 4876 5283 1895
12341 1964 1228 2665
15790 3183 4216 2962 6174 715
235 3183 2403 5732 4868 391 3918 4803
15847 3183 452 4855 2899 665 338 3924 5727
1270 3183 2892 6865 4713
8742 3183 3809 6882 3630 577 2244 6079 4588
12516 5818 5852 3326 3060 1804
16424 5818 1782 2330 3460
9690 5957 5779 6379 5759 1442
18815 5957 909 5187 5816 6882 3310 2483 6509
3032 5957 120 2913 0 1676 3322
2149 5957 1808 3569 2408 6450
2857 5957 2117 4630 6405 1234 6463 2761 6084 5898 4396
4566 5957 799 4910 6016 540 5632
5890 992 4242 340 2363 3326 2509 5959 6594
5046 992 1107 6872 586 2927 3234
15030 992 5852 5276 4303 2583 338
3045 992 4599 2106 5923 3729
12622 6652 1636 5424
7578 6652 6915 3626 5908 47 2315 2430 6473 5531 2118 4684 5710
18110 1385 3934 4897 1502 2298 6211
10481 1385 6915 1260 1472 2118 4482 5362
11115 1385 2850 5142 2837 6114 4880
13367 1385 2191 2790 3356 4464 6520 1083 5444
8897 1385 3479 1708 4640 404
17568 1385 3532 5504 2320
6742 1385 5100 5912 4995 1808
10904 659 4816 6511
17149 659 6588 6911 610 2273 1707
9276 659 868 6939 1033
9320 659 7017 1419 4725 2296 6597 5353 920 3289 5936 5184 2613 5795
17057 659 4832 3721 4048 3356 162 6999 2373
14736 659 3291 793 4601
7776 659 5316 3425 6746 3234 2187
17270 659 339 4900 4540 6746
6982 659 3260 2208 1101 6509
1899 659 6336 4284 1097 153 5767
11420 659 3082 3391 3566 870
18559 659 6915 1203 6763 1727
2346 659 5488 2992 5222
16641 659 4108 3410 2835
6379 659 383 2832 3169
18436 2093 6885 2594 5259 6984 4383 1901 5885 1241 5724 4992 6750 5361 4878
8236 2093 6915 5708 3227 964 5353 3869 3979 6195 6171 4830 211 1660 915 5169 6098 3170 5308 79
7716 4951 1913 1852 2685 1002 3968
12234 4951 1747 3146 6257
16980 3126 2142 935 2918 1664 2470 4628 6639
9887 3126 2100 2418 141 3289 4830 1621 1052 4601
6012 3126 248 4611 4594 2632
18210 3126 6876 3595 2980 498 3288 627
9000 3126 2720 1060 1260 639 2647 5503 4611 1559 338 3338 1241 6398 2735 3937 79
16720 3126 4699 3343 6726 1535 5374 3842 5104 6568 5633 3433
16557 3126 2634 706 6914 6098 481 6326
10059 561 4777 1592 6195
13111 561 2827 4656 5047 2889
8101 5945 2106 4662 6229 4355 1836
16157 4145 2940 5621
3186 1203 6435 1796 3748 6285
719 3897 1913 6574
1529 2583 1225 2647
17607 4238 4093
6541 5644 4777 3019 5504 2062 1548 6576 4420
1680 5644 353 1763 3713
18632 6692 5278 3146
9198 6692 816 2871 3263
10733 6692 494 452 5252 1172 951 4148 6653 690 2927 1476
14102 6692 6915 4699 5648 1225 5322 780 6442
432 6692 4079 627 4283
13008 6692 5732 3137 1442 6391
15949 6692 6789 5915 1114 5903
10424 786 5426 3516 4994 79
16512 786 6485 2348 4762
6092 786 5350 6635 4994 5545
13540 1631 4587 6119 3239 3983 3949
781 4777 3077 3727 2889
17352 2380 6868 3983 11 2660
5519 2160 2294 2542 6514 2636 3147
6545 2160 4029 162 2592
2075 2160 1188 3825 5659 956 4662 4903 6397 306 741
6735 2160 943 3979 4994
2041 2160 3152 2023 6027 3143
17749 2160 59 4876 6914 3607
4774 2160 5389 3758 3055 4542
16498 2160 3079 4145
12845 2160 1207 2871 655 103 5795
19053 2160 5547 4957 2737 3404
13667 2160 339 4765 1738 6531
10941 2160 1119 333 1432 3199
3240 2160 4202 181 5570 6984 4507 5547 1434 1917 6213
3974 2160 339 1018 6503
5487 2160 4718
697 2160 2634 4599 756 2614 6383 4611 5488 2639 45 1986 6600
18072 2160 35 5259 4081 599 1714
6192 2160 4050 3523 3636 2943
12083 2160 2230 1888 4611 3644
11953 2160 799 2814 3125 5936
12575 2160 1943 6885 5997 4771
16504 2160 3742 785 5654
5047 2160 5794 4477 6842 3150
13378 2160 4777 859 1348 5547 4148
2916 958 6273 110 23 2096 1917
8676 6214 339 2657 4156 6837 4846 5791 6594 5767 826 5935
18206 1427 2488 2062 4085
6158 1400 898 6328 5356
14908 6368 3685 6375 507 3885
6120 2509 141 2980
15307 3587 5852 6193
1632 999 4821 6511 6594
17912 5240 5111 5928
11381 5240 6086 679 4340 2980 1735
1156 679 808 5767
12193 1950 1419 6532 2488 5033 2480
5814 3019 1085 3748
10805 6868 3983 5870 5111
10689 430 6146
16370 6328 1575 5171
6042 6336 2670 586 5979
9429 3870 4611 4511 3781
15642 3949 1229 996 6961
4298 3257 889 2143 777
13684 1019 6012 813 474 5430
17656 2443 2825 1184 6161
10600 5333 3079 6594 6750 3773
18671 5333 3245 2006 3523
1323 2573 2318 4436 1745
11067 6735 411 5748 498 6552
11121 4069 2051 6936 939 1021 1218
14823 2191 1419 1575 4353
9674 2191 5558 430
8212 2191 4215 4564 1923 4923
6223 2191 6764 2577 806 726 5679 5795
18201 2191 905 6188 3829
7288 2191 3239 1166 4902 2881 6511
16373 2191 6546 5674 2639 6083 334
10175 2191 106 1375 5940
18431 2191 2827 5004 4405 3129 2960 481
7228 1387 4777 3239 4294
17517 1387 6119 2509 2418 2395 4462 5353 4156
11964 1387 2088 6086 1492 4507
2233 1387 3239 6551 2647 338
2360 1387 6388 4357
79 1387 5408 1860 3416 203
249 1387 4906 2100 1990 4340 4778 2871 6405 3713 498 3311
4803 1387 2084 3505 2618 171
12545 5558 1749 3062 1941 4903 6083
14256 5558 3326 5466 1947
9510 5558 3385 2047 5429 2927
15324 5558 3733 3538 3272 2685 481
11545 5558 1479 432 6237 814
8156 5558 6523 3504 5184
15625 5558 3104 5108 1872 1517 80 5869 2023 3190 3599
19014 5558 6699 2980 6371 4190
4114 5558 6984 3450 7004
6511 5558 5353 586 203 2632 3705
11494 5558 5411 149 5283
7460 5558 964 6203 397 536
6717 5558 6611 2459
7095 5558 5781 1776 4893 2935 4321 2554
1160 5558 747 2205 2542 79
6427 5558 4156 7021 690 3201
14809 5558 2881 2541 2598 1836 4478
1365 5558 964 1413 5632
15796 5558 4699 594 3342 3201
14428 5558 3984 4026 4156 5788
14704 5558 2583 815 207 6248
1964 338 3963
6584 978 373 4628
15716 4758 164 1229 978
4499 3172 3505 3319 3213 6284
9825 3172 4226 1679 4573 2779 2740
5352 5955 1631 1110 2026 1575 4318
7333 5955 3800 4690 3150
6921 3800 1463 5070 3193
7354 3210 2102 1339 6307 1405 3806 6147
14008 3210 6640 339 4611 4383
17510 3210 2590 4777 4120 6770
4753 3210 338 3256 3416
11179 3210 3288 6511 2096 4679
10626 3210 4830 4728 6964 5000 79
3868 3210 6628 2646 3015 5074 2451 4454 3737 6881
4169 3210 2728 2296 5091 4933 5649
19232 1698 1946 5350 1638
6230 1698 478 5206 6434 3540 2870 4478 4645 1781 3446
4870 1698 6777 5350 7040
6487 1698 1729 7042 2334
2084 1698 2527 4477 5611 45 2876 4957
6473 1698 6915 4 59 289
15956 1698 6915 3791 2884 674 140 5104 6278 2940
3849 1698 5373 5204 4703
13164 1698 1930 5152 5248 1827 4148 1393 2301
6803 1698 5408 6491 5365 2818
8854 1698 6763 2833
4498 1698 1928 4477 1479 5869
6447 1698 2476 2511 3516 5168 6939 6237 2660 5499
6265 1698 5061 6868 4832 4467 665 701
10024 4422 362 4987 5258 6499 2073
233 2194 362 790 4758 6939 6610
8130 1575 792 1331 329
14151 4242 3386 3098 2892 1260 4462 1729 6865 4341 2523 3368 2541 2023 3023 730 3783 3444 6757 4573 6516 6165 5756
1192 4768 6063 6721 6583 5168 6568 2541 1303
17904 6868 2962 6721 3523
4270 2962 1912 3727 6203 2408 5728 6237
6195 4654 65 5480 2216 1630
18505 4654 1406 5837 1708 6741 935 79
5037 176 3727 726 6375 2118
455 1850 5232 648
4098 2418 2814 734 3727 3710 3130 6746
18438 4450 445 2850 3564 6973
1168 3661 2884 297 5356 5430
16228 6053 896 3516 6829 2459 2315 1917 5833 3147 5795
8313 6053 6442 1852 3147
15421 6053 897 865 4744 553 960 6594 2136 3674
18010 6053 1476
19402 6053 1679 3052
15666 6053 1299 6442 4264 3644 1756
6433 6053 5256 432 3216 700
4521 6053 391 1708 5825
2904 6053 1895 5691
2534 6053 362 920 5878 4203 6528
12836 6053 1200 3651 391
17494 6053 2827 1076 5108 6721 5748 6424
4544 6053 4820 3638 700
5939 6053 712 6939 6520 5063
5932 6053 1723 1400 547 2013
12456 6053 1913 2026 6511
11282 1979 6605 395 6323 5601 5618
8347 1979 2476 6429 326 2855 289 907
15109 2662 5330 6368 5373 894 3523 4470
10883 2662 6086 3850 6380 560
15904 2827 362 4940 5831 5748 4507 6402 2559 6573 1567
18090 2827 964 5678 1007 5126 5060
18871 2827 4881 1925 3614 4994 3350
16647 2827 611 4830 1229
4956 2827 3852 4682 3685 2453 5361
7563 2827 1749 45 406
15693 2827 5383 1289 6389 6710
3566 2827 3850 2927
12609 5467 3366 1260 6612 121
1178 5467 879 6098 5114 3272
15607 5467 3366 2814 4709
17100 5467 5251 785 3727 338 4010 74
17013 5467 5936 2361 5063
15670 5467 3366 4825 5717
18536 5467 35 6119
8204 5467 6836 2025 665 3356 2988 2244
8047 6996 2886 5678 6424
12684 3791 3722 5563 2759 4708 3462
2673 1549 4227 203 6145 6894
11136 6677 5113 3923 5928
18579 2523 2025 2882 6176 6145
13744 6868 6150 6034 4918 6669
18602 4014 4950 223 1228 2084 4868 4633 5459 391 3186 5350
739 4014 2515 1060
15909 4014 4553 5674 5880
12792 6640 3516 2459 5126
9561 6640 216 4454 2562 3274 5566
5431 6640 4699 4148 1119 1948 2208
5828 6640 35 1072 6546 5113 2101
16744 6640 4897 6388 3555 135 79
13309 6640 6171 6188 3826 3574 4964 5804 439
5733 6640 424 5151 5521 4673
8595 6640 1749 2214 3122
6046 6640 3730 2876 2208
10245 6640 3979 4138 1045 5860
16761 6640 4754 6405 4701
8390 6640 3049 3823
11345 6640 4777 210 2838 6772 145 2882 6499 6600
5676 6640 1072 4599 3742 452 1903 6756 5446
5044 6640 1188 4948
17970 6640 2906 5928 5131 3799
2556 2527 4400 4859 7004
15293 1076 4694 5426 5683
303 1076 4488 2410 1589 5683
1205 1076 6511 4763 6808 3968 5172
11357 1076 3196 5360 4421 3614 6137 6930
17233 5784 6803 699 6124 3625 822 3906
11930 4830 6742 1901 2176
16255 4730 5732 3962 6086 6368 4633 1310 2249 6138 5341
1730 4730 5350 2818 5936 4880
12522 4730 5781 4914
3242 4730 1709 1392 6541
17361 4730 4777 3809 956 1987 6583 5311 6882
12249 4730 1631 4758 1229 2021
8747 4730 4050 6030 4148 5033
6889 4254 3385 5748 6440
8139 4254 2088 6368 4859 978 827 2612 1895 2208 2410 3272 6213 5795 4652 5071
778 4050 4603 1676 4478 2927 6896
971 4050 3819 5904 713 6914
11755 4050 5550 1947 5277 4478
15296 4050 1339 4758 4507
17291 4050 1928 1535 2997 4168
11877 4050 6276 3626 3691 4454 2870 781
10949 4050 3314 229 2940
5700 4050 2296 6984 6584 40
7530 4050 2013 1442 4546
5874 4050 1516 2562 804 6476 2045
1948 4050 4202 281 2311 2889
809 4050 1479 365 3356
4432 4050 2390 5678 1413 5566 2439
12901 4050 1400 5178 3491 804
605 4050 3579 6442 4478 2685
7310 4050 5628 4885 2581 2638
9909 4050 2590 3733 4462
14984 35 6840 4387 4110 3439 5604
4465 35 2565 6504 1660
8766 35 3239 4426 3727 5420 3129
8267 35 5353 1042 6910 1097 3902 7040 2073 2699
12313 35 6368 1052 1423 6285 5910
5817 35 2634 6785 3523 1371 6583 76 3274
1574 35 2590 452 956 5604 1725 6545 2101
7828 35 4090 361 2943 836
8176 35 177 374 327 2622
14280 35 2989 2328 3181 3868
16788 35 3366 1860 5016
5692 35 5522 964 4073 4009 1198 498 1253 4314 4689 4571
8808 35 2115 383 3904 5547 5609
16437 35 6589 6763 3737 4478
6106 35 4775 6876 2986 5082
18744 35 4426 141 3727 6852
16982 35 47 4478 5697
14514 35 701 2709 5633 4994
12594 5732 2311 3862 1992
18497 3636 5023 2424 5172
14870 362 3727 5570 3129
3552 1260 6885 2452
11137 4509 333 5909 879 2514 3802
8382 3104 1260 1761 6882 5486
9996 395 6323 249
9842 4905 4820 4445 3938
18227 5904 4893 2735 3147
9386 4599 5152 164 4662 2025 2459 2013 6126 3685 5979 2750
10036 3239 5353 4156 5013 2927 6084
15977 1631 5637 5936 5694
5953 1260 5252 4156 6583 4170 6555
6167 1858 1901 1565 3599 2244
11132 5868 2099 2617 5152 4834 3763
8247 4777 4722 1596 2101 4763 4043
16332 5585 3390 2137
3683 4267 3743 2660
3106 5597 4682 3737 4478
15824 6046 3128 3523 5581 1588
13645 6046 5525 815 2040
5829 959 1689 1679 3505
9940 959 5312 4235 699 2860 892 4601 5898
6942 2370 1631 6611 5459 4522 4630
17721 167 5945 2666 5920 7036 6654
13923 167 6119 6376 3710 360 1479
11140 7000 1419 5672 3076 3462 536
10146 7000 1378 4758 3385 6777
3428 7000 1872 3111 1221 2116 1260 6368 3410 3949 4342 6721 6908
1466 2747 5108 6442 2957 4981 1149 4679 2613 4513 4353
2671 2747 1340 3516 1327 2436
11019 2747 5350 4478
2299 2747 1913 2260 3782 1438
16114 2747 6882 3310 1694 4354 3147 3031
16901 2747 799 4527 5794 3727 1791 2577 5378
9826 2747 6628 2142 3042
11713 2747 3098 6086 6230 1802 2638 4575 1088 3377 6235 2338
2841 2747 921 4202 4599 2583 2886 2647 643 4662 4658 4905 3288 2975 2077 1032 3758 6759 1438 1735 879 2101
16185 2747 2874 5491 2047 6647
2625 2747 4940 3109 3979 5290 1978 3782 3406 4994
18191 2747 6956 6631 5904 984 5990 4566 6881
8953 2747 6691 5597 4682
12704 6538 2395 5353 2459 5443 5547
15658 6538 367 1464 3491
11205 6538 4120 5483 879
1195 3692 5564 5979 1319 3827 6585
2830 4226 4777 1535 4340 297
5868 1729 6171 2035 5139
16627 3791 6052 6171 4227
12300 6607 4490 4825 376
18875 2646 3613 3114 4763
3873 4832 1729 1968 3799
17142 4400 2153 2542 1440
16141 760 3693 6171 3300
10325 2504 4108 4284 5740 3337 2909
15469 1512 4777 5839 3019
14056 4235 4462 3505 4650 4924 3902 4563
6059 490 2753 6832 920 2272 2258 3322
3417 490 6310 6551 6772 60
10954 490 6252 6826 2691 804
1319 490 2457 6631 3221 4010 6211 5144
11939 490 2390 4640 3782 6359
18756 4532 5732 2084 59
12167 1631 3165
9476 1631 4317 3391 2541
12151 1631 3554 5297
11651 1631 3220 1188 2260 721
12015 1631 3852 6970 1419 1974 5353 6721 4535 6389 1479 6309 978 4063 114 3083 4628 612 2261 5668 6957 6962
18329 1631 825 6721 6630 1405 334 5178
13034 1631 452 5468 4584 328 6488 4042 3885
19217 1631 4777 2646 6192 6066
7550 1631 339 2305 4830 6499 3632
18887 1631 2590 3239 5637 4341
5881 1631 6655 5168 583 1766
17814 1631 905 4564 4477 4156 4374 2323 2112 1149 2903
401 1631 1308 1592 3769 4284 5872 2940 741 2613 4671 5378
174 1631 5411 5168 6434 582 3214
16473 1631 5111 1661 3904
17428 1631 6868 2962 6195 5556 6520
8084 1631 427 5511 5763 4227 6619
13483 1631 565 4619
4443 1631 6150 4292 5889 5001 3272
11621 1631 2100 4235 6419 5629 2980 5936
10578 1631 3564 1671 6098 2104 6141 6057 1821
4099 4242 4777 3427 5143
8430 4242 362 3386 708 951
17124 1782 3239 6876 4022
17817 1782 2305 6843 1065 2870 5361
1351 1782 5868 2372 6725 5672 5178
9606 1782 189 6612 5823
12265 1858 6589 5435 6721 1660 4712
8988 1858 2927 5171
12754 1858 17 1390 2980 6746
10030 1858 5573 3745 3354 6243 2849 4357 3193 6576
14257 1858 3060 3523 2487 1583
3741 1858 6868 411 3554 6589 3576 1787 1401 2711 5936
14773 1858 5449 3942 3703 1167
11147 1858 5732 4722 6154 6464
14403 1858 4758 1637 1953 5759
2575 1858 3791 5921 6746 1209
10377 1858 152 4148 6043 6701 4143
5233 5256 6911 45 3310
17008 5868 2476 4428 5824 1172 1660 3300
19271 5868 1639 1389 1243
18405 5868 905 2345 4575 54 2514
14368 5868 4545 2395 6721 63 2305 4611 1575 2632 5919 2216
17136 5868 905 4538 3190
4623 5868 3191 6147 79
4383 5868 1203 3819 2859 6466 6721 6490
7042 5868 5408 4428 4186 6365
3147 5868 6793 2758 1327
5949 5868 799 6984 4830 6872 3839 2452 6514 2960 4423
5913 4839 5742 3356 6875 2909 5362
3780 4839 4758 691 4734
3213 4839 6150 4611 6191 5880
2607 4839 3064 1413
4824 3445 4235 5439 2483
3274 3445 943 5441 1438
11879 3445 1069 3626 2488 1335 2767 3361 328
7513 3445 4468 3356 5139 406 3150 1458 7010 966 270 5888
12954 1632 6442 3695
14694 5899 1489 181 6188 4671
4682 5899 362 3299 823 4568
19163 5195 2574 5797 3122
1030 2781 22 5354 4043 5348
3625 6868 3556 6675 3960
4436 5865 3754 2555 255 6022 4071 457 3189 5181 621
7401 5944 5763 3959 3356 4757
861 1229 1716 2137 1012
5800 6915 1184 5350 3241
380 4876 6583 80 6709 4875 4478 965 2903
7523 896 1229 5865 6892 2777 3122 6022
16705 2101 2514 1799
15535 2723 5527 2664
6137 4777 2248 1679 6635 1475 2555 3280 4071 1945 86
9132 1913 3813 2332 6676 6918
350 896 639 2574 3754 881 3122 4071 6312 895
5257 4454 4483 3337 2791
7880 6468 1749 2264 6286 2859 6055 4633 3391 3619 806 6759 3966 65 2073 4818
12692 3587 669 5237 958 6882 2512
17014 3587 2203 1599
19225 3587 4777 1009 2758 2236
13289 3587 3497 1437
13872 3587 95 2867 5211 6266 4828
1708 3587 3438 2296 6631
3434 3587 5423 3855 3799
17705 3587 2668 3639
10186 3587 6882 5563 7
680 3587 6380 5681 289 308 5015
8729 3587 4644 180 4771 3829
12023 3587 1839 3430 5936 777
4864 3587 4742 3385 6239 1405 935 46 6115 625 3746 4506 325 404 2680 5346
12602 3587 2192 3983 338 3813
11444 3587 2325 6458 6456 5104
9080 3587 5151 300 1068 3942
3848 3587 810 4940 5603 5555 2291 4493
14302 868 2977 5936 2357
13990 868 3885 3461
12445 868 1872 1378 278 1104 3590 2387 3467 2574
10404 201 5815 4383
3419 201 5024 2096
5632 3135 1930 3364 1800 1621
6832 3135 3060 16 1099 1225 4830 1730 4697
14258 2504 3439 1621 2574
15217 2504 3514 2594 5521 5349 3632
16275 2504 3060 4284 3562 6216
7981 2504 1669 6984 591 5979
6464 2504 4742 5401 498 4352
11056 2504 639 2305 4611 4948 3361
11835 6915 5104 622 40 4296
2406 6915 3677 6238 918 2308
6996 6915 1511 1080 3221
793 6915 4118 3075 6568 7021 3215 4181 5700 324
4930 6915 5091 1389
6026 6915 3595 1472 2044 6681
14515 6915 2834 4591 2980 3295 3916 4279
1532 6915 3238 140 2446 203 1575 6145 5184 5938 5746 5172
7130 6915 755 3361 270
10724 6915 799 6333 6777 6568 6746 1891
3063 6915 2264 2155 6021
7951 6915 6868 4073 3569
13424 6915 4932 5033 4701 1243 3674
735 6915 4490 6568 3772
10378 6915 303 1393 3999 2761 5171
2981 6915 3983 6505 3390 6114 4449
1822 6915 1550 3114 877
10791 6915 362 5563 2201 6237
2317 6915 1596 6152 6568
1479 6915 5055 799 4731 4815 1472 5088
2982 6915 2349 1242 6016 3749
12632 6915 4777 1535 632 4340 4621 6855 3674 5490
15062 6915 4777 1479 2023 1434
606 6915 3626 5420 2044 3632
13810 6915 1367 2273 6237 3916 4530 6701
539 6915 5104 3966 2118 2903 723
14762 6915 3239 6762 6407 5351
15412 6915 4148 2568
15991 6915 2026 1676 2909
12416 6915 248 5522 6984 6635
11908 6915 2007 1844 6511 1177
4136 6915 4861 6763 2748 3613 2216
14459 6915 3737 6443 5691 6822
4480 6915 4777 3882 5824 5103 6973
18593 6915 3722 799 2418 4148 5178 3193
5082 6915 6762 4893 3674 966
12848 6915 3239 5620 2565 6878
19293 6915 494 920 2023 1701
11646 6915 1749
17793 6915 665 6568 6619 5204 2101 5184
7193 6915 3240 3047
7625 6915 1930 639 5609 277 3599 3973
17743 6915 1419 3710 4156 5168 4491 2980 3354 6464
17719 6915 2325 180 6657 162
16454 6915 4777 1535 6619
16916 6915 4699 1503 4744 2909 5910 4396
12857 6915 2527 799 5278 1378 4810
1516 6915 5168 3899 6533 40
16072 6915 1472 3356 3737 1159 603 6681
2454 6915 1913 6531 5389 907
9975 6915 4202 1228 6969 2023 4321 5797
7152 6915 4698 6806 3513
9706 6915 4140 5581 2497 1409
17998 6915 2720 1260 2980 37 5591
17043 6915 5168 6371 6834
13049 6915 2757 1852 2187
3056 6915 1825 911 1640
8643 6915 3733 1243 2761 1976
2152 6915 799 4116 3019 6746
1170 6915 6465 5353 6568 887 5350 6446 2927 1832 7
8226 6915 5074 4477 1603 1159 2022 5027 6291 3274 2021
10816 6915 5353 955 2118 1880 2628
3500 6915 5168 4461 4510
8075 6915 5783 2483 6545 6066 2935 2568
3323 6915 6171 1372 2927
8023 6915 5312 6442 3019
14964 6915 1009 5026 4879 3804
2843 6915 1203 63 981 1320
12079 6915 4777 3983 1686 5936
4706 6915 189 4611 4531
8666 3609 4777 5108 4048 1461
16983 3609 3801 6232 2373
5724 6383 2870 4670
8996 665 2866 1434 3272 1409
142 1110 4093 2980
15476 2068 5925 4662 681
4526 6669 3128 2581 3492
17368 6868 5088 3942 3882 63 665 6114 3234 5172
4962 4417 2634 2802 4931 162 2094
18199 4777 4164 799 5353 1434
9959 2125 2245 4883 1303
11943 7017 1535 7003 2547 1033 1553
9859 7017 4527 2305 6171 2025 4624 2980 2332 3963 3607
9277 7017 1203 3897 2325 1729 665 1479 5341 1481 2940 426
13379 362 1946 422
1683 362 5511 584 2459 5515 3713 7047 2866 6213 5795
15714 362 6680 4454 2612 6248
1613 362 5353 3272 3951
797 362 3882 5763 4611 872 5979
5241 362 1072 300 2451 1088 1871
17708 362 5168 1603 978 4555
13084 362 1913 3062 5204 6937 2530 4771 930
1469 362 6760 1073 6885 207 2647
18456 362 1679 4180 4227 2239 2612
16161 362 1761 3385
17757 362 518 2469 6195 6583 92 3310 758
15254 362 4351 513 3147
8320 362 6939 1738 4846 4701 2101
18908 362 1997 4611 6314 7021 4846 2026
13261 362 2350 2753 639
4150 362 6505 4483
18344 362 4832 6534 3708 50 4546
19237 362 5959 2395 5152 6004 5563
13186 362 1535 4825 1842 3412
15439 362 803 5915 2399 1112
11427 362 2583 1844 5353 2647 338 3801 2980 2405 1947 762 5788 3644 4771
1982 362 3727 2659 1953 6512
10744 362 6721 610 1032 6511 5979 4380 3370 2256
15774 362 6150 5074 4341 856 4741
1506 362 6150 726 5563
13091 362 1679 6063
1618 362 4147 6315 3772 1895 6930
12564 362 498 1962 5563 1002
2507 362 712 958 5563 6770 3681
4187 362 1203 3897 1110 6309 5412 2452 5461
14089 362 2859 3768 3782
16659 362 1950 1088 2168 4440 6509
11361 362 1166 2868 1804 4662 3523 2964 3336 328 5795
4180 362 1723 6867 6442 3364 3781
18997 362 5353 4830 3129 6594 3674 1992 171
3646 362 5732 6743 6502
19140 362 2490 4460 3454 1544 2607
7416 362 3239 3245 1913 2638 6531 1743
13496 362 708 4202 6436 5353 6678 6195 5691
9749 362 5570 5674 6505 229 1487
11053 362 1339 5794 2589 4874 5674 3552 4830 5808 5652 827 3614 229 4544 2940 1458 6804 2554 6449 5444
14264 362 4421 610 498
886 362 4699 3721 6061 3729 6171
5278 362 3098 5108 3663 5748 3636 2905 2135
8137 362 6583 6568 6630
12005 362 1190 3701 6436 1327 1239 672
19130 362 4611 3234 2750
5889 362 2665 3758 6573 1931
7481 362 4274 2276 2126
9559 362 6410 1532 6551 6171 4111 823 6078
14479 362 2166 6785 480 3870 4611 3356
3031 501 2803 3061 1151 2101 6812
14566 4160 2403 5168 3569 4454 2802 3662 175 2312 5997 1236 1676 2174 3644 741 5632 6406
4176 4160 2753 326 1896 3655 1159 3607 2532
14814 4160 6150 6721 726 5928
17416 4160 5353 6171 655 3830 592 1935 4224
7255 4160 4644 2577 3504
7237 1251 958 1603 3155 4210 6083 4138 4005 1743 4701 4039
11362 5046 1767 6605 4477 4792
5867 1340 3386 3721 4156 2980
12743 1340 6171 5649
300 3044 567 5360 920
6495 3044 168 2353 6536 3813 1795 1434 879
2208 1870 3870 4611 6583 6843 2027
14231 2466 512 5719 63 3569 5350 2485 243 6488 1447 4958 5490 3892 2474
10926 6374 4108 2520 452 6620 956 1114
8123 6374 5108 2328 6446 6216 6585
5689 6172 4777 6878 1059 3491 5624 3873
1289 6172 5108 164 2577
4218 6866 1299 6785 4490
13267 4758 2992 1149 2532
14123 2264 2976 584 5017
14170 4885 4963 4478
18713 6777 5098 4184
6777 1477 2666 4205 6746 4846 513 5547 1704 5860 4225 5307 4279 6476 5845
361 3624 4599 6332 1903 1389 2203 4105 1796 5184 3404 6855 5361
3504 3624 2639 5943 1544
5330 5278 2342 4939
10491 1148 2871 2681 617 5099 3274
9596 2871 1709 3341 4454 6391
15394 1671 6571 1236
571 4564 3299 426 1141
13053 5852 3733 3685
19026 4950 3239 4510
4200 4950 4690 5825 3406
18024 4950 7044 1289 5580 531 2530
2976 4950 1512 4859 6611 5581 4028
19050 2172 679 5353 6458 1559 4947 4710 1407 5929 2532 4763 3143 3031 907 5153
1245 2172 6868 1311 1864 4490 5805 915 2086
2322 2172 6942 5953 6594 6298
1342 2172 4431 3830 5504 3674
11632 2172 2476 6086 1260 4731 2695 710 1438 4236 6562 1409 6022 6701
11288 2172 1489 3983 5928 4353
791 2172 1400 7004 637 4478
10742 2172 4382 6484 6746 2026
3767 2172 3239 2469 6785 5353 3040 4879 2026 5664
7219 2172 2758 2980 6511 1565
10203 2172 1203 3983 4341
9477 2172 5091 2871 6777 6742 6188 2980 627 4461 3272
5654 2172 4108 4832 639 4910 1808 6746 4846 6635 175 2522 4531 544 575
15005 2172 5237 2497 2927 6701
16220 2172 3781 4734 1768
14254 2172 4147 2962 2684 1661 3480 2930
6494 5408 2395 5152 5353 6931 61 5168 80 2980 4682 6616 1058 2562 2742 789 3244 5289 2027 3496 671
6732 5408 513 4930 3889
1545 5408 1818 3626 4341 5922
12303 5408 1108 189 3659
15141 5408 4018 3391 4948 3767 2975 3540 6820 1231 5242
6952 5408 1847 4281 498 5929
19426 5408 6499 1211 6782
12753 5408 855 5350 2598 592 6211
6203 5408 6119 6323 1057
10031 5408 2583 6379 701 5547 3310 6539
4924 5408 411 2814 482 5488 6882 45 6242 3644
5775 1072 803 676 5944 6630
1314 1072 3522 2374 5273 4264
19049 1072 4066 894 6762 5104 4744 5714 5065
11475 1072 2925 576 1229 5678
5845 1072 5674 4805 4383 5678 5979 5261
11909 1072 1157 339 2459
9097 1072 5083 1808 4611 4682 2026 1884 2323
9425 1072 6273 3257 6511 3999 6025
10691 1072 999 4662 4656 408
18171 1072 1749 6868 1660 6261 784 4454 2685
2013 1072 1943 4868 1808 1598 2023
17105 1072 2527 4885 6721 6911 4795
10356 1072 4131 6551 3523 6796 3574
4120 1072 4190 3515
9968 1072 2498 4734 6545 5724 1458 2791 6875
18651 1072 61 1866 1110 3129 3737 5000 1405 1444
565 1072 6868 1913 2957 4905 820
11399 1072 6034 6336 5353 5869 175 3937
5286 1072 4777 1556 2651
7593 1072 3104 339 3721 6856 1097 2459 3717 4689
2730 1072 4711 1791 5206 6662
769 1072 4145 1704 4568 5307
18715 1072 1886 5652 1062 6878 2731 5985 5996 1458 1464
11318 1072 3341 110 71
3321 1072 3942 3703 22 3588
14621 1072 1225 2010 4758
9915 1072 3239 1826 1621 5508
9385 1072 1535 3532 4148
8471 1072 2992 887 6153 2480
9997 94 6546 2980 1732 2765
12669 94 2859 5152 105
7203 2980 3899 6511
1926 2166 1519 6546 1389 6568 2574 1032 3889
8845 5049 2757 2634
16088 3363 5976 2904 1658
9867 926 5612 1406 5877 5908
2396 6042 2556 4497 5118 583
11537 5390 676 5912 2026 2101 2696
15431 5390 337 4091
17768 803 999 6984 498 3248 6098
9626 3852 6368 598 956 6195 4134 1172 4611 3763 6126 3955 65 6488 792 3469
14395 3852 3326 956 2767 328 3448
3944 3852 2758 3685 5572 2750 1081 692
15616 3852 3897 5353 1903 4611 1389
19226 3852 5142 5956 1535 4491 5303 2405 203 6237
11177 3852 1240 3057 5247
8080 3852 2583 1708 2320 4042
13037 3852 4777 5479 6925 5838
14399 3852 141 6343 3041
15504 3852 666 3369 1599
4347 3852 1503 4596
10339 3852 5454 2583 3685 5768 690
13756 3852 4699 6442 4566
17856 3852 4777 2469 3626 4611 2389 3356 2927
3407 3852 4460 4256 6875 6756
3723 3852 2100 909 6868 4832 2106 6320 2814 6336 6054 6721 2305 6323 3385 4383 338 688 4596 6936 6882 297 243 1234 5053 60 1776 2245 2876 6237 5928 5700 879 6098 6488 6209 3076 2453 1546
1086 3852 3595 87
1325 3852 4897 5197 3685 692
8107 3852 1660 4148 6511
12332 3852 2006 338 3685 6930
9491 3852 6887 4025 338 3467 6530 3737
14327 4267 6923 6086 1339 2647 943 4477 3544 544 2909 6663
13123 4267 3326 5104 586 2980 3685 4594 1081
11041 4267 5850 3782 4148 3095
5589 4267 338
18416 4267 2859 3850 5353 4148 6208 4980
5062 4267 3326 5763 3356 2927 4139 1740 3578
11897 4267 1974 2305 5247 299 1119 65 6216 5002
5975 4267 1723 2583 2647 157
4138 4267 3326 2583 4460 338 5468 3354 1637 328
10409 6362 165 5197 829 5855
5509 320 3147 6027 850
6529 459 6233 4355 2790 1479 5825 54
13580 459 1260 1913 3727 6911 706
8634 997 6380 1575
18299 997 5310 1299 5207 2982
3394 2850 7003 1886 4517
1103 2850 4428 2071 2394 4825
12423 4094 430 3366 655 5204
15337 4094 1088 1575 804
6020 2527 4742 1374 2077 5172
2617 2527 6840 3698 2914 1913 6746 2338
18128 2527 6233 6785 3450
9358 2527 368 3797 2712 145 316 5797
4670 2527 5732 2814 665 6619
2090 2527 1535 3109 1913 1148 2559 6204
2945 2527 4263 1556 5183 5936 5929 5499
8360 2527 3360 4477 498 1637 2685
9006 2527 4885 5204 4970
5216 2527 4400 4110 4284 2904 5604
13224 2527 6436 2459 2142
2259 2527 1723 2927 5849 520 3250
2943 2527 1069 303 3885
3627 2527 911 1559 1088 1241 5849
8086 2527 2166 2206 3421 2096 5354
2890 2527 5628 411 3516 2112 3201 4332
16158 2527 5011 4510 2685
9029 2527 4400 3911 6442 3185 2459 4820
5985 2527 4400 6292 391 3454 2208
14927 4400 833 4825 3406 2664
2056 430 6551 4084 6272 2118 3448 6756
833 430 5353 4648 3356 3483 5002
7804 430 920 6348 2957 1451
1598 430 1711 448 978 5936 5967
6098 430 4061 2010 6583 2585 3201 428
3228 430 5525 5956 3754 1483 6124
15540 430 2180 218 6775 171
10607 430 3683 2498 243 952 2155 2654
13377 4918 2487 79 2924
12543 4067 4857 2930 4619 1498
18974 1471 3605 3123 943 725
16902 5646 2509 2418 6331 2774
7489 5646 6767 486 2574 6534 2332 5238
4103 6412 4855 1714
16806 6412 6361 1775 3129
10241 3254 4558 6442 4142
5545 3254 300 6984 6511
6094 3254 1913 3514 7003 5101 5389
5846 3254 5525 3408 3502 1083
6175 424 847 756 6931 2240 354 6464 2320 1064 2361 2202
19040 424 2115 3722 5152 5353 6323 5581 5104 1901 6161 1057
14204 424 3733 62 3659
9437 424 3104 5353 5328 2957 3772 1602
461 3733 3129 218 5647
10135 5330 6823
14872 6400 1803 1172 2871 5104 219 111 544 1799
19069 2460 2980 1575 3342 4745
10060 6072 5527 3019 6746 45 2446
6657 1930 5353 3727 1839 5730 2980 6545 5496
11724 4135 2100 6104 2047
4028 4135 3391 3801 231
6922 4135 586 5468 5473 4584
8132 4135 518 1723 554 76
13803 4135 4448 5761 2746 5797 2554 1919
8800 4223 2007 2327 1020 2638 4881
11742 4223 425 5226 1655 5350
18125 4587 5353 4876 3569
3554 4587 810 1299 3691 2669
15298 6468 4303 3227 1378 4662
11970 6468 665 6594
12050 6468 4910 4049 2328
13766 6468 5129 6086 2728 1248
8175 6468 4342 3354 3792
7283 6468 3239 4876 6354 5115 5878
755 6468 799 5152 3341
15313 6468 4777 6551 2814 6772
2047 2166 1157 4777 6511 5021
18723 2166 2049 5000 4478 2927
7485 2166 4611 4893 6283 3150 2696 2761
18535 2166 1274 5904 2294 5990 3599
1561 2166 5265 249
9077 2166 4777 6109 5621
16443 2166 4198 300 4454 6943 1567
18283 4375 799 4903 3738
10444 1157 1723 1111 4790 3137 1212
15095 1157 1383 1149 2028 5555
15525 1157 879 6098 162 6424
14346 1157 1299 4758 4868 3758
11689 1157 5353 3516 3979 4830 2387 45 334 5378
16258 1157 1166 549 3128 4981
949 1157 5997 5825 2101 2428
2461 1157 5915 6436 5360 911 6520 2746
8239 5100 4825 6568 2026 2424
5529 5100 1203 1288
17257 3877 1767 2459 4657 5803
16348 3104 2476 3662
12976 3104 5726 6583 723
16295 3104 6984 3898 4120 5104 3902 5936 3272 2777 5378 5063 3381
11889 3104 4327 411 3514 2665 2362 2112 4478 2567
19308 3104 1825 2906
4029 3104 2390 1260 5004 5104 3356 5880
2063 4226 2099 2803 764
15706 4226 3685 1676 6555 4660
1363 4226 290 4454 3248 689
7135 4226 2508 5784 1228 1472 1798 1473 3218 6128 2493 996 3241 522
7222 4226 3227 1508 2338
1171 4226 4112 4190 3272 577 2118 3937
9646 1203 4846 5146 3716 5804
9765 1203 4383 6453 6488
5723 1203 6095 2927 3491 1209 3322
15825 1203 452 338 3312 1639
13588 1203 6095 6551 253 2838 6772 5865
75 1203 4351 5353 4284 1634 277 3754 2940
6610 1203 110 6539 1162 1083
11172 1203 1260 4235 5459 2992 3441 5483 358 3599 2568
14610 1203 2647 338 586 924 858 6594 5873 1745 5946 4224 853 6788 4660 4628 2261 1498 4041 1285 4818
9564 1203 5108 1535 4298 65 4478
12202 1203 6840 4611 5197 3716 3601 1133
2949 1203 1260 4659 3636 3257 6212 5804 4146 5171
18474 1203 4810 5000 537 6925 6810
15339 1203 2487 432
8545 1203 1283 411 5323 3768 2101
9709 1203 2010 4485 826
9813 1203 3563 6283 6600 2453
13701 1203 6410 6086 2395 1913 4405 5623 2927
7623 1203 4351 978 5350 3430 5266 627 2873
15099 1203 6631 5518 3430 1353 6476 6509
422 1203 5908
11455 1203 2127 1202 3824 2874 1374 1609 3444 6499
12355 1203 2509 3769 5353 1110 4846 1694 5682 1701
13895 1203 6320 374 1418 2328
16678 1203 6984 6828
11605 1203 5765 2943 879
7605 1203 1400 3824 3521 4914
12317 1203 3663 3364 2739 4949 5231
14937 1203 5108 1709 5869 2452
1275 1203 1311 5908 5352
12347 1203 2639 4994 2940
1022 1203 3819 212 2101 5540
18856 3118 887 6964 2098 3640
11030 3118 2617 1472 1452 6098 6488
16681 3118 6465 6763 804
9008 1471 3239 2612 3272
16516 2117 4215 4491 1752 1732
14200 2117 3556 2495 600 3783
12526 2117 4470 76 2685
15015 2117 2814 6785 6458 3416
13235 2117 6320 6864 1629
13705 2117 1052 553 1567 6248
7000 2117 2083 3569 6568 5679
9157 2117 4351 4866 4558
6282 2117 6789 4955 2996 4687 203 4771 544 777
4179 5282 2064 5195 3605 639 2353 3934 4018 3979 1347
5959 1557 4425 1511 764 3902 3813 3662 3354 3555 3433 2858
8201 5852 4662 3808
8051 5852 3816 4599 1053 1903 4156
4776 5852 4561 4006 384 3942 5374 586 1101
6581 5852 4662 6421 2980
4721 2321 6086 6152 3902 6511 5212 570 3937 6449
17293 2321 181 911 2498 3644 3404 6130
10452 6352 4164 141 5681 218 1813
11295 6352 3451 849 1110 3737 4747 1212
7902 6352 6462 6114 5188 3469
19403 2977 4742 6933 1427 918 6171 2818
11048 2977 2757 4694 468 2294
1034 2977 4211 3122 21
10416 2977 4777 1535 6878
16716 2977 3227 80 5013 1735
12999 2977 5597 5534 5204 2472
501 2977 5278 1930 6931
3264 6183 1060 5312 5912 4599 6246 6922
13133 6183 2508 1190 494 2478 2047
15632 6183 5276 3979 1088 4795
5097 2147 6618 6442 3398 4893 2208 5998
9278 2147 5735 5152 5866 3626 1239 4611 2452
16760 614 6793 2488 4309 544
15926 614 482 222 3361 1174
13460 614 2283 2859 4018 4948 3767
7821 3819 1839 6762 6843
5093 3819 4079 4940 679 4900 1913 3334 5748 4803 4210 1241 5788
13040 3819 3942 3782 4970 1353
17755 3819 6709 1058 3193
3616 3819 6086 6499 1575 6685 6509 6406
5778 3819 3271 2665 4478
2415 3819 964 3523 4957
3107 3819 210 2074 3414 3335
17176 3819 5956 865 338 1198 6017 787 5461
4685 3819 4156 3540 3772 2532
176 3819 2476 1941 5012
14094 3819 5276 6389 6036 542 3540 4440 5638 6449 5163 2177 1739 2054 4206
13972 3819 3385 6314 2860 5800 1575
213 3819 4426 3346 6052 5316 4383 3414
8225 3819 898 3523 6511 3607
939 3819 2071 236 1781
2618 3995 894 4690 3552 5908
7099 4561 5377
5300 5628 805 4861 5637
5238 5628 3049 799 1041 1902 1636
2142 2720 2647 5091 2790 920
9939 2720 1400 6230 6188 901 23
8956 2720 4807 2897 3830 1760
8776 2590 6923 5936 6211
8193 2590 1260 2770 5350 6511 2244
7707 2590 1341 485 3755
4602 2590 2100 3227 1671 6208 4081 2101 3272
9081 2590 181 1913 2532 270
16386 2590 5912 2637 2737 5545
13597 2590 339 1188 3544 2483 2061 5063 2554
8841 2590 666 1258 331 4994 4853 4444
3019 2590 4832 1913 4477 556 5633
18751 2590 3919 1913 6746 1151 2940 1458
940 2590 5312 5352 2940
17566 2590 1596 4818
2807 2590 1512 4777 4061 7003 713 3385
7131 2590 4699 5108 5990 3636 6878 481
9270 2590 2638 844 637 536
7345 2590 1723 5353 4870 1401
10595 1512 1723 5915 281 7014 2487 4383 1639 1583
4417 1512 4548 708 5373 1309 2073 2470
8330 1512 1060 727 586 2026
17954 1512 3791 6458 7003 894
5681 1512 4198 3062 6614 4795
5807 1512 338 1234 4965 2961
13484 6836 2508 2192 1438 2740 929 5184 3491
1159 6679 6785 141 4156 1901 544 5394
6331 4156 2980 6746 6925 1766
301 4108 6195 4830 627
4433 3285 4940 6536 249
3118 2851 5537 6699 1052
7032 156 3156 310 2692 2391 6457
13499 6836 2814 5353 1652 4984
15640 5127 799 639 4611 3855 3632
10702 5127 411 6923 2541 2980 6746
18052 5127 2457 5353 141 6030 5204 1836 4440
2950 5127 5525 3239 706 3632 6115
19197 5127 6086 3218 4810 211 3531
3774 5127 6868 4940 3850 3733 2647 956 1110 1639 6537 4682 1725 5678 249 1518 4792 5907 57 4684 4818
13190 4699 2100 2406 338 6218 6056
8213 7014 5908 3772 804 3259 157
19425 676 2925 5381 4008 1606
10242 4515 1770 4588 930
398 4515 3271 4994 4701
18460 4205 5800 6212
6454 1912 6568 1575
1977 2072 52 6573
9708 1749 6185 5837 5152
12742 116 1299 5350 5412 1375 6775
15102 3267 6055 1794 2238 4134
19413 3267 5944 1229 3830
14022 3267 3850 6448 2026 5261
15249 1941 3665 5225
13366 164 3244
14923 5550 2305 4611 4570 2025 4383 3335 5535
6212 3402 3343 4426 2757 1690 4156 3774 3627
17678 340 4824 5143 6867 2978
18371 676 101 5928 933 50
14661 676 999 1970 1621 2506 5184 657 4937
289 676 2657 3694 2980 6511
15453 676 504 5088 5420 6829 6964 2022 5021
355 676 2395 498
6561 676 131 1481 345 1959
17093 508 482 6939 6922 3114
4500 508 6887 5353 6449
5880 508 2561 3775 4510 2685
17924 3252 3111 6785 4522 6882 2483
18297 1419 4742 1852 3502 3241
18419 1791 3425
11003 2755 4758 6442 6440
8494 4940 1560 1679 19 1987 2294
4420 921 4777 1535 5104 2498 6371 4671
19054 921 3791 6931 2871 3491 5430
5587 5425 3227 1094 2574 7047
3750 5425 4758 6546 3683 5073 4790 4659 2413
17519 1749 6923 5547 4268 540
7537 1749 6760 2864 5625 1903
513 1749 941 5413 5247
8450 1749 2463 5435 4227
12562 1749 6436 3825 911 2514 1211
10795 1749 5383 1723 5103 5547
13996 1749 3098 1010 3997
14966 1749 5489 3576 6442 5555
14225 1749 3450 3574 2157 5569 5027 4053
0 1749 1321 510 4970 3945
3067 1749 833 2374 3606 1704 6804 5378 3199 907
14941 1749 1299 4558 5597 2770 1434
5808 5525 3425 5979 2632 5361
7912 5525 2100 909 3147
10878 5525 210 5024 128 5352
18681 5525 2283 2640 2230
19234 5525 3742 3540 5828 5717
18716 5525 6379 5890 6545 7037
18763 4987 4777 6086 338 902 2405 2654
5662 3049 805 3769 1010 5210
3806 3049 6086 6188 6619 4697 3980
7728 3049 4940 2583 2790 1347 6937 4748 60
13858 3049 504 3663 6123 6623
12717 4807 1847 6768 6763 1655 904 5412
14574 4807 6315 2049
1073 4807 1419 999 2457 3797 4477 5104 5903 6619 2023 2138
6633 805 4061 1879 3109 3470 3491
14356 805 4503 5288
15136 6879 1723 2523 6635 710 1649
16867 6879 2614 5453 3523 2533 6878 4516
7789 5977 6746 5132
17544 5977 3595 1645 3129
17507 3684 17 279 4431 2112
18793 3684 6152 384 3626 2208 5474
1687 3438 6171 6878 4478 5406
8262 1850 5726 6368 6882 3899 4698 6759 4190
11374 1850 210 3121 7003 3966
5883 1850 1165 3408 6355 5844 3406 3961 5349 6681 5027 599 5724
47 5433 1930 3694 5152 3523 2871 3341 6746 2436 54 2940 2101 2761
16781 5433 2983 5118 4893 1796 2636 6509
14125 4699 975 5179 6878 297 5618 3206 4276 3272
13124 4699 2727 3730 1903 5700
10957 4699 3733 1472 3727 6195
6740 4699 2803 975 6548 4830 5936 1776 3772 6545 1707
13945 4699 6370 6258 4994 5565
5331 4699 5353 6531 6516 5225 273
5840 4699 1913 1818 6616 5997 3037 1575 5474 2439
1895 4699 6789 799 1221 666
15527 4699 760 6063 327 4611 1556 243 2324 3147
15927 4699 2486 4832 2594 4378
18544 4699 7020 2870 3491 1996 6555
14419 4699 435 4758 5904 2487 126
13535 4699 1400 1228 2814 5259 4805 2023 3170 5545
16360 4699 1312 6937 6511 4818
6090 4699 1930 6456 1791 6511 2935
14520 4699 1901 410 2045
14772 4699 3904 2731 6947
16019 4699 6119 5547 3901 6743 2101
17677 4699 3019 2927 850
1276 4699 4910 4698 2870
17791 4699 5108 6744 80 1403 5737
7098 4699 4215 3595 4997 6583 879
7252 4699 5055 6785 6583 6750 5160
11216 4699 3850 6397 1986 741 6165
15608 4699 2064 6868 3727 6307 4635 3536 2940
17964 4699 3239 5074 902 2957 3905 2927
4079 4699 2101 13 741 4566
12067 4699 2818 2026 2735
16204 4699 3626 6763 3114 469
18554 926 2100 4426 3632
6963 418 5744 5570 2733 823 1682 3513
10323 6410 1532 248 1804 4961 2305 5928
14540 6410 3403 303 1088 619
4729 1108 2295 3569 6545
8483 6840 382 4808 5385
11609 6840 382 4480
10243 6840 2814 3742 382 6354
10264 6840 2096
16904 6840 1221 1228 2684 5032 1434
3253 6840 799 493 5104 47 4211 813
10508 2634 4599 639 6473 1836
17604 795 6048 5354 6892 4652
2258 7003 5714
11210 1011 7003 5653 2940 2675
11491 1011 2020 5350 3190 4784 364 4880
10333 4108 2115 4145 2332 3737 3114
15722 4108 1723 2353 3523 2577
13226 4108 2100 1890 4432 755 3462
17979 4108 5945 7003 2328 6746 2975 4192 1236 5349 2284 4283 5098 5499
12266 4108 1344 799 1392 5215 3017 3966 6165
15569 4108 4876 2860 2960 2595
1844 4108 2248 6777 6943 5841 627 929 4318
4385 4108 6205 1260 4380 804
792 4108 395 5658 4221 4914 5356 2699 5406
5063 4108 3356 746 2201 162 1659
12837 4108 1489 6018 4846 3555
3172 4108 3595 2843 315 2779 1149 3234 6409
11803 4108 6867 1671 6516 3773 813
5089 2690 2647 2305 5171 4774 6788
11665 4742 1621 942 3599 935 4101 4943 4003 6999 5172 5444 3280 457 6312 1298 2674 256
10056 3248 4741 6754
7027 2508 1711 1971 6561 3340 1090
8228 2508 4777 1209
10808 2508 3983 2541 978 3390 1434 5499
3997 2508 2449 4631 720
14945 2508 4777 1679 2498 1836 6341
16729 2508 2520 5732 1419 1535 1621 2023
7033 2508 5494 5011 3079 5319
9876 2508 4913 1729 785 4878
16787 2508 4705 1856 2761
15205 5904 2181 3201
8255 1228 2871
16613 2868 2997 5508 5204 1588
17195 6171 2013 5000
14271 6868 327 5725
17551 6669 6984 74
18950 3265 17
3736 2986 5553 2472
328 3238 1789 5441 5423 4454 3781 3122 6326
8844 3911 3870 5003 2451 2025 338
2755 3911 1316 6618 5613
8041 3911 5815 1060 964 2957 3820
15572 761 3460 3869
18271 3711 810 5846 3827
10073 799 2305 4611 1198 6746 3422 6283 5996 2771
18378 3317 4662 6061 3905 6176
7589 3317 1489 3326 3983 6785 4910 5353 4611 1708
9670 4542 3625
2619 3680 2331 1377 3652
12911 1339 5328 13 826
1136 6171 1496 4399 5832 2208 2691 2118 4043
12808 5648 5103 2940
18220 6757 6955
10663 4885 3737
13497 5091 2118 5041
2325 1274 3414 680 3335 4373 6775 3861
3139 1274 4303 1419 5092
9366 2064 2833 2717 4588 6860
15240 2064 3721 2764 1333
8302 2064 3268 1787 2957 4309 1002
18322 2264 6086 1671 6188
101 2264 2709 2416
4771 2264 3928 6365 6211
6182 2264 2781 4342 3703 7008 688
3696 2264 3153 3288 6137
7278 5815 3835 3850 2395 1149
215 5815 6839 452 5157 6537 4584 4008
14075 2206 1913 5846
12579 6491 4611 303 2168
17234 6491 698 4575 6186 603
12992 6491 4918 164 951 6606 1575 6918 2735 6907 77
18685 6491 149 1045
7422 6491 2471 1514 5609 5997 6918
7929 6491 4303 2647 975 581 338
9481 6491 799 3733 2866
17744 6491 2814 4145 2927
14283 2617 4477
18989 2413 5893 907
16130 1723 4658 844 1682 2308
13245 4856 4965 2297 1071
15277 4777 1535 978 3401
6729 1529 5199 3892
4367 1367 3955 5563 2371
6607 1367 2594 2980 4682 5027 5953 6594 4085 1766
12939 1367 2023 4930 6511 879 6930 3272 5797
11672 1367 1561 6785 5601 2710 4305
11577 1877 4777 2106 6931 1479 6878 5725 4005 2960 1134 2903 3259 1857
2035 5875 5265 3870 4728 3397
7731 6570 5323 11 2084
19062 3835 3289 2660 4670
13191 4806 6079 6576
9866 6727 6956 1913 2574 5788
5114 1943 1864 4633 3659
13056 6568 3413 6198 6499 1781 6081
9557 6347 586 3830 4148 1776 5229 4461 240 114
13703 2403 2753 3094 338 2514
10435 4777 3239 2153 2614 3523 4028 4736
7396 165 5044 4353
4406 1486 1681 1098
12073 4832 307 5743 3248
4513 2393 6619 4795 5936
405 7041 4190 6108
5675 2451 1307 5082 6623
4799 2980 5547 3758 6021
10800 2562
15496 3 4350 5773
2219 5494 4485 3523 6442 2415 4823 2004
3429 734 6505
2014 253 6772 2949 2026 3644 6930 3147 850
12225 6984 6759 5724 5147
8675 2395 4705 6261 6309 3272 1002
7463 2546 282 3737
2301 2758 3094 2023 5544 4190
6163 3536 3899 5672
10429 6682 5928 6889 3936
11607 2088 2859 3688 2084 2901 3923 2954
6872 2088 2757 6237 793 6115
2323 3386 2469 422 68 5515 1583 3538 6375 6759 3229 5548 6681 3234
2144 3386 2949 5827 3458 3980
8370 3098 4947 3215 65
6656 4662 4830 3466
14352 1596 4211 3758 3674
13964 4855 2651 5604 4078
9409 2403 3949 5695 4540
6771 1229 2089 839
17354 2583 2842 6942 4315
7161 744 2393 2320 6525
13171 2987 2638 6984 2451 2664
1623 4777 6785 5353 1931
12195 1400 411 2413
7037 6458 6984 6405
16238 1582 6150 4846 3272 6248 1212 2454
6294 5276 6530 3737 6951 732
6766 5156 80 6126 5623 4510 6081
8526 5156 1032 1707 3871
16279 5156 4607 3945 1543 5922 369
16053 4777 2192 784 2023 4192
10426 4777 1299 5353 6380 79 7
7580 4777 6119 6458 943 7003 2023 6371
18801 4777 2577 3561 6511 6117
10704 4777 1111 6738 5825 3504
12084 4777 5465 5021 5607
18389 4777 1419 6102 1097 5547 5860
5622 4777 5515 2541 2453 2066
14873 4777 6336 391 2980 978 4683 6511 3055 481
19085 4777 5997 5901 387 4478
9243 4777 5669 5792 2575 2421 3150 1458 2308 536
13965 4777 6721 4830 2245 2716
11166 4777 3129 900 4162 3189 3859
15224 4777 3543 1913 4855 5808
2891 4777 168 1592 1166 2868 6380 478 5168 5350 5928
7582 4777 5152 5350 513 942
11626 4777 3635 3408 5904 6354 2927 839
5574 4777 5108 2940 3483
16519 4777 1489 1405 2749
14091 4777 6118 4148 5289
12894 4777 3239 2192 5353 59 4421 4816 6746 5681 6153 2480 2927
19188 4777 3010 3130 6645
8694 4777 2390 3850 6721 5168 1241 6499 1064 3113
3779 4777 5618 5404
1444 4777 924 5468 5979 2632 3607 5855
11439 4777 894 2472
18555 4777 3727 3012 1287 125
9328 4777 5997 6750 6528
17644 4777 1527 3356 4930 5996
3187 4777 6868 4832 4541 2737 3491
6340 4777 6551 3514 2577 5604 1017
12780 4777 6960 4327 3439
3669 4777 3514 3727 6264 2157 3758
294 4777 4140 5026 5717 308
3127 4777 1131 3577 3626
3003 4777 4382 5104 6673 5548 2202
11441 4777 2538 2176 2210
13833 4777 452 2305 7021 6766 6435 741
13569 4777 3983 1535 2023 5936 5901
3530 4777 2395 6246 5788 4516
8090 4777 2583 1596 1560 4570 1708 3406 2876 2320 1691
9093 4777 6931 3690
19208 4777 494 2353 6442 1763 6132
16786 4777 5350 6371 3206
6589 4777 1473 6557 2978
14853 4777 4910 6442 1686 808 5178 5015
9007 4777 3341 1151 4698 4555
19087 4777 3227 6878 6555
6683 4777 1535 2975 823 3961 6312
5308 4777 7003 1088 6763 3782 3737 172 804 5444
1183 4777 4194 3327 442
6984 4777 579 703 5651 2026
1494 4777 6931 61 6820
1247 4777 3385 5163 3578
13214 4777 2514 3674 3633
3854 4777 5004 2020 5350
305 4777 1950 1535 61 5360
7797 4777 2459 610 3737
17318 4777 6849 6502
12856 4777 4658 4601 5178
4375 4777 6568 2568
17867 4777 1149
14934 4777 6383 2481 2305 5850 3716 1676 2935 3855 4409 4980 5361 3461
16520 4777 5108 3341 2023 3288 3782
12932 4777 1400 5350 5724 3599 5060
12021 4777 3366 6746 1241 4054
3189 4777 1400 4600 6984 2204 5368
7791 4777 2884 2594 2023 5504 1444 121
18393 4777 2509 307 1752 1059
14265 4777 114 6285 5867
12899 4777 4018 391 3150 1659
15165 4777 5353 1559 5052 2964 1474
12739 4777 5732 1535 951 4601 5238
16727 4777 411 1420 2288 4795 5997 823 125 4478
665 4777 4148 5985 3114 4190 6079 3892
13897 2403 6185 3634 6732 5962
3764 2403 5397 4423 2531
363 2403 2044 4461 4510 2791 1199
5206 2403 6960 4327 6984 5350 4771
2403 2403 2769 3626 2965 1612
14715 2403 6014 5652 1461
14038 2403 996 3889
12309 5195 4426 5752 1624 6309 3906
17863 5195 5350 4795 777
17015 5195 4834 4705 2507
19094 5195 4351 3626 3562 7018 250 1898
10635 4351 5040
11826 4351 2859 1003 3995 3727 3683 2128 3724 2709 969 3342 1002
15168 4351 1419 1860 6195 2204
1206 4351 473 5627 229
11612 4351 4131 5152 6269 1112
6062 4351 104 5415 2459
8477 4351 2617 4909 4830 279
12027 4351 4285 5843 3669
10696 4351 400 5841 5819
1984 4351 1192 1776 218 6509
10605 4351 6785 6882 1137 4943 4003
8700 4351 6171 3319 1439
347 4351 3983 6546 498 4929 2101
8942 4351 368 3676 4732 3146 4190 3272 3177 21
15725 4351 152 1183 2202 1832 4588 1664
90 4351 3279 6193 3813 1743
7967 4351 2427 3479 3326 2395 1427 1114 4830 6763 2574 6534 3685 203
5117 4351 639 1808 1803 6681
3395 4351 6876 2677 3986 6855 3755
13461 4351 6868 2634 1791 4423 3272 5223
11217 4351 2469 5926 2497 2935
8074 4351 3721 2305 3218 7013
12556 4351 679 3425 1598 6079 1141 273 824
895 4115 5004 105 6289 1252
10296 4115 4498 3913 2474
3447 4115 652 2878 4494
10532 4115 6546 4932 6878 3444 1319 2927 4763 3968 4458 6555
17298 4115 1344 5270 4701 4461
6707 4115 248 4216 6613 1676
10597 4115 6568 6882 902 3614 3588 3999 2439
3682 2427 484 4903 6939 4277
14826 1344 1913 3272 364
2572 1344 2987 6551 3695 823 1956
17190 1344 2634 5074 3626 6666
6851 2300 5047 4994 2073
7639 3698 1535 1148 7003 6188 4823 4679 3868 5795
4577 3698 3629 4962 5998
6002 6415 4007 1110 6690
4450 6415 4154 4431 4075
686 1400 6631 5681 3170
10853 5108 1166 904 5098 4353
13250 6368 4760
2792 6233 3227 4599 458 141 6195 2260 2497 4306 2764 3080 3880 1458
13391 6233 3983 4768 2459 6911 1151 1836 2903
9962 6233 1679 3737 5841 6653 2139
18118 1556 1253
5041 3556 1611 2237 4380 4370
573 2248 1609 5166 4994
19323 2248 6868 5103 5655 6203 3042
5638 2248 6548 6188 4221 2371 6105
1518 2248 4758 1309 3215 6424 461
8902 4061 896 2154 86
15623 4061 6002 1946 4742
3544 4061 6785 2305 432 3336 5672
8664 4061 277 4673 5189 6022
10258 6785 5251 395 1401
17128 4199 210 5637 1913 3979 2101
12910 473 6313 611 5074 5954 3523 4983 6505 2843 4789 2779 6759 5487 6027 4191 907 5444
18917 473 5594 1009 2305 6764 3454 4245 334
19176 473 5088 4488 4000 5131
9580 473 2509 3142 4937
12432 473 5074 3813 6539 5008 6275 2101 5307 3937
17140 245 3265 484 5501
5611 159 4090 5377 6852 2506
18334 6785 2023 6114 792
8882 4341 524 4715 3354 3574 4148 627
12222 3279 4825 6383 6721 1401 5168 6499 3412
13683 3265 3105 4940 1882 2722 104
6883 1825 2010 4305 2059 1405 3147
17171 567 5563 3555 3311 4314
5991 567 2074 3385 4227 2992 3454 3745 6676 1375
2413 567 6189 3239 6309 5458 787
2960 567 5353 2389 856 4837 5241
8588 1767 669 6796 1002
6932 1767 6607 6631
8272 1767 2871 5168 2483 5804 1193
3507 6605 6785 3721 1708 3792 4698
1213 6605 1400 799 999 1550 6421 4616 321 3418
9301 6605 799 7047 6594 4478
18673 344 1723 2523 2023 6371
4697 344 164 1836 2736 2940
1184 5061 2013 726
1430 5061 2395 6012 5033 2858
13868 5061
18737 5061 6546 1150
12964 4742 1799 5898
1064 2192 5457 3721 7003 74
4212 5550 764 5768 4380 5361
8954 6887 2269 730
18594 5454 3239 2023 2483
4557 5594 339 2758 2523 5349 5664
16206 666 2305 5681 1451
264 2129 181 4885 514 3385 2338 3772
12282 2129 3128 4004
13686 6267 6868 1679 4570
13169 5732 3239 3279 6465
4439 5732 5108 6014 4488 2952 5633 5725 2789
11971 5732 5765 1166 6380 5967
5349 5732 5785 3870 1703 665 3152
16199 5732 4564 1088 2328 6371 235 2791
14055 5732 1946 3514 5810
4369 5732 1535 4462 3062 1888
9998 5732 1535 4682 5880 1776 2101 2927 6971
7770 5732 4721 3288 6066 1584
7542 5732 3922 6931 525
10405 5732 799 5152 969 2927
18074 5732 6399 2328 1603 3288 3080 552 817 4039
8015 5732 2457 4722 1535 2770 1244
14617 5732 1535 5448 1655 566
19409 5732 799 2992 5295 1612
9194 905 679 5745 6343 3902
15940 905 3733 2159 4644 6188 3830 4905 954 3717 2940
5092 905 5088 5168 3902 2980 1224 4760 1565 4763
11569 905 1473 665 4601
12855 905 5784 699 5737 4146
1622 905 2814 2618 3790 6568 2075 6509
920 905 3614 6434 678
2528 6195 3237 3164 5469 6990
16115 351 3738 4476 228 5863 5184 3666
9486 4564 1097 3401
5742 5033 2873
6497 2345 5743 6486 1134
15641 504 1172 2659 2980 5997
18261 5454 756 3626 950 1776 3901
10662 5454 2099 6195 1409 2143 1209
3936 5454 4216 1860 5841 4410
10719 1669 639 5232 2622 4635 6882 6709 1584
17306 1669 2814 4768 5824
13138 2976 2901 5979 4423 1756
12486 2976 3060 2901
8413 5726 935 3968 6993 6782
9745 5726 666 6356 3147
8188 6691 5854 5648 1622 469
15865 6691 6336 4454 960 4670
9058 6691 2240 3157 5725 5336
10210 6691 2498 6511 5341 2761
330 6691 4460 2405 203 4703 1880
3540 6691 5247 3300 3030 5812
8915 2100 3897 152 1535 4227 2022
14142 2100 6506 4235 5252 3966 437
6634 2100 104 1913 549 6772 823
532 2100 6086 4012 1680 5318
14122 2100 4527 5074 6767 243 6420 2405 2876 328 6488 2777 4410 2903 2341
7664 2100 825 4491 4399 5504 5675 1375 4556 3946 3941
9453 2100 6847 6984 2112
7777 2100 5187 1888 3522 4171 1962 4994
18858 2100 1365 943 4249
6701 2100 3694 5786 2597 2844 1992
13750 2100 5152 1686 5563 6759
1490 2100 4514 5674 6568 2980 5728 606
17935 2100 1105 988
19115 2100 5794 3683 5424 6480
14226 2100 5866 935 3102
312 2476 6785 6171 498 6005
15371 2476 2833 6560 3292 1821
8530 2476 4742 5794 2980 4148 212
12184 2115 6310 1401 1057 933
11462 2115 3850 1503 1391 4892 2927
7077 2115 5353 950 432 649
1334 2115 2509 1010 395 6323 2932 627
9963 1621 3741 2120 4568 4652
18490 6119 2859 2855 4948
6827 6119 6785 6777 2026 3182
19090 6119 6006 4733 4284 6523
19333 6119 4816 7042 6708
3567 6119 4830 1484 5556 6757 4555 5858
5311 6119 3227 2569 4009 4405 6676 2975 249 4555 6158 6424
12614 6119 2677 2636
18814 6119 3523 2618 2665 1605
9724 6119 6868 5187 3626 2980 6682
8191 5240 5353 3236 71 2927 5255
14101 3343 669 6320 3057 943 6847 2025 2462 586 6609 2767 5700 4939
428 909 1671 4846 5885 5557 1071
6534 909 6882 5412 96 3170
5000 909 1808 1148 2493 6882 4846 1464
4220 5383 3077 943 4477
13938 5383 2316 4118 6449 6190
10492 5784 1394 5621
12330 5784 5152 4825 6568 870 2002
19404 5784 7003 5658 5725 1206 196 3361 5727
3046 5055 630 3326 2305 2025
5055 6313 4722 6833
13913 6286 1228 3979 2577 5936 6930 3272 3055
15541 6286 437 1353 5378 826
12928 6286 2420 1018 2888 6844 3992
4853 6286 6583 5516 1704 3674 3670
18863 6286 1913 5725 907
5375 5108 6867 5651 3597 2026 5555 4546
1706 4968 2013 3969
1671 5187 2763 6600 7015
5583 6785 4836 5930 1127
13196 3360 2573 2440 975 5847
8261 3360 2005 1131 3241 5936
7812 3360 6095 1137 3337
3077 3360 6868 6583 2294 4830 4789 4965
5793 1989 5787 1225 5353 1390 1787
14913 5449 216 5353 4564 2928 1224 4084
18823 5449 3835 4611 4145
572 5449 4662 5387 706 5700
14033 5449 4006 5353 5869 2980 978 486 6746 4149 1199
13400 5449 5129 6868 5152 1403 6091 5563
4458 5449 4659 432 1032 1776 115
13292 5449 5049 6885 5104
15820 5449 6368 3514 3721
10614 5449 422 5876 6878 6746 2957 5788
2128 5449 4460 3899 2927
19331 1283 1532 4346 835
7289 1283 3536 6098
1952 1283 6868 1060 2634 2905
13564 1283 210 5970 3381
4479 6310 1172 5651 4181
17290 6310 3326 2617 2168 2405 2483 1883 6295 5855
16644 6310 5142 2886 4611 2835 4454 7042 3737 915 3504 6658
12860 6310 6442 153 6578 915 5000
5098 6310 6762 4285
12733 6310 3961 6712 6740
14164 6310 6500 6762 6549 2142
5966 6310 5278 4145 4148 5444
2660 5129 1723 6628 3685
11831 5129 1846 784 3272 2568
8456 1116 2634 1339 3727 6082
18306 1116 2859 531 5032 6937 5936 3009 1575
6087 5151 4341 6135 6573
7275 5353 5104 3515 6930 2628 6558
14182 6188 5559 3538 5800 4679
17005 512 6868 6436 5825 57
12230 189 300 2594 1088 3023
13079 5667 2647 120 338 6751
14121 5667 1903 6843 338 1639
7848 5667 6368 5779 47 3540 3142
7256 5667 4931 162 4220
14312 1990 5312 3410 2871 3606
17629 189 3620 2876 328
13307 189 1163 6500 3257 3142 6443
15027 189 665 1107 6126 5577 592 1832
16572 189 6597 1535 3129 2231 2870 2562
1277 189 1930 6377 2513
12134 4430 3897 6548 3597 2026 1743 5172
13919 518 5104 5936 2428 3968
7533 518 4405 6137 3215 6021
12527 518 1489 6434 3234
5353 518 5353 3727 2899 6530
736 518 3227 4662 4264 5027 4478
5074 1723 7028 3439 3523 3606 2168
18506 1723 1111 1260 47 2908
4308 1723 5794 5985 3966 3632
9746 1723 6156 943 4272 1660 3904 3644
17393 1723 3759 6939 4264
14653 1723 2757 4067 2330 1621
12121 1723 402 1405 2567 5946
5546 1723 3543 6100 5373 6768 3218 3758
1593 1723 3408 5210 3516 2905
8119 1723 3239 5312 2859 3745 498 2026 755 3799
17824 1723 6813 5187 1826 6520
12804 1723 1847 4874 5997 4043
9111 1723 847 3523
16999 1723 4462 514 3979 2061
16059 1723 3465 2834 5841
15106 1723 3759 3899 2101 2909 6037
5648 1723 5637 1434 5496 907
2326 1723 935
5008 1723 6868 1060 3742 300 3626 2790 3632
6641 1723 2345 3742 6188 2574 4697
2849 1723 1679 1556 4543 2483
10026 1723 3129 5027
16333 1723 4694 764 2449 6147
12306 1723 5131 4524
1798 1723 5637 1166 3514 2871 5928
10362 1723 2296 2814 3215 4994
10470 1723 999 2509 6785 6511
15636 6607 6941 6567 6746
12970 2515 6823 3240 5736 5389 545 203 879 1774
16858 2515 2757 2230 5353 3727 4970
14027 3523 6680 3621 5903 965
3937 506 5953 4929
15388 975 4414 3538 5473 1914
9659 2925 4820 5997 1252
7263 4644 6764
13978 549 5928
17003 7028 2728 2509 3439 1913 4156 701 6161 5000
11682 6960 816 1003 1020 920 5880 2940 5795 5102
333 6960 5459 131 121
1645 5993 4194 943 2735
17723 5993 3439 5597 2023
13134 5993 4599 5945 2305 2023 3798 907 5153
5169 5993 4742 3782 3755 3531
7840 5944 3730 7014 3139
11614 5713 1913 365 1895 2940
17636 5078 4211 5633 3905
1530 435 6923 1393
17451 435 2574 6242 569
15288 435 3220 1872 1686 2239
11859 6677 1596 6458 3514 849 5936
9977 6677 1913 3710 5319 3201
19114 6868 5256 6436 3727 3626 2481 3130 5547 5215 1154
14013 6868 2914 6750 3868 1960
10018 6868 1673 4121 133 6283 1781 4363 5082 4588
18382 6868 411 622 2685
3522 6868 5581 1603 1033
18988 6868 3626 3882 823
4060 6868 794 6567 5838 3272 2685
2145 6868 3391 2025 6503 243 762
15479 6868 2980 6559 2778 5250
10046 6868 2634 1913 1232 2530 6289
15901 6868 4527 365 3354 3234 6266
12459 6868 1936 6763 3181 4669
9678 6868 6551 1776 2685 1002 3632 5882
14343 6868 2304 7037
10725 6868 4742 3245 1860 3626 5168 2101 4461 3272 1002
15802 6868 2457 6852 6630 6937
12555 6868 4948 1958 1809 5710
9796 6868 2884 6281 806
8626 6868 2634 3626 5459 2968
14538 6868 2634 6675 3361 5622 2170
7429 6868 3326 4493 738
18769 6868 6386 3260 5500 1058 4220
9605 6868 5049 6984 4366 5389 5563 2101
3020 6868 1260 3439 141 6262
8917 6868 6039 5199 5394
6931 6868 1003 6864 5316 560
16826 6868 4371 5256 3693 1468
483 6868 3694 2783 395 3193
15602 6868 3239 3850 55 5411 3693 4383 4227 4481 3003 2695 4555
12687 6868 3791 6785 2392 5169 3793 2118
15321 6868 1913 5353 3782 3737 5967
10399 6868 4405 5800 6511
19019 6868 1997 1434 5098 589
5830 6868 2071 262 1997 6734 4294
8454 6868 2099 679 6523
3564 6868 1791 5356 732
4496 6868 6785 99 59 6246 4284 128 890 6446
1754 6868 3196 1776 5349 88 6999
3475 6868 22 5204 3260 3905 3272 2909 5710
10998 6868 307 5000 1187 792 3822
9682 579 833 4239 2620
10263 5778 665 1229 79 5812 1606
1377 4110 5604 498 4710 6511 3674 6810
6199 4647 1405
16753 2944 4426 3368 3685 879 5996 3259
4540 5049 5204 5378
527 5049 3600 1339 1556 1823 3513
16179 5049 3730 6389 1738 5936
3113 5049 1158 2651 584 1621 5047 3260 6365
552 5049 3002 3934 4154
1333 5049 700 2470 4660 1298
7693 5049 1260 5521 219 4639
19061 5049 1080 3385 4476 5285
2456 3556 810 920 2763 1056 3369
6139 3556 6568 5658 5729 5307
6435 4548 6095 2562 6213 6396 4333
160 3579 4520 5980 5477
17819 534 452 1218
11510 534 4611 4383 243 5740 2323 5178 6057
3114 534 6546 1266 1389 2710 2903
1400 964 5980 3385 5097 3056 4504 5863 4092 804 3936
18321 3962 5997 792 685
8887 3962 5108 552 2285 4763
3582 1872 3544 5171
3656 208 6454 2941
8434 4403 741 6907
1015 4722 825 1537 1603 3064 4670
12965 799 1890 4509 2498 4167 71 3193
11086 6583 3235 6746
9224 1053 785 1679 2541
17987 3695 5729
4004 3620 2440 5581 3213 5804
10493 5442 3215 4994
4485 3331 2020 6583 6635
8215 3331 203 6216 4729
6247 3331 2283 1502 974
12065 3331 1689 5183 1856
12830 5108 2770 3824 4168
9309 2927 6057
10177 3406 4784 6525
8874 2634 679 5168
3995 4303 2647 4611 338 1389 4042 57 2474
13055 4303 141 5547 899
4672 4303 4599 5353 2711 4221
6593 4303 2583 169 338 7021 324 2750
12827 4303 3227 1574 2951 2305 2487 338 887 1583 6746 7042 3782 5928
6818 4303 1486 5004 5248 6004 5389 6545
13032 4303 2647 2461 2305 586
11588 5916 3721 4715 2340 21
669 5916 3828 6560 758
13916 6422 943 3354 5670 836
8627 4289 1679 6762 2497 4399 5936
17256 4289 911 2837 5350 132 3213
8000 4289 2814 1795 2735
5362 816 1913 760 3869 4633 665 6841 3215
3360 3252 2814 1987 3550
2537 3252 2647 5503 2025 4104
12920 3252 785 5737 1923 6011
7264 5708 5031 1489 4216 6785 3505 4765 1000 2618 2609
18161 5708 3239 6548 6227
2531 5708 2305 4879
2464 5708 3928 6785 5866
11032 6399 2835 6083
2423 1532 2349 411 1111 2330 281
9124 1532 5765 4611 4383
8152 1532 2871 2451 6746 1901 5672 4461 289 3599 577 2086 4184
8861 1532 764 6568 1776 1407 3173
5445 1532 2634 3301 1120
12200 1532 1480 6048 1243
2224 1532 6188 2795 1320 822
17422 2831 2393 3850 4635 1464
760 2831 210 956 698 648 4510
2728 1946 2589 4091 1920 4948 6188 5429 4935 4452 6770 6520
11467 3974 6785 3383 2514
4129 3974 3791 3722 2871 2399 4148 4925 2741
1272 3974 3239 6086 4235
17263 1384 5108 6466 6867 4855 1484 4423
18518 1384 4832 2327 817 2143 6576
4742 744 6246 674 2168
5073 744 5099 1799 5261 769
10482 744 3942 2645 4192 1435
18545 2345 2871 1191 4432 5997 710 196
6213 2345 5152 2986 978
1652 2345 549 3128 688 3393
4482 2345 2109 1978 3404
17444 2345 3020 1244 4478
15340 2345 1913 2594 1760
16874 6023 468 5088 1088 1686 2035 4133 6766 3638
480 6023 5494 3385 6505 2980 5487
17086 3239 5681 3961 3630 6800
10407 3239 6095 1419 6721 4882 673 4930 1823 5936 3370
7856 3239 3626 6721
10801 3239 59 4434 6576
11275 3239 4048 3353
16181 3239 5936 838 3968 782
11903 3239 1791 2023 820 2101
6032 3239 6055 6546 1229 610 5047 3406 6464 6486 4106 5724 3095 804
14136 3239 1535 3 7003 2387 2870 3592 1996
6148 3239 2099 6882 792 3469
6411 3239 5350 4710 4148 469 4980
18005 3239 5168 3288 2960 6511 1542
19 3239 6785 981 4846 1931 6474
9756 3239 3850 4141 6785 164 6442 3904 6882 4925 2022 4357 6084
5649 3239 422 5837 4383 4957 4537
19400 3239 6102 6530 5555 748
3726 3239 3128 2871 1331
2874 3239 2032 3057 3079 3606
4492 3239 5108 799 6746 2927
4730 3239 1686 239 335 5804 6291 4458
1251 3239 3613 4165 4986
9214 3239 4510 2685 1002 3147
3291 3239 6222 4825 739
15232 3239 5637 1776 6208 522
1279 3239 3769 249 935
2939 3239 5765 6368 2618
18225 3239
6590 3239 411 7029 2940
6003 3239 4454 3737 930
7859 3239 6789 5312 3660 469
10084 3239 3791 4597 2960
6911 3239 3897 3727 6195 766
221 3239 3245 3776 513 4148 915
13375 3239 4903 2209 6371 2410
8296 3239 1299 1535 7042 5783
14420 3239 1826 131 902 2143 3751
16466 3239 6400 5152 6882 3892
1157 3239 3227 1202 6114 5496 2101 3147
2086 3239 6126 5398 3458 1883 6084
1775 3239 1260 5763 125 1199
18156 3239 216 920 6083 642
11004 3239 5796 3300 2960
5713 3239 2573 4467 3721 6721 3354 4734 627
14847 3239 6793 1005 2695 2436
623 3239 1732 3743 5001
15409 3239 4235 6450
17340 3239 825 892 6914 6918 883
508 3239 5491 6583 5168
4083 4079 2319 2825 6829 106 3782 3215 4893 6963
10340 4079 1492 6380 1179 2244
7736 4079 1420 3772 1575 2137
1616 4417 237 2498 2791
3545 810 3060 6618 400 569 1438
6848 810 4611 4383
16403 810 2762 965
14044 216 4235 5826
2120 216 4274 2209 4038
12334 216 5024 2980 4148 6511 2742
6060 2770 5681
2800 1400 3742 239 5008 5044 2940 2935 6562 6907
1793 1400 4832 2871 1852 4664 2208 3272
14140 1400 5142 7020 4564 6314 47 2833 2328 5526 4148 3190 1258 4203 40 741 2613 1553 6907 5029
15149 1400 3690 3274 2244 930
16824 1400 6086 560 3781
18041 4426 3983 1880
17505 4426 6442 203
9969 4426 3354 1851 5178 2532 6685 151
14654 4426 4056 6914 2318 2428 977
16334 4426 5837 2685 5922
8532 4426 3275 6762 4119 5698
9494 4426 2271 1288 600 338 2759
16172 4426 1847 6195 4985 3023 4403 1213 6711 5936 6341 3772 5653 2863 1706 4225 139 4937 1717 6248 7
16296 4426 6034 5515 3030 4432
1960 4426 3060 4832 2022
15474 2469 2390 3694 3923 6309 4635 3114
13139 2469 326 468 2770 1866 922
19367 2469 6095 3835 639 6785 6516 2101
10471 2469 569 5444
3341 3427 5256 5325
19182 898 2305 6746 3264 3139 6488 2750
5614 393 2509 382 6511 2863 6141
9013 393 2305 338 3544 6343 129
13771 393 2823 2493 1481 6446 5953 6594 1125
11001 2552 2833 748 3461 3106
9290 2552 1899 5328 1818 6230
15177 4961 4718 6787 2661 6894 3632
14719 6097 2358 5256 5808 1376 516 203
12323 6097 4742 4955 3298 3979
2858 6097 6785 3544 2344 5200
8321 4147 1803 3125 2026 5936 3190 5985 4283 1883 3607
4434 5854 4156 3430 3354 6291 6594
5076 2934 6583 615 2104
7709 2934 2781 3299 730 5277 5349
5084 2934 3697 569 1986 652 3754 2297
1454 2730 6368 6583 2320 5338
6041 2730 288 5476 2083 1628 5740 4221 2050 74 389 2405 6499 5523
9569 2730 3710 4714 1065 3058 4925 5349 6208
8865 2730 6813 3011 6171 3385 6843 1743 2870
15854 6344 5722 1418 710
14053 6970 5251 2389 106 3036
1094 4518 3850 1987 1135 342
3866 4518 1075 99 2830
17496 4518 4662 2305 5103 6203
3047 5765 1913 5353 1689 5743 5444
17164 5765 3564 1946 4460 5334 2904
4303 5765 4832 2453
11397 5765 339 2839 1978 726
15426 5765 851 5353 3492 4718
11848 5765 1420 1489 3366 4156 2748 4454 3356 4930 2062
1051 2583 207
3827 339 3727 6865
9783 1493 6732 1888 2542 2782
15659 17 1730 6939 5025
8093 17 935 114 609 5434 4998 5444 3973 6509 5593 5924 6788 4628 2219 4420 5734 6811 4173 3541 6782 2586
2955 17 3523 2459 2677
15618 6931 4148 6377 1553
16175 2084 951 4491 1117
1609 3283 2871 2952 2598 3716 4103
17258 4561 6931 3803 4702
8607 3983 639 6785 384 698 6505 3441 5985 85 3147
12676 4561 3575 4317 544
8809 4561 2980 1923 3540 4960
6394 4561 5350 6511
4710 3575 1839 328 324
15264 3575 3716 5804 2244
7369 6793 3425 6812 3469 2878 5394
5501 2314 3505 4210 4177 2905
10820 497 2583 6848 3850 6306 6785 2305 4507 5468 5016 2216
2762 5945 1078 5800 2532 3193
1343 920 6709 2612 2927
9714 1260 326 2758 5087 6390 1500
15389 1489 6848 3683 4133 3030 5025 1575 1149 4478 4357 2244 1880 6512
4311 708 6034 3614 1193 540 3234
11550 708 6203 4029 2338
45 4202 1886 1776 3147
10972 4202 1970 6583 3181 2957 5880 2940 4771 4043
10062 4202 958 5204 3737 4970
5017 4202 2758 951
19386 4202 3626 365 3299 5368 5788
17066 4202 3299 3961 2480 813 5444 4663 3496 4506 1739 5567 3243 3541 3712 1684
13622 4202 1636 1550 5908 3023
5735 3897 4859 665 5633 942 5679 76 6211
876 3897 1517 222 1694 5548
14808 3897 1472 1689 6865 942 5985 2431
2831 3897 1299 1489 1228 1559 1088
4035 3897 799 2465 5763 563 5679 2759
14489 3897 902 5783 575 6555
2862 3897 3428 2432 5434 3083 3578 4660 2219 4420 2054 2261 5071 2801 6694 1684 646 6220 3669
17650 3897 6721 2332 3899 4883
11385 6328 6470 1393 2118 1608
18130 6328 5992 5103 5420 2498
1074 6328 2005 3957 6882 3740 2026 4478 7006 3193
2559 2420 3523 2650 1694 2336
5539 2420 1009 6882 6083 6067 3644
16839 6150 514 2023 522 2532 817
4991 6150 1613 4491 4837 56 2335
8647 6150 1637 5563 604
3265 6150 6785 6612 5025 792 2830
1969 6150 5232 334
1148 6150 1596 3636 5378 6359
7192 6150 3675 3169 4370 4332
11376 6150 656 6503 4112 6237
16074 6150 4104 2612 3272 5098
15566 5787 1489 3356 5703 5804
9299 3791 2617 4428 2394 5577
12270 3791 5353 4446 5168 4905 7018 5967
16930 3791 4682 3045
8178 3791 1009 3476 4306
5914 6628 3057 2647 3114 6022
11464 6628 3015 2059 4838
2488 6628 4198 3660 879
6741 6628 920 6505 5526 354 1302
16943 6628 383 5735 4789 5070
12520 5090 942 5800 2208 5873 2554
17408 5839 6355 2059
5336 1950 3523 1756 5795
4823 1950 5778 395 6914 2582
6662 1550 4905 6141
3559 4758 2459 4507 1774
12402 666 2814 1888 665 4133 3737 2960 2940 3644
18078 3983 3391 2980 3354 4148 5566 1821
8692 2349 553 2062
8651 2349 669 5411 950 2483
18009 2349 4662 4540 3704 5461
10306 3600 896 2154 1945 4333
1997 6122 4857 6843 153 619 5997
17603 6122 5011 5743 5047 5563 203 6145 5724
7111 6095 1535 2493
15614 6095 4910 6275
12862 6095 1690 80 6568 1697 3114
321 6095 5353 3505 2459 4405 4167
1891 6095 2305 6594 3274 1084
12971 6095 6984 1559 1310 5504 1252
2997 6095 149 820 2146 3114 5622 5356
11191 6095 5152 5992 6746 3521 4914
9033 6095 2617 2239 1732 2559 2685 5710
12542 6095 1489 6746 2136 577 2167
6403 6095 4140 281 4156 6837 4440
1422 6095 586 6423 6701
11599 4866 2757 2634 449 6383 5976 198 918 6725 5838 2297
12214 3098 6252 2311 6242 4710
16653 3098 1289 3823 5113
13343 3098 5522 6882 3614 5547 4994
1214 4940 4661 3460 4505 6503 6936
14124 4940 1682
2899 4940 5472 1682 4162 192
4306 4940 1925 2639 3820 2452
17950 4940 3236 4477 6984 249
9935 4940 1472 5748 3902 2249 3867
12518 4940 2618 3613 4148 5649 6810 5867 930
8435 4940 300 1729 5564 5226 5097 1110
12818 4940 5735 6436 4758 943 6261 784 4688 1307 5725 1762 2940 2094
15752 4940 4983 725 249
161 4940 2459 2957 4365 249 4970 6844
10126 4940 4758 6939 6272 6557 5819
14347 4940 6436 3052 2260
13565 4940 1041 79
11820 4940 2283 4948 249 3937 6115
14295 4940 1339 4758 95 1738 2696
1016 4940 4824 427 5290 4340 6986
1902 4940 3729 299 1978 3466 6048 3601 2216
2260 4940 5912 59 3523 6261 2637 3272 2685 6266
10208 4940 5912 4491 5869 4221 389 6499 6573 741
10677 4940 88 163
11285 4940 1489 656 5024 4823 6573
19074 411 4930 2026 1553 6391 1089
11984 411 4601 2514 2613 6907
11865 411 141 6195 6154 4823 952 2323
16876 411 1489 5411 297 3737 879 6044 5893 804 6528
2621 411 1903 6721 2405 5680
3155 411 6785 425 2618 5477
3002 411 6785 2026 2858
5720 411 6442 6165 6576
3055 411 6380 6984 229 3737 1195 1588
11945 411 2743 1032 3754
1263 411 6864 1550 1709
11511 411 4722 4156 6725 6499
1865 411 6785 5997 5679 6826 3665 2532 2137 6528
10483 411 2728 2394 2498 5026 2818 3272
2091 411 3057 5503 6843 338 4924
5259 411 4425 5387 3745 1423 6480
18337 411 2647 1198 6126
8763 1316 6789 2353 6721 2497
6686 6629 4599 956 6390 4708
8767 497 4607 2863 5523 2453
458 497 1489 5353 6323 1341 806 4682 5679 4221 6499 1575 1058 6594
1239 497 6249 1621 6930
6296 497 2700 4778 5382 4489
19039 497 1088 486 1978 2612
16001 4824 6215 4121 3945 1575
15498 3417 2099 6329 5699 6690
4030 4661 2634 248 6785 5908
3527 2599 3057 573 5729 6553
11081 2599 851 2007 3693 1987 5758
16615 6966 59 927 2398
1511 6966 1808 5111 5178
13815 632 1708 5468 6681 2143
5992 339 5373 5763 2598 5936 2815
7998 4230 2547 4846 6961
2390 6142 4048 4930 1447
2153 5230 452 1503 553
17424 2884 6885 5547 2582 5953
2694 2884 5108 3613 6800
16302 2884 1042 3716 5936 369
16909 4454 498 6545
1950 301 6843 2413 3811 1743
11784 1009 943 4605 4881
19238 3982 3129 6743
9371 3928 452 1081
15506 3928 1716 4573 2759 6486
12090 3928 5913 5999 389 2155 1405
15255 2993 5796 5945 5111 3923 3904
7312 2328 1732 2202 4424
173 3057 5360 2405 6945
9801 2757 4846
6038 2159 6171 1443 4148 2436 1799 2326
11208 4825 6388 900
5250 3227 3268 4347 4295 1464
19441 3279 478 5905 2763 3369 1064
3086 3279 5108 2478 4721 2023 5850
16150 3279 3595 4148 2272 3204 5181
17418 3279 2488 2541 838 4568 6541
9965 3279 6703 4048 5204 2382 4367
3266 3279 1729 3241 1439 6213
9985 2993 1913 3693 3882
11043 494 1419 2390 4903 5576
4384 494 1299 6511 2732
7028 494 5459 3536 5679 6001 1646
6714 494 180 3574 2685
17825 494 1472 6870 3114 1575 1924
6904 494 6086
13360 494 4599 2068 4490 4662 2980 3708
2640 494 1378 2814 6947
16588 494 6195 5869 746 4148 241 6993
10038 6389 3719 2470 2220 5470 4173 6694 2674 6782
2121 3635 3439 6347 1519 2463 2638 3790
10520 3635 2023 6578 2514
9611 3635 3919 5365 2638 2023
5374 2099 6952 1172 4690 6882 4540 3215 4592
1722 2099 6405 2218 1134 208
15467 1075 5334 19 498
14426 2005 3850 3772 3114 5996 4043
13125 2005 2495 2670 3727 2758 3544 153
15843 1111 2459 5131 3799
12179 1111 3476 422 894 2421
5340 1111 6763 5032 3741 2609 4245 2338 6511
2526 5637 3514
5841 1225 4989 3114 6623 3751
828 11 5168 6377 5178 1085 5015
12900 2942 2957 5025 4517
19158 3495 141 4830
950 1489 6016 4221 5936 2333
13154 1260 6442 6343 3463
2105 1260 5168 4211 3393
7378 5350 1395 4763
17574 3983 4709 950 3385 6746 4148
258 1699 1542
9311 5353 5197 4369 5691
16645 2244 3469 2873
15509 2253 5735 4855 5725 5008
26 2253 3835 2305 575 4170
7842 6034 5108 5353 6269 3870 4611 6319 6746
3789 6034 2459 1206 2101
2183 6034 3940 484 4555 6499
386 6034 3019 4133 6616 4101 1249 2432 4224 1194 5826 2439 5470 5231
9650 3722 1522 3356 5212
15627 6335 1418 5488 338 79
30 6335 356 3341 2532
18618 3564 4742 2205 6389 4227 1005 649
18307 1550 4029 1575 348 5347
18635 5073 1603 3406 4478
1846 6368 3314 4658 4605
14369 799 3850 5353 2463 1300 1655 4221 2483 6499
18045 3626 6984 6443 1133 690 6488 3147 4436 4246
6115 799 3333 2960 1375
19153 1888 4825 5309 2499
17957 1243
5706 2790 3356 4273
18978 4505 2541 6126 4410
19241 5550 5353 3356 1823 4373 3592
7682 6793 1088 2541 6955
14197 1060 3564 5353 6065 4461
6615 1060 5187 7022 2918
4364 1060 4124 6785 3128 1968
5631 1060 5142 6657 6741 6806 4283 6417
11644 1060 1671 331 135 1553
16183 1060 3439 1365 3516 5459 2451 1621 1074
18959 1060 2106 6864 5252 6746
16636 2757 6885 1056 3910 4631
10906 2757 4681 2871 5112
12707 2757 1679 698 3676 3181 3996 4170 6454
9938 2757 799 1903 5564 3314 674 6583 4383 2294 1496 5908 619 4145 1585 4507 3418 5303 1241 2882 5053
250 2757 3346 5890 2176
15190 2757 799 1632 876 1955
1929 2757 2457 6785 1502 203 6145
6623 2757 409 3111 6785 315 1253 544
2165 3391 3351 513
18850 5047 542 3029
8447 1864 1737 333
6842 3516 4611 706 4221 5936 4370 5795
12817 6466 4855 1886 485
3973 4460 281 261 4818
6527 1419 5743 3960 6030 2664 5021 3342 2101 3868
8714 1419 3577 3983 6419 6742
2482 1419 6458 951 6511 5681
8945 1419 2583 6320 2305
4122 1419 3727 955 5453 5123 3300
2941 1419 4026 544 6454 6057 1929
9572 1419 4558 1565 881 6822
2882 1419 799 4633 713 6146
16286 1419 1489 3742 5303 1407
14884 1419 3658 5012 2870
19123 1419 4662 374 4611 5197
1573 7002 3620 4116 3774
4907 2331 4773 665 6505 5621
11471 2331 3497 5904 2789
10659 2056 4909 4530 2873 6495
17654 3564 4836 1747 3272
10618 3564 3523 3574 1162 4818
10642 3564 920 6488 3640 2474
19233 3564 1511 865 6600 6057
19243 3564 2634 3156 2871 3880
5332 3564 1032 1947 6594
14128 3564 5908 180 2870
8017 3564 2753 4758 4418 3642 5728
109 3564 902 2026 6511 2101
3889 3564 6721 2026 3758 2355
11661 6679 226 3674 1558
16708 6679 2928 2139 1451 6638 5584
10579 6679 383 1020
5625 1318 3421 4662 1253 2361 5378 2909
6105 2393 6086 4477 2459 3356 1776 1458
14888 2393 1033 5013 606 2973 3446
11836 2393 1148 3960 5609 2630
11111 2393 1683 2161 3516 5515 4145 821 4192 720 935
3296 2393 5278 1473 1503 5850 2208
1082 4725 5526 2940 5285
2129 4725 1928 727 5633
13153 1648 3979 5808 4419
4225 2106 4148 1699 4282
19318 955 4148 329
659 999 1611 804
15201 4235 2860 594 2870 3107
466 5108 6631 3865 1062 5908 4933 1823
15287 5783
9057 3019 2101 3491 3374 3632
4788 4235 4846 575
9566 6568 4760 1576
6702 5104 2833 2497
16132 131 172 5929
8662 6721 665 4846 5178 2118 6141 5540 3946 5485
8702 5008 2636
8515 5762 5374 4715
6879 2283 639 6864 3937 804
11261 2283 5904 2871 4481 341
6997 5078 5353 6867 2338 6480
2491 2460 5256 5465 506
5488 1770 1535 2614 6882 1109 3164
18732 6789 5353 4373 5504 6681
4987 6789 2823 1550 1544
11640 6789 2925 3557 4611 153 5768
18194 4815 5491 1660 4710 730 4117
7952 4371 5604 912 183
6836 3227 6215 5353 6822 3892
2459 3227 164 6931 4846 3491
15855 3227 5142 6568 3401 3674
1795 3227 3272 4892 308 2927
3684 3227 600 974 3632
6725 3227 4742 7003 80 6001
17676 3227 3629 5330 141 4340
5900 3227 6785 164 6984 2975 2249 2882 2208
11894 3227 4402 975 6635 4795
13544 3835 6551 6606 2620 264
11868 3835 4830 3319 6746 2399 5658 2737 577 5898
18906 3835 1535 2778 6502
17633 2142 5874 2761 6409
18621 815 4650 665 1408 3114 5804 3342 536
6103 2925 799 5278 6309 879 6893 2066
5480 1420 228 3905 3961 5838 966
17024 1420 3356 2208 4478
4130 3128 4868 1020 6984 2992 5381 1884 4639
2578 4928 5353 4903 4846
4770 4742 4207 1575 2154
18338 3697 2269 2231 5070 1664 3946
3354 3697 4462 2084 1088 6470 5350 3737 804
18658 3697 6726 4009 3730 996 5053
1840 5142 2106 3289 4816
9695 5142 5034 2168 889
14171 5142 6551 6054 2957 6690
16706 5142 6984 1559 4507
4845 5142 5152 5737 2731 1182
17321 5142 5912 2871 665 2294 5666 306
11768 6551 3111 2509 1260 3155 823 203
2869 6551 1172
2218 6551 3710 5570 3454 2897 5563 6951
17143 6551 2583 1852 145 5729
14431 6551 3298 4837 823 6257
15930 6551 63 6746 560 3717 408
9014 6551 4651 5441 5604 1678
16041 6551 2634 1776 2208 3244
187 6551 4885 2487 243 6143
11284 6551 6380 5104 673 1342
7014 6551 4545 6102 4009 3803 5516 3963 5979 4268 408
6864 1052 978 218 4461 2927
8153 5108 4846 942 4286 5554 1734
5997 5108 4382 2638 6530 4221 5758
1128 5108 6785 4462 5259 2023
12869 5108 1489 3361 3999 1766
7522 5108 5259 6803 1895 1353 5347
16362 5108 1378 6206 3398 2382 221 5098
16209 5108 2825 920 4640 6913
13113 5108 452 4611 6516
18061 5108 951 5997 1836 1033 5996 4146 2927 4763
5391 5108 5353 5270 2026 2483 5557 5172
12288 5108 6269 145 4224
9500 5108 141 5459 3129 4701 5533 2903
17295 5108 1535 4690 6630 904 821
15020 5108 4317 4070 3716 2291
220 5108 5633 2856 3670 2158
80 5108 513 2613 6576 5332
14935 5108 141 3516 4148 1405 4980
7543 2634 5004 6721 4993 2912
17938 2634 1761 5908
2956 2634 5168 784 2935 3632
1554 2634 6281 3190 2935
4911 2634 63 145 5985 3144 1320
13654 2634 2305 5780 3173
9584 2634 6505 5461 2101 3630
6347 2634 6726 5459 4210 3182 3802
15009 2634 1229 5672 2940 4424 5474
9631 2634 3109 6796 1032
3484 2634 3109 3301 6930
3156 2634 5743 3301 2542 5783 591 925
17355 2634 164 307 1229 586 1341 6463
14415 2634 2814 4758 3626 3147
2432 2634 4742 6933 6721 2328
2352 2634 1729 6107 3170 5838 358 4277
10232 2634 6152 954 1851
2696 4026 1839 513 3047
13901 6984 100 5829
14792 799 5522 5414 7016
2 799 4497 2500 6154 6670 6406
14798 799 6436 1826 2459 4559
14985 799 2770 432
6597 799 5959 1781 6069
3543 799 4460 5674 6388 2142
3769 799 999 3062 6763 958 2483 3966 4225
17577 799 1299 5945 4830 5126
14865 799 3694 2871 5168 4005 54 4784 5405
16827 799 4930 1610 1223
10142 799 2758 4048 2577 2665
2100 799 108 3727 5923 5381 4664
11965 799 764 5706 4383 2104 6480
17763 799 164 6594 1442 2927
7798 799 1511 276 5353 2968
18492 799 1804 3721 4611
13500 799 6785 1149 2101 6057
12998 799 6287 2025 338 1509
1806 799 5152 4156 4830 2382 6499
1549 799 4215 5670 3980
16400 799 2447 5783 5953 84
17058 799 5459 6442
12685 799 5353 943 5755 2139
897 799 2980 2519 354
12173 799 422 1913 2986 4963 145
8606 799 2684 4423 3393
7086 799
3884 799 2814 3128 4211 5204 4165
18692 799 3590 5997
2863 799 6581 6721
10110 799 2026 631 4449
646 799 4599 920 4383 5389 879
6287 799 3522 6061 6389 4503
14667 799 1339 2260 2748 3961
2586 799 1900 3742 5178
13527 799 3737 2101
1788 799 4026 338 6576
2795 5915 6568 2023 2013 5714 1307
17213 5915 5597 5092 7036
3837 5915 918 1405 2126 3150 4669
14909 5312 3418 4619
6373 2192 3850 4216 764 1377 5459 5168 6309 3491 1691
18942 2192 6380 899
11181 2192 2569 6676
702 2192 6557 3168 3491 3549
19100 2192 356 63 6548 3803
921 1200 4910 6746 4423 5405
17890 1573 3763 3550 3830 2961 1895
12960 897 6885 41 2305 1987 4611 918
15350 5442 4520 2498 3690
5940 6813 3949 3740 796
9613 6813 409 3155 5604 4970
16000 6813 1913 6882 3813 4504
17071 248 1232 2609 2975 1252
10550 5778 432 180 5463 4357 5727 804 6701
13633 1041 59 6309 2483
6826 1041 1974 892 5985 4277
10628 1041 210 4825 7003 1655 4148 5985 481
18478 1041 210 2834 492 5997 2203 583 1194 4143
1684 1041 6505 6670 5717 1799 469
17655 210 6987 5904 3523 4181 2414
14348 210 999 4656 5920 3566 5304 2664
7615 210 2790 6574 3354
1953 210 6923 4049 902
3455 210 2007 6785 792
8903 210 1556 5604 2811 3404
14846 4527 5152 5252 6583
12787 4527 639 4874 3522 169
9740 4527 3845 6261 2994 622 2049 2685 1002 5795
9479 4527 3605 6589 3688 5669
13946 4527 4850 665 1986 6610
1105 2723 5111 784 3963 5563
6418 2953 2951 307 4932 3806
7832 2953 5091 2101 628 2133
8997 2953 2296 5648 5373 1057
1185 4017 5959 427 2670 4611 2025 6843
15703 5187 4018 2762 4845
9527 5187 4221 3737 1199 4878
2477 1946 1463 5476 1839 1812
10925 3479 4470 2104
907 3479 4832 3902 850
15456 3479 5752 5522 2074 1088
8145 3479 3925 374 2481 2638 2485
2489 3479 770 2395 452 5979 408
4057 5494 391 3457 1392 5409 1619
12215 5494 3341 192 6408
14811 5494 2296 3079 1888 943 1241
5377 5494 1489 4048 6872 2639
3008 5494 2304 920
5125 5494 2992 6036 1248 103 1575 5444 6509
3465 4742 4633 2968 6389 5504 1575 6124 1435 935 114 1538 4318 6131 1664 7 853 213 2177 5332 6788 4628 5859 3744 4041 1125 5231 6782 2817
4724 4742 3306 542 2044 3968 6993 5638 6953 2177 3746 4506 1739 6782 6962
16268 4742 6036 6370 607 550 5172 4628
5364 4742 6152 1860 640 5168 4701
18467 4742 3882 4823 5283 5985
15283 4742 6368 3169 6568 792
352 4742 3599 3630 6788 5567 3243 1125
12786 4742 6036 6778 5370 5163
5747 4742 5415 2986 5783 4040 4636 1083 5638 5172 5826 86 6157 1125 3859
6001 4742 3983 4235 1847 2528 5486 6126 415
574 4742 4153 2086 5470 1975
879 4742 3289 951 2980 2323 1676 6158
14057 4742 5401 3216 3502 114 4863 3746
5674 4742 5753 3776 730 6578 542 5504 3540 1565 1426 564 114 2086 1046 2445 2873 5194 6476 6509 6788 4660 4420 877 2412 2674 2817 1602
17083 4742 213 5826 2177 2674 3712
13130 4742 2638 4341 1500 3310
149 4742 3111 5353 6583 950 4930 6022 2909 3491 439
1768 4742 4454 5204 3224 6743
14727 4742 277 5033 5755 4701 235 881 5015 4248
13467 4742 5504 4101
11393 4742 1378 1124 1434
11911 4742 5353 141 6721 3356 2927
11116 4742 2646 4701 235 6021
834 4742 1663 3509 4420
4355 4742 6509 4628 4041 6694
9176 4742 6511 2940 6972 782
14836 4742 6080 3776 4040 1637 3540 4332
12226 4742 2007 46 6993 2123
15233 4742 3983 2490 6785 6931 6721 4055 4892
4290 4742 6036 2445 5370 4627
1694 4742 2240 5621 5838 3147
9197 4742 2261 877 3243
17910 4742 3439 6635 6913
2990 4742 2980 3509 5593 2177 4506 3712
5136 4742 2992 2980 2405 5171 2286 6528
18772 4742 114 6449 4691
9830 4742 6080 4440 5102 961 4998 5163 1279 3746 2261 675 6694
4275 4742 1791 2013 858 3433 4419 213 5332 6788 4506
16779 4742 3385 2013 3662 4040 5504 1481 6999 4628
12586 4742 935 5102 6993 6509 4628
9428 4742 4355 4660 2557
11402 152 3329 6947
19288 152 7021 5053 6756 4602
9251 152 3288 6404 2323 212
15609 3675 5074 3523 2620 4710 2168 1743 1405 437 4478
5520 3675 3231 4281 821 741
5359 3675 4855 239 6994
10722 3497 5415 6167 5943
6455 6631 1847 2050 5979 2318 6594
10933 5179 5168 6882 4682 4744 2101
467 1221 1890 3470
5036 409 3282 6195 2980 6037
1280 5278 2603 2871 617
12147 5278 6882 2980 6746 6499
10312 5278 6086 4198 425 584 3774 2096 6391 5946 5430
11005 5278 3385 6505 5138 5547
18760 5278 1479 3498
1432 2859 6589 4018 3767
13430 2859 586 513 6083 3288 46 5291
5917 2859 5353 6864 954
13126 2859 5047 4121 4965
9152 2859 6429 3870 3824 6387 3737 3937 804
11839 2859 5353 4018
3834 968 2305 5581 5350 2820 2341 2069 4547 4818
15758 7044 2734 5715 4048 389 2155 5653 5672 4081
3791 1999 1378 4467
621 1872 4210 2239 1303
2883 1872 5404 4949
7270 1872 1074 1832 1049
15245 1872 2487 6752
8672 1872 2728 3595 6746 6158
9924 1872 6746 3536 6446
2922 1872 5393 3540 5338 1442
18427 1872 889 2143 3244 4285
5045 1872 6785 6195 5111
17590 3554 4383 2130 5099 1576 6756
9450 3554 6964 6289 6117 3469 2875
1379 3554 4067 2001 4633 6389 3152 6080 4715 114 3746 2896
7697 3554 2509 6195 6114 3342
10872 3554 3439 1409 813 3491
1830 3554 4067 6647
15763 3554 2770 665 2980
14968 3554 4067 4909 4063
12740 1469 4732 4040 3540 5033 6598 4752 5826 5332 6663 3541 4280
18859 4067 5415 2986 2062 2086
19047 4067 4292 3804 5471 1919
11525 4067 2986 978 5753 935 114 3374 2432 5313 3280 3746 3578 2220 6788 1219 3744 404
13784 3605 218 3433 6288 1154
18255 2949 5604 1375 5178 3674 1784
11129 2871 2965 2137
16622 2051 4029
14480 4341 4575 6878
6680 5912 2153 4823 5504 2940 85
18479 5912 1559 2294 6397 6936 3310
17614 5912 3057 1472 3730 5266 6488 3353
16553 4599 6631 2583 2418 1240 338
11306 4599 2899 1405 6417
12650 4599 422 1114 4541
3689 4599 1506 2670 6796
12509 4599 452 5970 1585 1795
3992 4599 4477 6516
13697 4599 338 4718 935
11806 4599 4832 6531 2291 2453
6050 4599 4460 6171 2013 2089
9832 4599 5597 956 3829 1134 2927
14259 4599 1299 3012 2026 5679 5319
8448 4599 2305 1389 145 77
11902 1039 2992 3356 6914
11286 2728 5533 5490
10899 5997 4148 2307
14517 5511 2790 5118 249
15978 5542 5944 5353 785 6939
5483 4018 1266 332 3855
14158 639 3767 912
11095 4156 6583 5997
4769 1802 2947
12761 2121 5353 5783 3214
3921 2390 4066 4855 6161 4845 4601
13252 2390 6721 3813 6534 2961 1543 3458 3555 6084
7822 2390 514 1202 603
14635 2390 6785 5763 2565 1572 1565 6291 4461 570 1781 3477 4363 3353 2927 3861
2450 2390 2728 6523 6285
3171 2390 4558 698 6568 2497 432 4148 915 5953
17736 2390 4955 6063 5564 4876 4611 4383 680 6001 3627
4111 2390 6446 1058 2513 6740
18386 2390 2305 2764 3685
11932 6589 6583 3125 3902 5504 6557 6022 5250
14794 6589 4211 2883 5178
15318 6589 5256 1839 3626 1088 4830 4948 4507 4893 1353
18135 5519 3636 5469
8464 2330 6785 2274
14363 2330 1635 6383 5616
816 422 4659 4611 665 1374 1725
11824 422 3326 3057 4857 4659 6943 5126
7685 422 4151 3170 3150 1458 2308
16147 422 3630 2680 1602
16785 422 4564 2980 4507 1976
13392 1322 4909 4633 2986 1556 6080 6036 4708 6449
19372 4758 6274 6442
11000 353 6470 3708 6972 6641 4279
9843 353 4657 3597 4970 1133
18537 3303 4910 1519 5259 4049 1866 5168 4476 2257 2023 390 1610 1434 3399 4277 1781 4363 5533 5356 6576 6476
4571 3094 951 2328 1070 145
12263 2106 2758 3737 2002
4964 1378 5674 4888 2685
3877 6923 3326 3626 374 327 4611 3685 5979
8291 6923 6086 1535 382 6546 5904 7003 665 5920 4710 5047 3955 3137 2101 3829
14544 6923 6086 3588 3147
11741 6923 2638 1156 725 5547 6531 2818 2416
5001 6923 4900 5036 6433 2758 2577
9805 6086 3710 2276 6290
11716 6086 5908 978 4686
4425 6086 5905 5387 2957 6844 5906
5869 6086 3693 3185 3356 6083 5012 4362 2308 241
12026 6086 6420 5996 5184 192
15739 6086 5794 1903 243 1509 4615
4184 6086 1860 2497 4432 4701 3255
3580 6086 569 1234 2424 5147
908 6086 1452 1436
2597 6086 5651 2023 6237 599
2911 6086 2395 6203 6309 1074 5910
7245 6086 1150 5844 3351 4476 3024 6356 4853 6423
18721 6086 2617 4284 1032
5081 6086 5259 3491 3193 4248
21 6086 4428 262 2394 5316
14529 6086 1418 498 672 5936 5131
8012 6086 1671 4701 235
8029 6086 2430 5204 2818 403
11967 2892 2647 6843 4713 279 6568 4148 2908 2927
1413 2892 2909 3892
2441 2486 327 4570
19371 2486 2047 5204 4937
8683 2814 6546 1434 6557
7358 4156 6558
12291 164 3196 4477 3288
7216 6188 5063 4314
356 1039 1097 4028 6511 1375
6902 2728 3882 1229 5652 2215 5126
3324 2728 1339 5944
5792 2728 5353 5678 2964 5354
18734 2728 6882 3614 3310 1031
11243 2728 5794 6785 5168 2980 3272
4316 2728 1486 2814 3823 960
14160 2728 3614 569 1310 6218 3868
15014 1617 5353 5563 1002
8764 5070
2817 22 674 6882 1986
10562 942 1407 6449
15533 4425 6848 3063 1791 2257 823 3114 6499 2101 1372
342 4425 4711 136 5479 6154 3335 1745
10182 4425 3301 2023
306 1311 357 4611 4760
18298 5353 6762 1871 6511 218 3249
3792 2205 3850 4564 2023
17096 3626 3882 4611 4491 2023 2777
19309 3444 1813
5608 679 6785 6721 3716 162 135
16559 679 3425 6356 5184 3639 3193
3876 679 3694 5350 652
17745 679 662 1374 5483
4637 679 4558 6785 726 792 3599
1161 3057 300 4662 1681 586 3536 3288 966
11962 3693 5564 1987 1761 3659 1100 4816 2913 1836 6371 3644 162 2830
15010 6882 6713
3808 446 3614 6942 4603 1960
6348 3505 1124 934 6237 5575
9905 6336 2581 1792 5674 4611 5526 2818
6522 6113 1110 6511 5178 2464 3599 3630
10588 1299 2541 2013 4930 6207 2483 5953 359 6834
3220 1299 2569 2026 3773 426
18923 1299 2814 3742 2305 4266
1882 1299 5353 5012
6292 1299 5305 3574 6108
5295 1299 6530 1434 960 772
16010 1299 3597 6499 2935
12460 383 3019 327 6583 3555
9560 383 1260 6984 4156
14114 383 5752 4903 6341
322 2271 2646 5256 3030
11465 3629 2367 5576 6319 4803 4207 828
3167 5855 79 1599
6880 4558 3620 282 566 1307 191
2604 4558 1860 3283 5350 2199 3272 4053 6213 2761 4314
16585 5323 2395 1158 1451 6449
19312 5323 6368 1497 950 5581 3781 2031
15596 1938 1890 2980 1917 4277 2791 1193 845 1412 3793
15840 1489 5794 4491 3536 2927
15080 1489 6568 1795 6511 4994
7259 1489 3569 3561 3204 962
14194 1489 5678 2660
14604 1489 300 2020 5168 4635 6511 5758 4279
4580 1489 3707 2791 6808
3766 1489 4235 2305 243 3685 6499 5767 5009
5049 1489 5763 4148 5563 6283
2313 1489 4090 639 361
15768 1489 5353 6102 2870
10141 1489 1260 4843 3155 2101
818 1489 4148 1594 2514
19214 1489 6400 1883 3234 6509 2219
3953 1489 2700 6785 6583 665 5168 4993 3536 264 4478
16298 1489 1930 4731 3114 235 6291 977
18157 1489 1260 3439 610 5880 3999
15961 1489 5651 6568 2076
4650 1489 3849 6442 5168 106
4667 1489 4885 1575 5696 6509
9886 1489 1017 5356 2275 3293 4980
17609 1489 2992 3335
12580 2296 2832 6315 5103
16186 6613 5448 6882 569
14589 1148 6291 2636 6874
8263 4366 4383 338 3074 1978
13344 3366 6107 6174
720 1574 4460 2072 3870 2109 299 4538 1428 752
9793 1574 569 5349 2628 1252
3528 3434 794 5040 3428 5411
4880 6156 6928 4383 1677
1273 4198 3334 1484 4771 3999
8279 4198 174 6436 706 750
6186 4198 3248 481 5347
17469 4198 5265 1339 3523 3659
6969 4198 1225 96 3150 5616
12832 4198 6323 3094 2842 1624 1057 3880 2284
14972 4198 1396 1458 2567 5378
11485 2358 2814 4662 1389 2462
1017 4387 3186 5429 1955 4838
16813 6292 2871 153 6584
11435 6292 3300 6505 2980 5604 4431
5105 6292 5448 1097 4149 2685
3365 999 6763 4154 6630 183
1693 999 1609 6844 221 3147
15593 999 3727 4930 5653
15551 999 2659 153 1341 6322 2448 6105
8380 999 6785 698 1389 1032 3961 4555
4088 999 5785 3925 128 2826
1031 999 1550 228 4544 769
10817 999 3626 4816 652 1707
6101 4955 4910 6752 1516 3627 4285
18114 4090 1823 246 5378 836
3835 4090 1970 3850 1729 2980 3781 5633 229 3361 4478 6158 3937
3810 5956 1603 60 772
18524 5956 6546 1559
8162 5956 4662 4298 6488 6147 1599
2421 5956 243 4602 1081 5162
2501 3179 3237 1565 4601 6369
6312 6548 1709 4211 4148 6545
5921 6785 6777 5581 5104 2870
5944 6867 4993 1475 381
18526 5555
11337 6721 6442 6375 2909 6781
9987 3324 3523 5849
9308 229 2201 604 2454
698 2843 6176 4370 1067
3832 5962 1150 665 5025 1434 2791 2909 6476
576 4540 5880 2867 4601
18565 6785 1729 331 125 792
13726 5516 3758 2208 5144
15704 7003 6878 4846 6371
2243 3983 4340 6511 4981
7159 4019 537
9955 3366 1913 5353 4758 6762 6309 2023 1375
4625 2617 5459 4095 191
17170 3850 3782
3727 1818 7003 3454 3030 4221 2779 2464 2532 270 6396
1072 3922 6195 2497 3574
5467 6721 6511 125 804
1852 5945 3129 5029
11158 2556 5040 4216 943 2305
2028 2556 3340 1373 1525 2245
6104 2325 6872 946 5001 3234
18546 2325 5040 4216 4467 6383 3195
9732 3282 5074 5555 1929
9361 1683 918 3385 912 4510 5616 197 2454
17040 3245 3595 2996 2574 5350 6635 652 6918
227 2102 2871 1603 2049 6713 6011
10248 6195 6242 6169 2903 3187
7361 5265 3117 3136 3941
473 5265 4156 4830 1055 367 792
217 3326 1377 5572 2341
19240 3326 4466 2305 3544 6788
18408 3326 1913 2305 338 5468
13010 3326 164 1229 6746 5841 4636
9281 3326 2583 1708 338 6126 4399 2862 6600
8905 3326 6347 1761 338 4925 4892 1883 1447
16428 3326 3979 1172 6188 5204 203 4299
16381 3326 327 6128 4683 823 477
2919 6785 523 5823 1333
18843 1339 6458 6984 2459 4588
11610 1339 6436 4728 279 3636 4111 3745 4481 6334 3652 4478 1588 3122 3868 3632
12612 1339 3824 1164 6602
11507 1339 5735 4156 1517 2260
10162 1339 665 5104 5012 6539 331
803 1339 815 3694 164 1020 6721 4846
1317 1339 3077 4710 3610 4037 883 121 822
9100 1339 2536 1241 2371
3701 1245 2709 603 5867
5339 1289 3400 3523 5103 5508
1472 1511 1228 2084 4830 4701
2180 1511 6746 2026
14157 1511 4462 4701 4367 3580
10057 1511 554 4373 6165
17400 1511 3354 1883
5629 1511 1535 1481 6098
14349 1511 5606 149 4986
5626 2025 6511 5746 171 5843
13268 6887 4235 1839 3390 6578 1832 985
13187 6887 920 6826
7261 3983 2397 1434
18865 2646 6442 2488 1575
15694 2646 3354 5997 6945 6947 6417
16957 6076 6867 1234 4022 1287
9763 3620 6383 2871 1032 2101 1553 3491 2453
4374 3495 669 1260 2395 5074 1793
10074 4382 2871 3782 2383 6391
2900 4382 833 164 3390 6391
15352 2457 3366 365 3129 1929
18421 3366 1308 3505 5168 1730 981
10117 3366 3983 5682 5013
1559 3366 703 6843 4221 2405 2564
11058 3366 4611 5985 3630
4084 3366 4245 5013 3147
2379 3366 141 6323 3532 1081
1942 3721 19 1931
15857 3408 5353 1761
14575 300 3561 2338 3114 5555
2110 5925 2647 6216 5171
10620 5925 2159 6404
3526 2007 6389 544 6449
18938 2007 2001 4857 3961 607 544 6993 6449
2327 2007 1322 4633 3385 5423 978 5753 6431 6124 113 3968 6424 6993 5649 3973
9391 2007 6762
6796 2007 577 5746 5370
19401 4681 3737 915 1149 1640
18678 4874 2639 2214 1805 1276
2552 2023 5279 2975 2077
4510 5091 5118 3636 6728 5936 2348 5378 4542
7162 6336 6931 3979 3862 5146 334
11055 787 1440 2761 6115
11477 104 3979 2639 1413
6710 6096 5353 5691
15297 3060 794 5448 1449 6882
16207 3060 6465 6777 1110 5015
19106 181 2319 1913 5547 5997 3992 4155
116 1930 3019 6379 890
4484 2418 3424 1641 599
15966 87 6195 4830 211 6511 96 6208 1447
14550 1535 6114 792
8443 1308 5353 6077 6309 3536 5531
14267 1308 3769 492
6327 2722 6566 1069 442 3260 3114 1575 4464 1435
15565 2722 3301 3552 2311 4507 3406 3905 1575 5063
7740 4323 3241 5319 577 6391 6285
9532 4323 1559 4507 2943 5516 6027
3178 3940 3319 5204 2791 4224
12020 6566 5334 3523 577
4213 770 3109 6574 726 5979
1638 770 5837 6858
3632 2509 141 5074 3829 4348 2158 824
4023 2509 6721 6746 3354
17533 2509 4237 6635 2405 5910 1691
13927 2509 556 2013 2483 7004
5941 2509 6314 4682 6594
1237 2509 7009 1709 4264 2506
6132 2509 6319 4808 3945 1149
12521 6214 4605 175 4373 437 6043
1296 3663 5648 2459 5034 663 6137
16655 3663 2814 1373 5347
4283 6631 4754 4662 4611 338 2483 4542
13101 6631 5904 4009 2305 920 2405
1656 6631 4466 2395 5353 5332
14803 6631 6465 3918 1901
5481 6631 1010 3979 4682 1017 6594 3204
9056 6631 2205 3882 3430 804
9153 1592 6746 4279 7
13276 1592 764 3014 3114 1948 4763
15314 5648 2294 1229 1621 1776 1405
17272 5648 4235 3691 1575 627
1653 5648 2161 4888 6882
2979 2465 4259 3979 3523
4976 4688 3782 3593
8174 6185 4758 2026 6870 3176 6377
430 6185 4901 6511 7018 1953
10681 4832 4211 4615 2143 2830
511 4832 5353 7014 3737 1133 114 6480 3937 4224 1279 213 4506 5734 1739 1416 2123 404 6696
8183 4832 3272 2158 6248
3273 4832 3979 3729 4830 3758
19260 4832 59 6242 3003 726 1045
1460 4832 5936 6511 481
17776 4832 6721 4156 942 1481
10797 4832 5252 3813 3491 4949
15701 4832 2537 2957 2168 5025 6511
1701 4832 2814 334 5184
18851 4832 5091 2927 6025 426
13046 4832 3754 741 2813 5172
14576 127 4432
3079 339 4758 2260 6911 6188 3737 5531 1931 2940 1458 5795
7652 339 3523 4156 3667 3704 3880 2474
4008 339 2013 6124 2480 3937 3719 4506 3510
11089 339 1913 6083 5633 3695
502 339 5944 104 4493
19261 339 6188 3147 46
14134 339 5373 5904 5547 4994
7646 339 1472 6984 4994 4671
5712 339 3983 5837 3514 956 4383
2439 339 4776
8054 339 5547 4762 5685
10136 339 427 3832 2142 4191
18675 339 326 1150 6948 5412
14277 339 4605 827 2866 948
19177 339 4758 5674 4478 4929 536
8134 339 2294 2897 4736 1589
8466 4694 1760
599 4694 5353 6195 3523 6573 2101
9947 3982 5794 6908 5581 5880
3879 5151 4205 5479 4093 6132
2642 3983 5637 3444
6133 3983 153 3354 4190 3630 4980
8803 3983 1787 3385 6114
4932 3983 4995 955 2328
15358 3983 3742 6992 2685
13865 3983 3772 6804 2453
16621 3983 3129 1033 3142
7505 3983 2992 1776 5261
6128 3983 61 1603 5146 3080 6545
19055 3983 4490 4830 5679 2208
1533 3983 3949 6721
4537 3983 1550 3523 1732 1544 4419 5746
17730 3983 760 4662 327 5420 1769
5421 3983 6676 5063 5126
18866 3983 229 2924 5370
12163 5877 5504 935 550 1498
6365 276 1288 2032 3400 4758
17894 6876 6077 4816 5033
8005 6876 1617 407 5104 755
19081 6876 4490 5111 4148 5936 6234
683 6876 1105 4468 544
12419 6876 300 1804 2305 2025 688 1389
16099 1288 1052 6746 4326 4970 3644 2935
3192 6006 4292 950 2483 1355
17834 4215 4026 4846 2139
12375 4215 740 4156 2651 6377 2562
17460 6465 665 1791 1565 3892
9341 6880 2605 1335
2553 6880 3319 6505 2574 3260
12122 3943 1997 7049 369
11127 3943 3268 884 6568 6030
8511 5794 4485 1682 2348 4848
11977 703 145 3361 115 5308
15981 703 2013 5028 1887 6512 6395
14092 2447 1260 3727 974 1821
431 1322 3408 6336 4901 4156
2931 1322 4485 2986 2213
4782 1322 6195 5415 3280 2177 1219 4420 2123 675 2674 6782
10561 1322 4207 1026 4628 4041
12192 2583 1434 6027 3817
17583 2583 6320 1535 5350 3963 1187
8223 2583 4009 978 1769
2634 2583 1408 6787 1272 6149 6968 2137
12871 2583 3925 4570 7022 5126
3478 2583 3769 956 6537 6309 7042 2334
1860 2583 1119 2341 4602
1796 2583 2647 4611 1389 5350 5678 3685 1637 5979 6488 469
18183 2583 7003 2639
2111 2583 639 203 4493
12176 2583 6320 6746 988 1947 6021
4810 2583 2647 338 2405
17857 2583 1636 338
1497 2583 2647 338 2632 5878 4139
4147 2583 5837 956 6574 4105
7966 6848 586 6690 3114 3249
17208 2495 1559 4411 5516 3772 4893
4547 3870 4211 5838 5338
6815 3057 2395 145
4935 3813 5249 2927
10888 3813 3597 5702 235 5212 5838 2361 5405
6257 1271 3439 281 6764 3201
10580 1271 3891 3850 1088 6545
5753 2617 4156 4846 6616 3972 3193
11769 2617 2353 281 2023 5215 1676 2514 4177
4676 2617 4428 262 978 3398 5033
15273 2617 5474 6509
2920 2617 1503 6583 2935
13376 2617 2161 5555
1864 2617 2302 4846 1368 6449 2326
11624 2617 4758 1229 2943 2575 6511 3644 1650
7386 2617 1689 5679 5153
18187 2617 338 1389 3685 3272
5960 5945 1535 2871 6568 827
16376 5945 5259 6371 3361 3491
5094 5945 2075 2023 492 6371 4357 2532
11556 5945 1913 2497 610 5547
1592 6193 6442 1418 4493
10172 5256 3721 2523 2750
14065 5256 2770 2763 1088 5937
1209 5256 4758 2023
6328 1260 2500 6511 3168
2972 1260 1861 4477 2498 4789 203 6828 5199
1548 1260 6785 6925 6562 4279
8728 1260 5791 2112
13724 1260 6442 5228 7004
14496 1260 6511 6828 2531 5647
17660 1260 2814 1247 1059 6514
10449 1260 1107 4010 3832
3900 1260 54 813 469
4740 1260 427 1689 307 2899 4994
5423 1260 3356 5801
11645 1260 1708 5130 6594 2532
3344 1260 1434 748 6576
14841 4216 1377 4535 4227 5604 4846 680 4744
7990 665 6499 1542 3272 3147
1762 4855 4101
14863 3019 4156 4830 6882 2980
11276 6678 2577 6951 1458 4165
7781 2195 2170 2761
4959 5719 4138 389 2155 1405
9154 5719 1603 2382 1405
5653 5522 59 713 2305 4611 3300 2957
14411 5522 6885 1787 4855 3516 2912 6922 5841 298 2637
17495 5522 288 3869 2790 5903
17850 6368 2833 3272 4498 5647 5181
19112 6368 2372 4760 1891 334
1476 6368 3439 6721 3395 4419
16845 6368 182 4705 6261
7138 6368 6762 4830 3354 6681
19184 6368 3782 4893 6098 308
3950 6368 4830 886
2210 6368 5040 2666 691 2750 5399 1081
19107 1228 4460 1535 164 4566 1211
2538 1228 1042 3625
12755 1228 2395 1114 6123 3430 577 1249
11367 1228 1486 3030 2878
1747 6333 5373 3236 1059 6450 6585
13274 6333 5547 105 3772 1992
16271 6333 5763 6061 5616 2777
2909 4263 153 5563 6511 4510
9984 964 2996 3536 2023 3737
19235 964 5411 2791 3855 1012
4972 964 2305 4383 6972 4362 5361
15228 964 6885 4703 5184 1458
11377 964 3516 951 4478 3461
3048 3677 2985 2459 5381 7016
14645 3769 673 1032 977
7346 3552 6449 6782 2213
4928 2490 5560 1233
18375 896 1936 2751 2613 5063
15455 4928 1789 4910 307 3048 3960 4854 1898
15800 4928 4405 2026
18055 4928 2288 2838 665 3902 912 5863 1455
18727 4928 300 1903 2790
12392 4928 1375 4260
19073 3268 3845 2957
12980 4846 4930 334
4018 1477 6229 4552 2025
2261 1477 5401 338 5327
18839 6996 4876 338 3544 4837 4005
15963 2354 2814 4373
3914 3634 1787 3588
16202 3891 4825 584 4708 2905
972 956 1088 1110
5333 794 6785 4611 80 1389 106 2695 4294 3607
16159 794 2106 4148 1776 5727
12469 108 3532 5603 4544 2849
3 3460 5511 6354 5247 823 4994 5184 2761 2356
4511 5674 2112 3968
6405 1486 3540 5071 6694 3712 6689
1715 1486 6171 2980 5819
2983 1486 1847 4816 1475 2628
5752 11 1377 4227 978 1129
9218 11 289 3491
17020 11 2023 569 2636
5030 639 4758 5904 4156
16171 2305 2025 1509
3250 3850 5904 6757 2096 3772 2428
6000 3850 1088 6519
8404 3850 5353 5501 2244
13549 3850 4611 6974 1575 6011 6141 53
11495 3850 6721 6511 5033 6454
9020 3850 4073 2659 5211 4652
13825 3850 1804 3727 5157 1761
2700 3850 4662 153 6177 6610
7985 3850 7022 1149 4929 3599
1826 6215 6466 6171 4760
5823 6215 1679 2249 714 325
975 5040 4611 5694 621 4660
8353 4216 2032 1480 6919 2577 4464 2431
18642 4216 943 1389 5197 3139
12880 4216 5691 4627
7964 5944 5290 6699 2142 599
5472 5979 5691 364
7338 2642 3925 374 4552 5468 6209
18661 4570 581 1758 6209
17001 3979 338
18046 1321 988 3961 1895 948
8909 4110 4454 426 1880 6395
10039 4110 391 4421 1088 4878
16419 4428 3870 1807 3215 5045
17592 1172 3491 5647
11856 6597 1135 2897 23 5936
9372 6597 2573 6102 84
1265 4722 2994 1776 1565 2685 1002
4043 4722 3721 5459 3652 6907 364 692
14527 4722 5088 395 63 6016 3260 5099 5075
9999 741
2712 3574 4595
13650 2106 6939 741 6907
12921 2106 1913 164 7020 3569 3644 4875 4649
12878 2106 5980 3992 3593
12364 2106 1913 653 5453 2185 2222 6371 5780
14611 3849 5803 2961
19340 3439 3733 2814 943 6764 5581 887 4846 1434 2815
10252 3439 1401 1413 5967
14199 3439 3185 6036 3804 2414 4752
11905 3439 3354 270
2058 639 6721 4340 60
1588 639 6816 1612 6022 1329
1861 639 4758 153 6505 5979 3182 6022
7150 639 3300 795 2660 4376
1557 639 5810 2733 1482
8455 639 4758 265 4710
3325 639 6785 4662 2025 6126 551 3685
12625 639 6527 452 584
5057 277 4380 5189 6892 881 4071 6860 3189 5181 621
14785 5140 6511 2514
7913 6931 3721 3237 6010
12352 5152 2871 1158 6583 1732 1059
11833 2395 6785 6309 1572 1575 3147
1872 6309 6841 3536 2239
4372 2155 1405 741 4652
14135 5361
3996 4383 175 1575 2208 4139
6853 1935 5809 2256
6188 169 6077 3530 4095 2168 5146 3963 115
722 2353 4156 4488 4158
7971 1679 4611 2957
11553 5794 390
3025 4885 300 391 297 706
9219 4885 6864 6309 978 2382 5922
846 4885 2581 1818 5262 279 3056
7081 4885 2581 1818 2957 2522
73 4885 2581 6458 1818 1776
18717 4885 6380 2790 1776 1149 241
8431 4885 2814 4340 3454 498 3177
12627 4885 5353 5091 4454 5997
17747 4885 3019 2980 2866 203
1648 4204 1535 307 956
881 4497 4221 6499 5184
11979 4497 2980 6746 4380
4825 666 452 4705 4057
13828 666 1535 1213 1799
16039 666 785 6984 5047
14776 2418 3062 4734
162 2418 452 2168 2216 3885
7676 2418 4846 3538 1986 2382 4712 1781 6391 5362 3751
10894 2418 6583 4701 4929 241 1211
8563 556 2305 1389 1241 1685 5504 2483 125
8842 3129 1052 6371 4555 2522 2774 107 2778
82 5637 513 5841 4279
11184 5637 4758 2049 6759
2771 5547
18653 5844 3826 6511
12677 3071 3356 3938 6528 5404
10643 2394 4156 4534 3288 1917 1444
3001 55 3356 5469 3705 2978
171 55 2573 6785 5411 3523 569 6145 2679
18394 2319 5477 5841
15552 4156 6309 3968 4571
869 1639 1197 4043 5910
17453 2372 211 6939 6434 6930 5919
5252 2573 5411 3626 3763 569 6262 6951 4883 4162 583 1209
2901 382 3351 4816 575
9387 5722 2814 2395 2459 5791 5184 3640 5171
19267 3733 3730 6054 4611 338 3530 2507 2767 3685 4780 6143 5356 2341
5463 3733 3356 935
5007 3733 239 3961 1880 804
12538 3733 6885 4633 3385 6389 6036 935 2918 3374
9226 3733 3693 6882 129 3422 1732 6285
488 3595 3721 3813 1841
12269 3595 5800 6516 3173
110 3595 1535 1599
756 3595 2305 4611 338 2101 3496
8962 5994 5353 228 5547
7110 5994 815 4477 2144 2595 3707 6446
14796 3002 1229 4682 2927
17555 141 6442 6154
16229 5537 4662 303 2622
17927 3870 1987 4728 402
8282 756 6785 4611 277
10076 6320 136 327 2109
2354 4460 5837 136 327 3293 4980
11466 6320 374 6065 2811 4084
18025 6320 5837 136 327 2109 2688
13202 6320 452 2839 1639 5350 6126
15237 6320 4460 327 2109
12223 6320 6839 4460 5837 136 2688
131 6320 4460 136 327 2109 2688
17061 6839 3730 581 2132 57
7069 6839 4460 5837 327 2109 5783 4410 2688
10397 4460 1987 5053
5987 4460 2305 303 5699 6511 65
16151 4460 956 6537 5468 3685 2405 5768
18335 4460 4897 3642 1055 5487
17304 5837 452 5374 3114 5700 5727 3640 4895
3284 5837 3730 297 2528 2909 3204
14546 1679 6171 5581 4682 5880 6594
13898 3271 4462 5805 3613 1395
10256 5973 3224 433 1682
2952 3329 3260 1575 2208 5621
10547 1010 2305 6548 243
8730 1010 3813 4930 3295 3272 1292
16649 764 2642 5374 4383 5000 3182 2215 6499 3491
3924 1535 2023 6371 5930
17016 3514 4284 1530 2446
18587 6552 3973
3144 2581 5353 1818 1823 2585 4039
9061 2334 2026 4148 5691
6838 1689 3658 4607 4893
15969 5353 45 196 3055
3289 2647 1020 2305 5130
9201 1579 6568 6746 6545
6475 7003 4816 3655 3274 1134 5727 711
5058 6594 1584 4246
1597 6306 4816 2075 5639 1658
8214 6281 1110 5800 2101 962
17379 4731 6867 2770 60
15470 4731 3882 4478 5347
6033 2353 2594 6505 2957 4710 1716 5788 4697 5649
1850 4235 6759 212 4546
4647 4235 6738 2459 6464 3147 6459
13227 4235 6785 1913 3257 1393
18861 4235 307 5926 3319 6739 4701 3272 5819 3491 3234 6685 3189 1026 6639
2214 4235 5353 6762 4728 586
17615 6754 6512 1951 5882
163 6864 4662 4846 1074
8044 6785 4846 6165 6600
4538 326 3942 2159
11958 4754 211 5350 5563 3147
14742 1787 6568 3961 3150 974
19227 5074 4454
5387 1671 1110 5504 2660
2727 4156 2980 4846 6499
11735 4477 6380 3019 6188 5012 954 5661
16538 4 3619 6754
17084 4383 1192 6388 1823 6371 3674 4424 5858
3359 5316 1119 6511
13132 2832 5459 6568 3674
15902 847 2710 5563 1716
12957 1596 3022 2315 870 2664 4970
5645 3268 5904 5316 222 6533 1447
1943 2814 902
15795 2814 598 1987 2996 1234
6847 2814 4477 4048 3272 3147 2004
8875 2814 549 3128 3644
5334 2814 5099 575
16554 2814 87 3288 6955
2645 2814 1836 2301 3913
5393 2814 4893 1483 5545 5795
12096 2814 4454 4103 6594 56
5980 2814 1847 307 4210
15342 2814 5152 6742 5504 1435
9070 57
5842 5353 6195 169 5423 2980 4119
4659 2597 2612 4537 3147
18806 68 4463 6174 3349 6810 5867
4090 3597 1575 5356
8161 3742 1148 4611 4283
18657 3742 6885 1556 2050
8981 3742 1913 1689 1800 4808
15516 3742 2651 6895 2436
5207 3742 4467 6546 3607 2053
7500 3742 6424 4937 3381
16730 3742 1365 4888 6583 2047 3216 6757 5800 1405 162
7852 3742 4893 2291 6639
6568 3271 978 5496 792 4277
7737 5744 1826 6505
6208 1472 5168 2980 4449 3201
18885 5397 1860 3870 2891 4383 1110 586 3356 4879 1542 5930 2717 4191
6278 1506 5904 5547 6511 2101 1799
16960 1506 351 825 720 5953 6871 1442
16470 1506 4740 1310 1197 907
1512 2573 1516 2061 5928 2202
18567 2573 1732 1413 2275 732
2281 2986 4671 2918 3193 3937 5102 6993 1083 6449 6788 4628
324 1663 542 3540 53 5826 877 3243 2674 2586 3510 2817
1207 6124 3509 4627 1125 6689 6782
9272 3385 4153 3247 1194 5826 3578 4628 3541 6957
12877 2980 3599 6598 139 7 3496 4420 705 1462 6962
17599 3385 1575 2062 1133 4636 46 1505 2154 5172 6509 5826 2680
10490 4740 5101 4728 586 1605 6057
8097 4740 1660 3129 6619 3787 4784
16945 4740 62 2025 3601 6697 481
9274 5794 153 3260 542 5229 2297
10613 5794 4701 4037 171 1174
6666 5794 281 5488
2595 5794 4463 6449
7186 5794 516 2208 615 1149
7171 5794 3694 1067 2696
13100 5794 4477 1309 6576
13747 6429 2711 5305 726 2612 3272 782
3546 6429 5810 3052 2257 1183 4838 603 4409
4606 6347 5353 1508 6849
1477 5359 6678
1222 1354 2547
3947 2161 3516 2459 6737 4994 183
5010 1062 1931 6594 3170
7090 2084 2023 1776 930
13158 365 5178 3999
15457 3674
13531 5735 2975 3782 2751 5389
2719 5735 1463 3583 4855 338 1658 4245 6143
13537 5735 5986 3782 6751 6285
10781 1847 3824 665 161 3755
19443 1847 556 2837 6644 308 5922
8122 1847 556 4295 5098
7209 1847 122 5737 2301 3204
2690 1847 665 1436 3129 4210 4445 3599
575 815 2209 2101 6930
10523 2823 5353 3356 5979 3272 3397 2927
5335 2823 4383 7042
9750 2823 6837 2632 5505
16493 2823 2670 5658 3335 2632
17490 4545 4537 1470 930
17598 6124 5649 6990 4628
776 6036 2044 4671 564 3193 6953 2470
9634 2986 1791 6036 6431 6239 700 2062 3630 935 6598 2086 4419 5102 270 6993 3632 6509 325
5878 6036 1505 5746 3280 4547
1665 3662 550 2445 1125
18527 6224 5313 5826 6957
9888 1133 6480 270 6953 4333 5332 266
8957 5746 7 213 5826 3083 6788 4041
13725 3433 4332 4419 4262 2177 5332 6105
9831 1229 700 3599 3630 2918 3193 5649 2445 2154 6953 3280 4333 2470 2872 6782
13229 3781 3354 1243
2329 4520 68 5226 4948 6137 6671 1447
11220 611 6746 5001 3632
10670 104 1913 943 4454 3737 6162
16103 104 5168 2777 2118 426 1880 3817 5171 270
1087 104 5808 6440 5670
9364 104 514 1382 6511 4224
11329 104 6911 5047 106 3574
6723 1327 7022 6039 275 2737 1303
12158 6785 6768 701 2940
11396 3057 1913 5603 5303 1032 350
17479 3057 2305 586 1947
10782 3057 222 4584 2632 5171 4726
1838 3057 2305 4611 586 569 4632
9581 3057 5959 2670 1508 5279
1685 3057 1535 4611 153 2833 1694 988 3147
7995 452 2451 5295 450
14326 297 145 6289 5285
8059 2338 4019 7006
13675 3727 1338 225 678
17688 4850 1394 7041 145 172 6499 2101
12123 2569 5904 6939 3288 1589
7045 2569 2397 63 4799 5827 2777
4401 3324 4308 4566 1959 3846
4713 3324 4825 2645 1866 3777 2239 5936 6134 5347
6819 1936 3979 5674 5508 6922
8016 4815 5567 2872 877 3243
4009 4815 902 3491 583 1071 4367
11224 6885 2581 3737 2735 77
4377 6885 2647 4611 246
1949 6885 3356 1575 4478 929 511
7120 6885 6867 2871 3264 3288
11236 6885 6082 2037 1706
11743 1381 6171 4362
1723 2395 516 2485 1248 3114
9601 586 4010 6557 1745
3558 1110 5168 3430 5469
6215 2305 4611 586
4107 5448 4830 553 5996 2685 1002 2927 804
15957 5962 1903 586 3685
17461 955 5047 1545
13721 6744 6583 3563 1243 2564
3776 6744 3391 569 3072
17440 6744 6537 5197 1758
3404 6744 2084 3430 3754 280 879 162 2118 4177
12339 6744 5503 338 65 4139 5289 2045
13067 2692 199 5521 4936 4546
16696 6436 6309 6470 4937
9155 6436 6829 6534 3782 1895 2927 5347
18981 6436 1389 5462 437 1998
3492 6436 3075 3516 3310 1548
5646 6436 2010 1808 740 1556 4488 2236 6619 5012
150 6436 562 1560 4340 2451
6305 4141 1479 4148 3215 1638
3282 6152 4834 2709 2863
13237 5980 1535 743 2871 3356 5099 2101 642
16661 5980 2957 5936 5178 2428
18178 5274 3075 4662 4830 306
4049 2589 3356 7047
9130 4859 699 4167 5070 1735
9856 2395 4454 4418 4555
17403 2395 6323 3886 3563 2453 1084
13297 2395
11981 2395 4704 3845 581 6186 4994
675 2395 5353 1148 2044 4119 3966 3170 5555 3234
18570 2395 1164 5953
5034 3221 1598 6135 5679
15875 2397 5412 2961 3515
326 300 1839 3626 4266 5767 6893 1252 3143
5490 5762 6380 2305 3240
3238 5762 1088 1800 246 4176 930
15570 5762 6785 5350 6499 2940 2031 804
10566 1752 145 328 3292 3670
6843 452 3721 4383 2405 1883
12235 2168 792 2216
3531 1873 1671 665 1110 4468 125 1706
17891 1873 1130 389
16337 4025 4829 261 2786 2101
9635 6599 6195 3523
4578 756 978 2870 5555
10608 756 1069 6531 915 2863 4078
1018 2700 1895 6447
1098 427 6397 6188 6511
6216 4256 1415 516 426
18695 4256 1517 243 5303 4410
12139 4256 4009 4227 6488 2132
10920 4256 3530 3743 6069
14366 2206 3727
12457 2206 4985 1776 5795 5211
10984 2206 3522 3538 3031
3159 2206 5423 1585 6690 4008 6283 1012
13433 6785 2072 6246 5674 211 5168 3234
3581 6785 4272 138 1468 584
18028 6785 5448 164 5111 6114
13176 6785 2239 3540 4419
16210 6785 6546 1638 4984
1807 6785 3904 4931 6759 3973 3534
16887 6785 5926 1393 6511 6025
5609 6785 5152 6939 6030 2935 5575
5288 6785 80 978 3901 552
19246 6785 5353 3356 3707 5803 5692 5610 2927
329 6785 6878 1461 6645 6275
12350 6785 1224 2632 792 2927
12688 6785 1903 4366 4207 2485 1465 5979 2717
11885 6785 6882 5997 1948 3549
12440 6785 6992 6239 2143
5156 6785 569 3889 5795
8066 6785 62 3523 6984
1305 6785 5353 6442 4277 1756
18500 6785 1479 2488 6882
16637 6523 3425 4846
11312 1804 4784
6727 4056 4758 5511 441 5063
12569 1535 5923 6914 3966
2472 1535 2670 4611 581 573 3913 5446 4660
8574 1535 1088 2636 469
11498 1535 5679 1464 1799 5171
8973 1535 7003 2871 5082
12377 1535 7037 1413
11936 1535 3693 2328 6371 3787
7751 1535 3721 3979 953 5928
6562 1535 1020 4454 3899 2628 5499
3647 1535 2010 4962 4398 2004
6877 1535 3391 5850 5841 6371
15269 1535 3902 2023 6545 960 4478
11008 1535 1201 5232 228 1375 6043 3234
8619 4823 2244 1464
5253 6188 6520 4679 3534
11809 3075 5563 6709 2612 3272
6920 4000 6114 6463 2101 3280
325 1492 1913 4211 5053 4081
7196 1492 2047 6716 4937
10014 5457 4383 243 1676 690 1179 324
11611 5457 3450 5184 866
15148 3327 5088 5501 4491 5110 5936
1707 6499 6145 3515 2514
1196 2360 2625 4679
4390 492 2438 3498 3607
8089 2769 6083 4221 2483 6499 155
18158 3129 3937 804 2924
8371 4754 5353 4005 3540 5717
1901 4754 6762
4651 3109 141 3301 4948 3356 6126
19025 740 5890 1439 4920
7380 3693 374 5197 5613
12032 833 3342 5184 1117 2903
5005 1377 5353 1575
8082 1377 5003 338
6319 3997 4007 865 3023
141 6675 4723 1851 1630
12049 3845 2204 1588
3597 6195 3385 3216 2889 5649 6449 3189 3712 646
6719 3691 6242 1836
4849 1890 3824 3614 4970 5184 3639 3113
19396 943 566
17199 6952 955 4148 793 5930
16245 6613 3899 4369 1002 2118
11526 1913 795 5389 2361
16355 1913 2249 915 2483 6027
18498 1913 5611 6357 2341
17007 1913 5411 3523 5841 6547
17312 1913 6911 5563 3272 6022
10730 1913 3782 2791 3599
18679 1913 5731 486 806 1823
74 1913 1253 2940 3397
1414 1913 7003 958 6149
15931 1913 6984 6584 1206 79
14045 1913 3236 5581 6309 3110 117
2635 1913 175 7018 2940 6594 2101
7986 1913 5537 5110 5727
15845 1913 3404 3491 3344 6528
13613 1913 1852 4145 6420 4702 6463 6697
10994 1913 2980 3310 4795 6511 3461 824
2710 1201 1729 978 1895 6488
7197 1201 3727 3626 2305 2874 4611 6583 4830 5104 3540 6594
11924 6245 4902 6505 4148 6826
604 6987 4490 3715 6370 5679
10077 6400 6635 1017 4847 1444
7897 6171 3398 1355 3920
7039 5353 4611 4584 4594 5184 1291
10000 4816 3229 6555
12461 6746 2530 637 3272 1476
7210 2528 2750 2941
8786 7003 823 2940
5236 4564 3391 1609
19313 5353 5435 4662 6389 690 4283
1236 395 950 3813 4517 6961 644
18047 4611 79
15480 446 1069 3536 2731 162
11167 446 6721 5168 3129 7004 3070 2118
17126 5785 203 2132
8424 5785 277 591 4771 5523 2628
11474 5785 80 2075 5199 341
2017 5785 228 4865
18494 5785 5651 4816 1793
12947 3949 3425 4540 6356 4595
6289 1166 5353 2168 2280 5099
10981 1166 2881 566 2026 3574 544
6971 1166 3523 5850 2685 940 2158
7811 1166 3645 6290 2049 6325 2256
5280 549 3128 3062 4123
14422 549 3128 5370 2371
4912 549 6380 3898 1709 828
2965 549 3128 1912 2912
16080 3128 6442 2498 6098
1221 3128 3301 4837 5174 3737 3754 879
13232 2825 894 665 1834 5412 6531 3574 5016 3361 2791 3147
15096 2127 6054 6777 3041
5824 2127 6843 6635 2498
8677 1560 3450 960 6929
18397 1560 6389 6710 2260
829 1974 3193 769 1154
3375 1974 2497 365 2980 6511
6306 5091 6762 338 2118
8392 3817
1993 6456 6397
17532 5597 3340
11946 3005 1925 4488 1895 103
11395 6442 4264 6882 4879
18111 1020 1579 5168 1436 5178
13286 2758 4830 1151
16799 5353 943 6323 6764 1341 4192
6071 5674 5349 1575 6913
15928 1875 4467 4593 4875 6610
13322 6485 5415 5420 732 1739
13078 4259 4758 3777 3288
13886 5448 486 399 6870 3562 3642
14237 5448 1635 3351 3155 1610
2457 5448 1660 4816 3241 6759 4478 2636
4539 5448 1679 1791 6278 7015
14031 5448 68 6171 1097 5012 3404
14131 5448 268 3215 3889 212 79
9972 5343 3727 6984 1963
8389 4186 5976 5908 4846 3356 3597 934
12626 2010 1791 203 2323 6145
17826 4910 1319 4461 3083 3784
12497 4910 80 1052 1393
9795 4910 4650 1207 2488 3395 5710
11045 4910 610 2677 6757 3491
6822 4910 6154 513 4573 3772
13809 4910 2239 2612 4087 2101 4461 3272 4482
13085 4910 6746 4846 5178 6961
11117 3410 1123 4249 3523 4154
6651 3410 4237 6549 2497 2715 736
9828 2581 4662 2049 5922 6257
5743 2581 3621 6036 4207 114 4440 3548 625
18228 2581 1110 2748 2155 1405 1302
1115 288 3019 1699
4454 288 3727 4383 1935 2636
8243 3468 2980 350 4146 2628
3012 3694 5152 2871 4664 54
6981 3694 5622 4315
15837 3694 6746 889 6701 171
17809 5152 4825 5294 1128
9352 5152 5074
16673 5152 5783 4434 2320 3193
16848 5152 1886 448 978 6371 2101 3746
5950 5152 4611 243 3685 3829 1976
18794 5152 2651 4211 4032
1713 5152 2461 6843 5679 408 3147
11536 4462 3004 5064 5465 1901 5691
4804 4462 2084 2302 3645 6578 5729
68 4462 4564 3659 5651 589 1701 2177
5899 3922 3169 3390 3655 4698 1405 6208 6729
10832 2832 5923 2488 2878
10793 4140 1229 1479 4846 5678
12197 5353 6030 4981 7038 2112 4542
14819 5353 6305 1901 4760 3707 4347 525
10592 5353 3727 3710 3531
8931 5353 598 1795 3249
993 5353 6759 2323 6681
10873 5353 586 3295 3937 575 1474 163
18501 5353 6763 6537 1901 1676 1451
19328 5353 3234 1355
16522 5353 141 2463 5168 4846
12523 5353 1052 2957 2139 1476 6552
18508 5353 2770 4830 5737 4720 6961
17858 5353 1679 3813 2332 3354 4352 1884 3899 3342 881
13812 5353 2305 2025 5639 6237
15153 5353 1148 5601 6511
9906 5353 281 4211 5204 172
4276 5353 6721 6079 5898
10075 5353 935 6449 5444 6689
6857 5353 3727 2305 6746 5691
19037 5353 5606 6768 3356 5547 5204 4148
5137 5353 1556 3960 2992 2980 6808
16734 5353 1133 2858
1874 5353 2084 5074 6728 101 2101 1942
1672 5353 6762 4373
11807 5353 4855 1818 5679 6446
14890 5353 6188 85 3147 7034
8035 5353 1787 3960 524
7293 5353 1575 4461 5767 2927
5439 5353 182 3052 1347 4705 1458
16467 5353 2059 57
1615 5353 3505 432 2541 4211
8283 5353 3129 902 900 2301 6818 2822
1106 5353 1839 2685 4054
4045 5353 6568 1159 6875
19136 5353 382 3208 725
6672 5353 5104 4625 6682 1781 4670
882 5353 6762 3356 3291 4555
7305 5353 6850 2096
7202 5353 6746 2126
14373 5353 5248 3174 4156 2326
14025 5353 1301 3870 4383 6300 243 6004 3272 1002 3349 5171
8120 5353 3613 5675 2858 1996 5858
6459 5353 3385 6227 4454
12606 5353 4239 2980 2897 6135 3480 5308 3193 2858
14418 5353 6721 4134 5123 4611
2212 2304 452 338 3708 2168 5505
18648 440 6534 2957 1895
6586 3089 2461 6746 6145 5172 6509 1841
14706 3089 2839 4095 5053 6709 2201 604
12950 3089 4503 1594 603 439 1841
14316 1804 382 2025 1600 787
4181 1804 4018 3870 169 2305 4611 2315 6488
1399 1804 4855 3340 1373 3730
3569 760 3019 3023 6925 4980
1857 1069 452 338 573 6537 79
12137 1069 6323 4843 2455 2632 5710
2917 4284 4038 3996
4648 5401 5091 1621 6545 5555 3477
10259 5401 6401 4705 4948
1951 3235 3333 6947 6218 403
12757 141 2677 5521
14453 141 5459 3356 4326
16272 141 452 6721 4611 1639 297
11589 141 164 4830 4227 4121
8938 141 1895 4478 2927 4670
11011 141 1836 1434 4981 1575
11969 141 2758 4830 2574 3354 3627
8217 4205 6939 3538 5936 5184
1419 164 655 5698 1929
19269 2389 2992 6568 432 6746 4905 714 4759 1149 1442 4177
5799 3062 3385 6635
14804 3062 3019 3644 6641
5415 1003 1232 4156 5581 400
3314 5411 665 5577 6499 1575 5212
1398 6102 2992 4846 4305 6431 4771 2101
600 1622 6442 2928 3868
3057 4961 998 7014 1583
18035 4961 6710 2294
10799 4048 4771 5184
7025 4180 513 3157 2069
6611 281 4227 106 4283
4583 281 5088 4903 6763
14573 2666 5511 1229
2515 2666 4611 6505 3448
5852 4066 5047 1516 4424 1302
13272 99 5074 6528 273
12592 4292 5113 5831 4810 4744
12663 1479 3636 3781 5188
13106 6984 2802 2844 5691
17351 556 1542 777
9612 338 328 6225 4315
9292 2025 1887
137 4018 5743 3333 1931 348 6697 2927 2903 2272
4093 1496 5311 6126 3829
61 6523 6653 6446 6443 3666
3579 3949 4340 2497 2239 3469
10167 3949 1761 6343
8094 1864 2677 2541 5563 4697
12342 1390 2523 2715 6676
8384 1472 229 6584 3491 3193 966
15964 1472 2871 4133 5953
16160 4600 1503 3356 1439 974
14922 4600 2935
15063 3400 1112 1605 1124
12365 5876 4507 2208
13967 326 4180 5581 5990 5362
9658 326 4855 2677 569 2609
16790 1188 821 6232 6446 5378
5943 1188 6238 3782 4143
8480 1188 1374 1206 2494
7235 4758 5678 4963 4245 5389 145 5829 652 5027 4225
9085 4758 436 5742 5623 5516 6208 4362
4664 4758 956 4142 1114 2451 338 3767 2455
16671 4758 4830 6676 5865 5063 5126 5935
18571 4758 203 2530
19108 4758 5104 4221 2436 5354
17906 4758 3721 1097 6939 2940
7212 4758 1639 2448 1996 4191
2460 6466 3721 338 5985
4882 6466 3870 939 243
2672 6618 2025 2620 3758
14145 6618 3642 5555 2873
9547 3430 3195 2342
17232 6071 4281 6762 4611 4373 4038
18664 6071 911 4507 4935 1458
16261 2084 5088 5678 1534
6677 2084 3522 3536 4478 3599
4735 2084 3923 887 899
1562 2084 164 3721 2497 4846 4055
18398 2084 2647 2461 3115 5350 3003
1187 5426 828 709 298 4081 4671
19327 1903 4778 2871 3960
10106 63 6882 1443 3707 6043 3501
6595 6619 2239 2710 191
10698 6445 4868 3165 6673
13762 3576 3155 6531 1953
3824 290 6461 4662 5928
13488 361 4284 2449 3905 5795
18432 5511 2288 60 125
18038 5511 6832 2294 4454 5458 2585
1386 5511 5083 2288 2838 4903 4789
9094 5511 6777 338 60 3717
15818 5511 2790 3398 5679 2866
3157 1519 4306 6531 4005 6914
6407 4491 5052 2975 2137 2453
9533 4205 4893 4478
6360 4446 6128 5908 6636
5471 4446 1389 2961 1064 3592
16480 825 920 586 3536 3549
2414 5560 5104 5908 2681 5515 6759 6670 2870 77 804
10518 5560 2562 6892 4279
9891 5560 3674
17769 164 3129 2980 4525
2285 164 978 1484 2870 5070
2987 164 665 3781 3506
4881 164 3492 6511 1576
4089 164 4156 2498 5389 56 79
8815 164 4504 1187 6272 3292
16752 164 2273 3599 1442 1084 1320
6895 164 5825
17048 1150 1603 3803 2940
4530 2463 395 4662 5171 5015
13135 1198 5480
10900 5035 400 6746 1917 1659
15408 3782 60 814
6805 4830 4658 3425 448 6878 2023 3642 1055 6499 2660 2777
11725 3870 5748 3155 1758 5928 3272
7031 3079 4468 4414 2299 2940 3462 3031 6326
7143 3079 2125 1653 6371 1927
3485 1888 6721 1603 2980 2382 2636
7165 1888 338 2050 389 5053
8315 1888 5623
13956 3918 1776 2453 5332
3658 2980 978 1224 4607 5936
9388 6274 3636 700 6117
14530 6274 540
17300 4467 4611 4830 6083
2620 4467 3391 978 4817 6751 2284 4670
18069 4467 3792 426 1880 1996 6512
4183 4467 688 586 5468
18457 6505 6630 3356 358
8425 5597 478 6568 3241 4437 1781
4737 5597 4454 2155 1405
5195 2647 2642 338 65 328
18623 2647 3870 7021
2845 2647 3730 6323 1088 145 2632
13093 2647 2305 4611 4383 338 243 2405
19324 2647 656 3606 2405 324 155
15128 452 338 1639 6537 5979 6594
4063 452 6300 1585 2811 3452 6981
14786 452 2305 5118 5547 57 4332
17204 452 327 6843 6421 4346
16754 452 4611 338 6537 6435
3254 452 3516 3569 4145 2483 3885
13748 452 6768 6762 3336 1031 2927
757 452 3721 5210 3730
5395 452 6435
8556 452 2670 2912 5197 5303 3913
3506 452 2670 4947 338 6837 5197 2632
18707 452 338 3264 4286 4584 5855
5630 452 956 4662 155
8960 452 136 338 1725 5768 5691 3817 5291 6756 4602
10006 5251 1045 5643 3448 2341
2032 5908 5604 4980 4652 1219
9733 6546 6984 5908 145 1405
3613 6546 5908 4211 4478 930
14219 6546 22 2208 4701 235
15068 1689 1254 1575 5882
17945 734 5547 203 3095 1784
13866 665 1443 2018 2320 4784 4943
7318 4882 3636 2860 2519
11683 4392 1496 3102 4043
8857 6315 5168 3341 203 5832 6145 1149 5184 3903
17112 6315 6442 3552 5444 6509 5712
14473 6315 2980 3614 6371 2101 985
7982 7020 3870 3356 6283 79
13440 52 6911 1637 5563 3147
11650 1787 4048 2992 3961 1630
15723 1787 3727 4445 5178
733 3583 199 6937 3031
13335 3583 1374 924 3782 823 1509 4008
12774 4714 5654 6943 6243 2142 5149 3164 3653 375 5469 4353
7686 1671 3356 915 5131 2076 2924
2915 1671 6852 4791 3972 1125
18909 3825 6108 2453
7624 3075 5204 3272 741 6907
601 5992 426 4176 1880 5028 1887 6512 6558 6395
1032 5992 1987 6293 399 1409
15888 4874 3191 5936 5928 5804 2263 1442
6443 4874 6832 80
7449 4709 338 4613 4533 5197 4573 3772 4478
10226 4633 1636 6505 6198 3592
12319 4633 6195 3621 2918 4248 1298
14504 4633 2594 5866 3768 6763 6036 935 1505
12510 2759 328 485 6285
8649 2871 1177
5942 63 3904 4211 172 5694 6555
8164 1826 4830 1676 804 270
17526 6676 4039 4943
3922 7008 2639 6531 1707 2691 6321
10675 6620 6864 911 3569 4146 1821
18682 6228 6710 4767 2691 3937
1102 2670 303 6388 4077 4735
8408 2670 3724 6803 3030 3452 1434 289 1883 866 375 2291 3491
13808 253 3905 1676 6057
15485 2618 6208 599 2037
19353 6458 5639 2107 2761
941 6458 6488 2514 2453
1709 6458 6442 5350 2142
14304 6458 2758 2523 4697 203
16881 1104 4611 1105 6647 3781
113 4018 2871 6746 551 6855
407 4018 5420 6635 3645 827 3690 2927
857 2295 3610 4660
19228 5091 307 1703 6619 2023
2711 5091 4156 3341 4369 2137
8453 5091 3862 5936 4923
2499 5091 3882 3692 6203 6670 1953 6124 4203
12789 975 6556 2066
3864 975 672 3150 1458 2308
16065 1861 3979 4011 6282 4795 1375
11325 5373 4662 3536 3574
11633 5373 978 3536 4077
9741 1410 6442 5341
11040 1473 1660 4109 3157
115 902 3578
7978 5232 571 1183 1953 3599 5144
13900 4148 191
2225 6882 5178 3491
4350 7042 1682 3855
14509 6635 6371 84
9618 6269 3737 1917 6894 2135
19202 5374 2999 3813 3642 6284
1322 1603 6371 6511 2044
11057 4490 1886 5350 3737
3444 4490 1434
11087 4490 6721 4879 2522
18659 4564 3642 208 5147
11952 4564 5259 2023 1732 739 570 5664
7253 4564 3758 3272 3829 1553 1996
12708 3878 5316 6568 3839
17060 5259 4454 172 4478 1444 930
8665 5435 6635 229 617 1258 2419 4639
3610 5904 342 5350 5197 929 5572 3193
14049 5904 5316 2718 5803
17036 5904 2461 1508 6505
3021 5904 3986 7015 4557
13035 5904 6063 2500 2138 4277 936
3049 2020 904 203 6447
8758 2459 2820 6237
1907 3421 2142 5001 4566 6553
13930 1652 6762 3781 5953
3813 943 2389 334
11697 3385 6936 4245 4631 6751 1243 5347
120 1088 5350 3288 3782
7326 3241 4454 2062 6098
15689 1729 6343 5880 1565 5557
14920 1729 6511 6828
4933 1729 338 2512 2632 6697 2143 3136 5362 4726
6125 1729 1708 338 4682 5197
12781 1729 1017 5996
9017 1729 2026 6079 6576
8357 1729 6541 6391
14630 1729 4837 6208 373 117
7311 4855 943 3523 3822 4542
14569 4855 5074 3569 1676 6463
7362 4855 918 1097 872
8985 4855 1818 3882 6442 5012 6283
14397 4855 3516 4507 4478 5063
6720 1373 698 4336 5724 2909
5363 4514 6583 2609 4573 6213
3586 2642 2 3240 924
14612 3061 3125 2618 4190 1630
10557 6931 3377 755 2101 2592
12653 2025 1796
14623 61 6942 225 6750 3868
16054 61 2 3398 4538 934 5795
15142 6276 1655 1002 4671 5910 6248
12264 653 5607 5887
14994 920 3532
11719 2734 1878 6635 7042 1584
835 6269 6635 4710 5000
8780 6203 492 6972
14980 5168 2677 1134 2815 1320
4507 2770 6984 6548 5516 4043
4389 2770 4373 1986 2101 2791 5285
18379 2770 1509 2059 5045
6743 6222 3730 2415 1585 5053
15502 6222 3782 5131 2940 1413 79
2975 3721 2912 6505 5936 5569 6027 667 5935 1177
7220 3721 2025 2026 2231 6084
13842 3721 6768 5111 3385 277
19282 3721 1130 3803 3356
16499 3721 2498 5633 4055
4680 3721 2461 2305 2871 2025 338 6539
17457 3721 3354 328 739
1823 3721 1839 3626 5261 650
8762 2839 766 665 3544
37 785 1403 1524 3937
5461 785 4876 5368 3345 1249
4842 5866 1202 665 1374 6930
16230 2834 5360 1097 4491 3957 793
15046 5219 478 6188 4679 522
1238 3727 374 5768 3147 4958
4973 3727 2980 2957 1558
3258 3727 955 237 854 4893
11656 1130 6984 793 814
4949 4662 1447 1355 3885
16731 5869 6690 1565
1971 887 5768 6511 4510 6449
992 1676 5178
18372 3354 5703 615 2679
14526 902 1948 6474 6359 5505
17593 4930 2323 5610 781 2935
19097 6882 175 5678 60 2208
17217 2483 1676 6812 4176
8513 5350 6509 1793
17087 5515 1024 673 3356 1923 3652 3867 2101 6697 6396
18580 6759 817 5474
7390 3870 4930 5979 369
15424 1050 792 1442 3147 5691
18247 5171
9785 5316 6594
3886 4876 3361 5728 1243
10412 2528 5703 2480 1646
9768 2305 4611 2802
1455 3181 3782 4245 3452 2555 5126
16494 1679 3454 6377 1575 2940
888 1679 149 792 6084 6509
4461 1679 3356 219 4555 2453
16896 1839 3452 915 4893 4875
14162 1839 6721 5112 1575 5027 6594 5616
14717 1839 881 5474 6600
11499 1839 2980 978 1127 2858
8269 5074 4744 4542 6396
3493 5074 4070 3430 5633 172 544 3244
15405 5074 3391 951 6511 6021
15429 5074 6389 1088 3170 804
10425 6581 182 4370 1149 5172
10777 4611 2025 5197 5855
15472 3523 1603 7047 823 6511
14405 4118 2311 4948 6387 1546
12937 4118 366 2415 1978 2066
823 177 942 3017
11518 2614 6077 844 6531 3652 4994 2142 741
18830 3569 934 2320 6449
3180 3136 2341 369 5002
10279 2983 1481 3272 6610 2878 3937 4652
13885 5908 6309 1575 4190 1149 1717
9359 125 4081 739 2924
18644 6703 3824 958 3441 6974 2858
8586 2288 1826 6721 3125 131 1405 6098
4865 2957 203 1219 6105
5341 4505 182 5226 3155 2258
17958 5210 3730 941 338 524 5047
4466 5210 2305 4383 931
10619 3730 4662 2957 5025 6737 5700 3147
5877 3730 2406 5979 3114
5511 3730 6681 2101 2244 3548
4202 6107 4611 4109 180 6539 1553
12783 6107 1565 2143 2830
5188 1903 2025 338 3354 6004 2811
10939 656 374 1500 1545
847 2305 4408
7140 3455 3979 655 4354 2585
3342 3455 133 3342 5402
18320 4825 6882 2239 1565
11310 4825 2023 240 1002
1448 4825 886 4148 1760 329
14827 4825 4005 4853 940
12055 955 5724 4478 5444
3015 1808 6291 6818 5065 6874
3243 1808 3772 4434 3009 3176 3447
16556 1808 1550 4341
1267 1808 1148 2564
8922 1808 5985 1442 1154 1219 4862
8414 1808 6882 5997 5361
922 1808 2980 952 4771 3793
14647 1148 228 2957 3404
11527 1148 5763 4795 6499
11113 1148 3152 1110 6557
9657 1148 6721 6882 4277
242 3505 4148 145 4965 6295
14100 3505 1502 3642 4148
17222 1541 894 4340 5336 4689
5791 2374 2781 2511 22
4541 4342 2511 335
7910 2374 5273 3019 1443 2336 2739
15486 5088 6759 4568
5342 5088 1067 769 6509
11986 943 2101 5767 3263
7928 943 4470 3406 6059 3193
13159 605
10593 6387 1516 5769
10472 2560 1442 2027 2593
7872 600 400 3638 408
10032 978 5364 213 4660
5664 5179 3703 2928 4414 4081
2442 6762 4830 6763 3356 79
1947 537 1149 5922
13269 6657 3822 4892 289
12994 2759 203 4423 2514 5405
7560 5780 1676 3829 3353 1464
6291 2305 2109 4607 4427
9597 6984 2870
9551 4533 3538 6963
19417 1709 5350 6759
18976 5563 2101 3272 845
14492 956 6721 352 1389 6126 3685 5979 6488
1752 956 6126 4221 2118
4572 956 6764 3544 5979 2483 4818
2511 956 1114 1436 6126
11122 5252 1479 1978 2249 5555 1297
7233 5252 2980 2333
16570 5252 1052 6273 2013
678 1826 545 4332
15315 1826 6986 131 1070 5063 2154
15250 1020 4905 4820 6759
19399 1020 4454 3737 1760 814
7688 1020 6195 551 3399
6850 1020 4903 6665 5729 162
15225 1427 2684 4156 4470 175
3778 1427 2684 3180 2133 5194
13362 5931 3430 145 5000
11721 4650 400 2980 355 5516 5880 903 1423 2480 1432 2137 5060 5694 3173
17299 6505 5112 627 3274 2216
4387 2871 711 163
14668 2983 1436 1341 5679 3912
7552 5382 2575 2077 2582
11785 1686 3502 5922
9517 3626 138 4830 5800
11309 3153 6746 2089 5967
18067 5104 1056 1953 1668 114 3873
15420 2871 640 6493 367
12588 2537 2459 2862
2486 5350 569
18572 556 6725 6568 0
2980 3626 3403 6746 6283
14028 6746 2239 3295 570
6785 2511 5273 6882 6291 4482
6869 2511 2603 1374 2980 935
13108 3196 6309 4221 1032 6499 2101
5378 395 6757 4992
7180 3516 4477 3782 642 5795
19203 3516 5936 150 5238 5797 2858
11195 3516 2487 2940 5184 2927 2291
17625 4857 542 1637 5504 1405 3599 2918 4493
18811 4857 6036 935 2054 3744
5575 5374 3898 303 2405 5880 2142
1320 2758 5725 2483 2940 929 6804
7242 2758 698 6030 4354 4893
10850 2758 2574 2382 621 6555
10500 2758 6030 5250
8696 484 3019 1272 755
14207 1818 1565 5566 4299
1941 1818 426 5922 6558 6395
8566 3626 3889 481 2291
11634 3626 2023 4930 3655
11209 3626 673 4454 6511
1836 3626 5458 1575 2978
3096 3626 3870 3218 3627
11963 3626 4211 172 915 5710
9074 3626 5017 6499 700
13162 6063 2603 4611 4286 792 3147 6600
13755 6063 1986 2927 3784
11673 59 5908 2620 6188 2413 7034
1800 1559 5908 1776 3905
11788 4477 911 5104 483 4454 3685 4771 5773 5858
16282 4477 4340 3536 3737
3135 4477 2659 6463 817 1292 2732 6509 1279 4949
17762 1202 3870 1226 6686 6145
4636 1202 4341 4611 522 3674
4704 698 6882 6937 5979 4461
11378 698 1795 5936 4471 4043
6056 338 5468 4369 203
10560 3114 2927 1447 5867
5782 6721 4221 6499 1799
18818 1517 5700 6756
1777 2871 6126 3349 88
19380 63 3569 1341 649 2732
5858 211 1556 1553 2428
4248 4662 1172 3430 5691 3234 4939
14175 4662 5725 1947 2308
1859 4662 243 2405 3466 328
15810 4662 2523 6083 4245 5389
15786 4662 6523 2488 1101 4170 6057
7647 4662 2025 1081
5543 4662 5113 6253 4369 6800
15059 4836 1747 951 6499 250
13146 5273 3450 2273 5893
3489 6910 536
17110 6448 6583 4468 6208 3193 1701
10836 1579 1655 2023 3446
19306 4398 2965 2101 1524
10842 3430 1151 4963 4588
17106 6230 911 4048 1917 5082
340 5377 1376 3613 6780
17211 6745 338 2485 2109 1218
13023 480 6832 3117
3738 1663 1306 4221 935 114 3548 5826 4506
14078 1663 2986 3152 3621 6370 5163 5826 2470 6858 1919
12701 5810 338 4594 5724 5184
5647 4454 3412 829 1799 6556 6685
15690 3231 3759 2096 2143 2930
17027 3019 5232
10548 3346 1415 25 5742 5200
14425 3882 4611 3170 667
8995 3882 1660 4697 2736 3592
18665 3882 1987 211 3540
14996 6380 5178 5533 6084
2745 6380 4341 6763 3619 5672 3674 4165 1212
12274 6380 2980 1567 5060
19089 6380 1253 3444 6511
16042 6380 2980 6192 5033 2849
13688 6380 5316 2328 3395
15651 5564 6195 5423 3299 5385
16691 5564 243 6067 2660 1331
6448 5564 6511 5804 6509
11596 6762 3114 6844 2927
14797 5990 4701 2244
2211 2461 2413 1407 328 6488
13906 1708 2453 2679 1125 3106
12981 3741 2126 3150 5874
11387 374 4611 2324 250
11726 374 924 762 4370
11124 374 338 1198 2811 3685 2632 2699 3083 1081
12394 6054 4552 2025 2485
16356 3870 2305 1389 3418 1538 4958
13462 3870 2305 6843 1389
16429 5950 6680 4491 5681 4588
16523 478 1786 6951 5890
7407 3979 6371 2882 3170 469 3968
14475 3979 2094 6069 5649 5347
12712 3979 1114 3597 3685
4916 3979 607 3968 5485 4506 5861 2123
13163 1925 5361
14942 19 3052 4180 2323 2908
17995 6721 920 5997 2118 540 2628
1695 6721 5140 6939 5146 5997 5139
10959 6721 5763 6545 3147
923 6721 6470 4905 2405 4190 6488 4568 4315 6834
16391 6721 1401 1443 175 3345
18693 6721 338 2935 4660
12310 6721 978 551 4221 6499
8871 6721 5521 5797 974
810 6721 4156 3540 1407
6808 1798 2744 6211 907 1141
5432 4903 3094 884 4306
11163 4903 3364 2980 978 3813 5930 3143
6767 6112 5047 4920 1302
3322 5459 6568 365 978 162
15285 5459 6511 1154 692 5162
10774 63 161 6218 64 5767
14470 63 4882 4968 6568 5461 6446
19005 63 3540 5338 3599 1320
4947 63 5504 3707 2564 777
3357 63 1686 524 2483 2107
7883 63 2488 2334 2013 1440
19419 1549 2497 6291 5555
2356 894 5997 2592 3234
13165 894 4353 907
17033 3314 6261 784 400 2685
631 4659 6307 5985 6265 3116
7665 6195 6984 2459 1038
4656 6195 74
4475 5290 1559 4714 5563 1599
6844 6389 1559 4830 1241 4332
14699 169 2483 5000 6224
18232 556 6777 6568 1737 5178 1353
15801 333 3201
13449 1327 5027 2090 1498 4862
5355 2305 5382 1403 3404 5291
19412 2305 4478 769 4880
3730 2305 1198 5348 1993
6008 2305 6511 570 5647
439 2305 4611 4905 3666 5505
18964 2305 4897 338 3685
6493 2305 4454 2957 6844 6741 2988
5443 2305 1198 2852 3136 6971 5002
894 2305 6252 1346 2341 5505
1845 2305 648 243 6511 6149 6488
8131 2305 5503 5197 2405
10055 2305 5878 3599 5356 1832
14113 2305 4611 5012 1058
13780 2305 2168
10327 2305 5232 2622 6253 1714
9258 2305 338 6537 2405 2059 6488
5466 6323 5581 1401 2023 5679 3655
14376 4901 6314 6610 6447
11737 3391 1000 2118 3674
15890 1550 1088 6850 6048
10298 1550 7022 6757 726 4063
7075 4778 3052 5352 2748 6752 4789 823
2453 3523 6083 3969 3644 192
2991 3523 6407 5412 1375 857 481
3145 3523 3019 5104 5795
6912 3523 4611 1164 2677 5544 4682 2751
5862 3523 5919 3031
4592 3523 131 3030 4211 3969 6176
8498 6442 6568 513 5458 3905 6321
444 6442 3824 2459 6573 5795
15553 6442 6984 3813 3206 2170
15322 6442 5678 2199 1127 3147
16607 6442 6319 3290 5563
10751 6442 3772 4645
18944 5157 3610 5000 2371
16910 2575 4964 3150 1458
5894 3959 2494 2216 5361
8625 3824 303 7013
8322 3824 5118 4732 672
11957 149 2109 243 6126 3685 4584
2763 2487 4838 6257 157
4151 2487 4611 2026 787 5378
18589 2487 6832 4366 5838
3862 1629 4682 6514 1637 481
10430 5763 6077 884
8523 5763 6171 5168 2957 161 4357 2858 4516
2893 5674 6873 2883 2791
9135 5360 918 5581 5795 359
7168 5360 6145 3146 3936 6424
12320 5415 935 114 2822 677 6788 4628 4041
3768 5415 2986 5603 730 3596
8827 5415 2101 5668 5071 2801
7983 5415 5420 6080 5423 3540 4420
9974 5415 1556 3152 4220 2822 6953 3047
867 2986 5553 6036 510 4153 935 372 6509
14560 2986 935 114 5861 1125
1388 2986 5603 6124 5102 6285 4318 5444 2470 4628 6957 5346
14383 2986 700 935 4220 4649 5102 6993 2822 6778 4863 6953 6509 4663 4506 404 6782 2557 588
9502 2986 2231 2445 5370 5163
7595 2986 2968 6389 3152 6598
8206 2986 3152 3193 5638 5163 5826 2177 5332 373 4506 2872 5470
15869 2986 2086 4262 457 6694
12659 2986 5017 2873 3509 5826 2674
10027 2986 6832 5504 4463 2607 4332 5378 4586 325 6782
9001 211 4705 672 6511
10453 1681 338 1375 5238
10367 5570 1405 4771 3147
6721 911 1112 2245 985 1194 2941
17683 911 6610
8467 911 4507 3003 4478
15507 1172 6759 4510
1560 681 5277 4298 65 2107 966 79
11604 3208 3385 6777 45 364
14969 3208 2459 4534 3256 1823 3782 74 2338 3280
5373 5926 6583 5936 2301 2903 1538
15018 2638 131 2637 642
4437 239 1120 6004 6741
16092 4711 6777 6016 4454
5107 4355 5412 1434 2142 7037
2971 4355 3030 5885 6545 1576
8813 4355 3385 114 4649 4224 1194 5444 3509 5192 2470 5485 1026 2439 2054 5859 3541 6957 1975
14196 2146 4190 3272
14778 6948 5473 4478 4444
7448 6738 1407 4283 1276
10187 5123 3248 3480 6115
12850 2869 2855 3030 2930
9109 3019 4703 3912 1195
13795 3019 5867 6957
2440 6574 3430 3182 3381
1666 6505 4701 2062
15306 665 2323
10656 2639 569 6377 4745
17364 1559 3248 769
15194 584 6511 203 6145
732 228 3458 1199 3861
1958 2790 5304 3147 5063 381
8009 2406 1347
132 4454 2023 5563 2612 3272 1212
14248 6749 6405 3544 5171 536
16741 1078 545 4555 4275 2256
19407 120 6709 2612 3272 5946
10991 120 3301 2034 652
11972 6125 665 1401 784 3905 1766 3073
11729 3301 4682 5266 426 1832
18186 1987 3354 3168
5968 1987 221 5469 2739 6057
10326 1114 6537 2811 328 3885
4595 5674 4821 1229 3902
16363 5674 665 5303 5928 6594
6112 6762 3536 5081 1182
13935 6762 4682 6594 6810 1740
9829 6762 4830 2249 4081 3941
19428 5226 4799 2348 741 6907
12357 4597 1776 3640 2341
3969 6984 4837 2155 804
5983 4454 3737 3955 3504 899
8140 6984 4956 5140 3031
4556 6984 1241
71 6984 3385 5889 4153 6124
11085 6984 1110 5633 3782 6499
18086 6984 203 4370 3632
2951 6984 3574 1287 6545 836 6600
1502 6984 6872 3405 4557 4571 5250
6619 6984 5206 4710 2519 5800 3961 1856 316 4295 3876
5521 6910 2695 3406 3652 3704
11255 4284 6511 1529 4708 2771
7428 4284 584 6440 3422
3053 4284 2389 3916 4396
3009 4284 3257 890 1055
7706 2871 92 2870 2208
13042 5491 5515 5776 6759 577 3674 5922
18493 1761 3842 4491 2711 1058
9451 6354 4744 1509 6327
11690 6077 338 3181 1223 3674
16540 6583 4454 3781 4221 1252
14499 4156 6505 5609 3515 6117
14414 4156 2239 132 1883 850
13573 1997 1062 6829 5547
5185 1997 978 5012 4190 925
10902 1661 4830 4454 1241 2472
8506 920 951 47 6609 4294
7705 920 4624 3114 4370 3644
18603 920 3354 4615 3892 1664 2732
15877 920 918 2026 2284 6117 5184 4566
11895 2257 1382 1753
18870 4020 1762 2059 5361
6253 995 6939 741 5126 5172
9930 5316 4854 6942 5348
5986 5232 5504 79 5289
9677 5232 665 5658 782
16055 3052 132 553 965
8265 6829 942 5184 5873 4101 6480 1194 4998 5444 3189 4628 612
7499 1791 2260 586 4682 4930 3905 6681
1543 5387 1243 4914 577 2428 4458
5312 5387 6716 6409
5857 5387 4611 5468 5130 2156 5700
11842 4341 5303 2132 1409
9174 4341 4211 2026 5535 2909 415
7321 4926 3356 506 6670 4275
5717 4611 6837 6126
9106 4611 1389 106 3538
17231 4611 4180 4383 2446
7450 4611 2025 5168 1389 599
7761 4611 5104 5354 5533
9671 4611 498 3272 5469 5361
7461 4611 2025 3530 4432 5497
7961 4611 338 6796 5768 5979 2632 2341
18872 4611 5197 4299
1366 4611 5168 6388 730 3961 1659
10749 4611 4383 6488 5211
16852 4611 1556 6872 2975 2044
4016 5779 4932 203 6145 2307 879
6616 4180 2208 4914 5591 4639
9047 6171 5651 2507 6505 2483 1565
11407 6171 5098 3937 4980
1054 6171 6828 2531 4588
17017 6171 3319 3832 60 85 1880 966
64 6203 3030 6290 5901 6950
11299 640 6630 3354 4697
3598 5412 4005 5102
12654 6237 4008 5171
1179 2523 338 5026 5130 5008 6216
12398 2523 6690 6488 5171 3632 3381
6764 978 6143
19270 6583 65 5691 2732
8653 6583 2023 2957 3655
4836 6583 5847 6291 1781 3047
8927 6583 4830 4221 6499 1951
11707 5655 5547 3256 2592
7097 5655 3745 5547 5928 4994
12233 5655 4211 5381 2112 6208
3904 3411 876 6275 6644 2208 6044
9715 4830 6505 3406 804 7
17248 6036 4220 4003 3501 1701 4530 213 325 2439 190 4041 6495 3510
10140 3216 114 4101 3496 4506 3744
14314 1634 5487 935 607 1548 6953 6788 4660 4547 4041 1125 2412 6696 2557 3510 6190
14423 140 4925 1447
8432 1842 6505 4846 5880 1756
17309 2500 3418 2866 1612 469 3374
937 3782 2214
4304 2500 6067 6511 652 3754 6892
6798 4459 6728 2844 331 1883
1813 4821 3763 2291
19142 4552 5197 155 1081
12087 3385 2231 5444 853 2470
2476 3385 1479 2459 1917 3164 3147
3665 3385 4011 6878 6635 4418 5607
3762 3385 4101 3937 1447 625
4652 3385 1133 3937 2873 4333
18742 3385 3630 5444 6957
1659 665 1234 1241 2514 6021
10510 665 2980 1732 3295
4817 4383 680 4211 5979 6257
15270 4383 5970 879 2453
5563 4383 5197 5468 6488
18350 6314 6289 2101
2021 4830 4905 1442
2264 1508 6763 5742 4981 2120 2208
4714 6777 3129 2249 13 6788
15919 6389 1133 6557 4101 609 2445 2154 895
2131 6710 1559 3450 229 2554
6356 6710 3937 3548 1046 6858 2439 4547
15972 1559 153 4151 6545 6213
4866 1559 4507 4665 3095 6255 657 2554 183
19132 2294 2311 5053 5563 5672
11680 2294 6763 1241 5691
15028 2294 2311 1191 5472 229 1405 3632
4594 4993 492 3829
11433 3552 5783 4040 421
4883 3552 2311 5652 74
16528 2260 6662 1241 3260
14004 1088 5350 4771 7037 6860 6312
7455 1088 3095 5935 1249 804
9310 1088 4830 4795 2737 6266
1546 2023 1405 5797 1714
11429 6548 6746 5577 1077 235
7692 6548 5412 3354 627 270
4125 4830 4207 6431 544 4628
8929 4830 1056 6154 3447
15815 4830 6757 1444 4424 5540 6509
8128 4830 4148 741 6907
14732 4830 2992 4148 5661 2863
1403 4830 3425 6746 208
18377 4830 3356 5780 1149 1085 2927
4596 4830 4705 3782 4221 1241 6499
6357 4830 4985 3826 1575
17310 3738 2912 6309 758 6237
1780 5844 2096 354 203 2371
7457 6763 5515 229 4148 1434
13543 6763 3280 3578 2054 6694
15301 6763 5204 1149 1756 5060
514 1791 978 40
2796 1791 1575 853 213 2177 6495
17560 1791 5986 5444 6694 447
6488 1791 7021 6004 5303 2766
267 2260 2026 3462 1169 1857
8343 5488 5389 2453 3534 5668
6524 2208 5746
1624 1229 1429 2980 4211
8969 1229 4829 2928 2740 345 4299
5554 6680 2026 4221 879 3272 3193
14638 5118 951 655 3129 604 4652
17131 1708 3685 2405 1081
19272 1708 7004 5361 1942
12448 681 3963 2875
19209 648 823 1518 4594
15444 2980 5468 2903
3755 338 2820 5197 4057 4191 2750
5801 4405 1575 328 6488
17969 1389 1198 2852 2632
5284 3685 3107 3189 3746 4660 4506 2801
13995 338 6126 3685
12721 338 6537 2485
2265 338 5197 5053 5171 2341
9971 338 5398 644 6636 6298 1608
8518 338 3813 65 935 4376 53 4296 3177 6808 3705 4318 4285 5638 6999 6449 5444 3973 6509 2422 2801 3541
2306 338 5855 2090 1081
14572 338 586 2405 5171 2739 6788
7914 338 1585 1738 4221 6499
1746 338 2541 2405 3963 6756
8186 338 6882 3229 2863 3644
3826 338 5979 1440 2909 4139
12421 1556 3260 5563 1055 767 1735 6098
6048 1556 6001 4649 2432 5638 2873 3947 5332 1462 5470 3712
43 1556 6598 46 677 3744 2680 6694
16066 2651 2023 2957 1756 4353
849 2323 1575 162 1231 5015 6454
8045 6379 5350 175 3876
16162 1401 5350 3566 5729
6005 3886 2459 2049 6213 3113 685
500 5104 2833 218 3746 4949
10104 5104 3369 175 2361 769 6638
9647 5104 2459 3341 1234 6511
349 5104 4347 4671
13393 1110 6584 1045 2940 3461
11825 1110 2960 915 203 1832
172 6203 3963 2101 197
16402 6523 3740 4540 175 6137 1699 3705
5161 3450 297 5099 2335
18073 6503 551 6925 2143
2347 4205 1436 3274 5642 2564
4471 1309 6882 2522 2660
6823 3203 6870 3562 2441 6298
16484 1852 3613 2026 4148 2483 4176
7965 3457 5908 5736 823 4957 3674 6894
12382 1901 1732 4436 2336
17018 5742 4935 1393 203
10907 4227 3830 106 6059 1393 6529 2323 577 3937
11354 4227 978 5679 6138 793 2021
12944 1374 5678 6676 6806
17638 5393 1077 1447 2564
3288 3544 3902 2940
1711 5168 498 162 3234 3751
8735 5168 2026 5672 4478
4693 5168 6635 175 3288 6759 6443 2101 2568
3267 5168 2980 486 3249 1058
265 5908 6872 297
7561 3169 4732 2044 1781
4314 3169 6065 726 5985 2813
11289 951 1836 3393 741 4378
2267 951 1686 175 934 5199
18604 203 1704 4480 3649
4478 4491 2493 1709 3310 4399 3638
9282 5562 2873 6696
5297 2992 823 879 5996 1647
5151 2493 3398 3662 4852
8843 80 4277 2872 3243 4547
9941 3569 5178 3491 1608
14988 4605 2528 197 3906 3578
515 4605 4930 1443 1732 5691 2927 1249 2873
3498 4605 2833 4682 6594 1816
16116 5997 6511 2044 1948 2685
13555 6882 755 4697 2813 5172
16808 5047 4594
15797 6568 2856 2636 1538
12075 3442 1585 145 2215
7899 2975 2483 350
17716 6829 1895 5184 2480
1095 1479 231 2239 1676 6454
1999 6080 6370 1505 5826 2123
10543 6619 1434
8541 2488 5601 4712 1576 3491 426 1880 1320
17313 1192 4022
11490 2459 5381 4970 5184
18434 5748 741 850 4493
3523 2912 3030 4852
9348 4721 6568 3602 6232 6545
6315 1482 4437 4921 3980
5142 47 1389 2957 5025 5555
2884 47 1685 1483 4283
4189 47 1077 2342 4087 1707
15759 1639 6878 2023 6371
275 1639 6757 752 4139
11398 4816 6188 2957 3147 1071
3777 4816 5728 4277
18812 1655 3425 1545 6697 1553 5642 3578
9242 1500 3288 3737 2870 6043
15781 6401 5610 373
8770 3619 6780 3361 5037 6516 4063
16580 1389 3666 5505
6138 4905 1710 79 5361 1128
9786 4507 6888 929 5399
12422 2328 553 1907 5099
18528 2711 4507 229 603
18973 2711 1572 1630 3903
8703 1306 935 3937 3578
8886 6568 5936 3889
18480 4705 5423 935 372 6509 4628 4041 6190
14467 4705 4101 3548 4530
1504 4705 1637 4190 1744 2636
376 4705 5563 4586 6858
5460 4705 5603 114 2445 5332 404 6495
14669 6309 3681 5261 2256 3885
18502 6693 4461 3272 2685 1002 3855
11390 3724 4145 4148 2927 2118
6168 3341 3264 577 2568 1649
16843 3341 2767 823 7037
6779 3341 4792 2606 79 6417
97 4476 3538 4503 4673 1704 1917
16118 1408 3003 6870 4148
5515 6872 5841 542 5938 5668
8375 3300 6882 6746 5354 2564
1002 6041 4399 5691 3143
5152 5730 229 4336 741 5063
11912 5730 5204 2026 2559 150
19070 1198 3685 2632 6740 118
2930 6300 3737 5516 1243 5212 1133 3799 2909
9208 6568 1603 4698 1407 2858
16949 6911 6977 6826 2625 3353
9220 4948 1725 203 5653 6145
14446 1621 486 1514 5609
18637 887 6539 5691 114 3937 2732
16738 7021 1585 2485 243 2876
6567 2541 1923 4298 5700
3782 4682 5171
9002 6017 4277 5171 2341 2474 1081
12581 3737 3772 6516 4299
9641 128 3444 4584 4370 4336 3448
13595 2677 6882 4760 5662 6435 5930 6972
9988 3024 4795 1704 960 4542
6890 586 904 3480 2632 79
7419 6939 1585 5446
10127 4264 6388 3310
13960 3957 225 1405 3649
8947 2034 4468 5600 3147
11218 3216 978 5753 942 2432
705 5423 45 2026 969 2096 6700
9787 2059 3263
15727 332 1682 1575 4510
3241 5115 2168 5212 857 4921 5351 1608
11594 6036 4220 5826 3596 4506
17930 6036 850 2568
6057 3902 1119 3229 5001 4992
16241 5742 617 4022 1931 6930
4768 4405 450 2866 2612 5621 3147
19346 4405 2765 2815 2858
3720 4420 4206 3712
1972 935 1505 4493 4998 2123
12157 6370 544 6993 5313 6858 373 1026
9330 4454 3880 741
48 6882 4543 2660 2685
8230 1720 6787 6853 5354
543 297 3737 6463 5940 5028
12107 1325 2811 2132 3448 1784 471
11400 6188 6969 3644 3632
7996 6188 4679 4937 2371
17662 4133 7038 7037 4671
15346 2541 6387 3737 135 6147
14658 2541 890 196 3469 3705
1552 1052 900 879 2873
18309 2980 6619 4960 2582 4146 2908
18489 2980 1901 3444 2231 1565 2336
15903 2980 5638 2873 2177 5861 612 6782
15526 2980 3798 5044 948 7006
15615 2980 2155 5554 5724 3404 1252
13751 2980 5000 5398 5672 700 2858
5568 2980 2307 6641 5647 1701 1083
9240 2980 3781 6511 6232
3439 2980 4533 6511 3274
17911 978 4305 2685 1002 3144
468 978 3193 2086 6480 139 853 6957 6782
9950 978 821 4795 4005 5717
14209 978 942 4530 1194 5370 4248 4663 853 213 2801
15200 978 5504 607 4296 3177 2903 6285 4318 1083 3947
18943 978 1701 4420 2674 2557 2586
8831 978 3961 5364 1701 2822 5332 4506 612 6811 3047 4173 6957 5975
12616 3813 6511 3938 792 6697 3234
5221 6534 4972 2257
758 4207 2062 607 4506
870 1341 5863 4322 3204 906
18272 5350 6262
10813 2975 2421 60 2308
11502 5792 4964 2421 4493
4013 5352 3774 4053 3593
9570 3776 935 607 3193 3937 2445 6694 3510
18914 6746 6365 3749 3070 5172
18077 6746 1947 1676
8785 6746 3745 2860 1883
6787 6746 6511 6025
872 4846 3540 1375
1049 4846 622 5065
4657 3405 545 3748
9116 3536 3597 3452 1375
15994 3030 6207 5001 1215 1569
4565 3030 6145 2210 966
5189 3430 4682 1058 6594 308
15876 6676 5935 1606
2722 5414 1514 2338 6499 1707 1832 4652
15647 1243 4092 114
17788 516 4420 6689 6782
8475 3862 5047 426 6396
5864 3241 6545 2104
14163 3241 915 3114 7010
18312 4211 6609 1676 2927 5153
579 4000 2751 185 5341
14718 2109 3264 5197 3685 4566
15154 3299 2685 2746 6408
16682 4454 1575 4225 426 1880 4973 2053 6509
7383 5621 3404 4973 4165
18030 2023 3655 6098 1413 6490
13298 827 1021 2455 5139 2691 5683 4043
10673 6647 2013 5679 4863 256
2231 1021 2022 4670 4973
18370 648 5303 889 4220 4670
4221 5486 5930 4847 658 4880
19311 1112 4148 2062 3491 2903
17563 7042 6169 1396 839 1297
5584 4682 3961 2625 4220 46 5471 2564 6449 2873 5444 5192 2177 3083 1026 5861 5567 877 3744 1498 675 3500 2674 6782 588
17740 2498 6759 4357 974
19003 2498 433 5063 5935 6147 3280
14036 4431 6431 5826 6489 1125
18606 2315 1836 1291 936 3674
10759 3602 3758 4434 3459
12253 2062 3293 5163
10753 6124 2685 935 4419 1252 3632 5638 6509 3509 853 4828 6788 4660 1125
125 2957 5398 5855
6262 2957 6511 1002 6025 6406
3570 2957 3064 5936 6658 6105
12535 249 954 426
4715 1514 1464 3509 930
14191 3356 2975 3257 2582 2606 1734
5677 3356 2015 1101 2256
12199 3356 6545 4670 6781
8570 3356 4710 4908 3674 1996
15290 150 732 3946 1012
18643 4905 1898 3748 6543
8930 5421 1947
3196 6083 4151 6192 3055
13119 3264 5768 4170 692 1793
216 5304 6137 1375 3822
8571 7041 3592 6081 3531
12528 3182 5729 6610 6021 6165
14510 2080 5728 57 5888
13104 106 2876 6739 2208 5685
16259 5412 4795 5825 6511
16211 681 5199 5833 2661 685
17404 1725 408 3136 5361
13463 2731 658 4322
4626 5204 2201 4970 6681 1002 5356
14413 4930 3563 2696 6165
18676 2818 5368 700 5795 589
7276 1224 5997 6844 1953 2428 583 4318 3873
1180 3662 4752 1083 705 6439
12726 4148 3961 2685 1002 4458
12929 1151 5016 3961 2562 2822 6990 5332 3456 2219 2261 6811 1498 738 1118 1975
7955 3288 5682 3743 4701
15275 4683 2132 3448 5855 5480
1750 3310 4865 2759 2049 2472
10085 3597 1067 1409 3144
6788 5985 2143 544
18406 226
16250 4478 6740
17959 5936 4038 804 5250
371 3444 6207 879 5727 6881 6700
1491 5521 5780 150 5294
10267 942 5370
13621 942 1133 2568 6449 2154 6312 5668
17179 942 850 4248 373
7643 2026 1368 4419
8472 2026 2483 536 2045
3234 510 700 4101 1125 6957 3510
4244 3716 5985 4970 3193
7302 3716 3782 934 6463 5015
17620 277 4957 6463 88
9623 4665 1236 2632 3592 6552
13327 6870 3717 3176 1405
4903 3345 2062
18690 3345 114 2086 2873 5163 3509 3578 4506 1026 4420 4173 1125
9907 3737 172 2628 6953
7271 3737 1567 6043 6896 769
16156 2405 3466 4594 3263 6424
16912 3638 2022 704
12474 5792 2575 2421 2077 6057
16221 2575 6334 3652 2582 5888
14781 2421 2210 6855 3572
10502 1762 3361 2744 5037 5361
2839 3146 2101 4458 4729
18056 4373 203 6499 3263
16757 6787 3548 3509 1279 213 5332 6489 6694 2586
9368 6787 935 741 3247 6694 3541
14503 1836 331 6950 343 4353
6461 5936 4461 3447 2428 4224 5910
7158 5936 6511 4762 6216
8121 787 4173 1125 6957
8484 6371 3170 1774
4363 1206 5277 1931 4741
15348 402 2612 212 3272 4652
1253 1637 2612 203 6145 4190 4461 5797 2930 4652
9298 2022 332 6600
10890 2022 1447 6953 7 5826 3083 4949 1026 705 6495
1176 6709 2612 4461 3272 6248
13464 6700 79 2568
2367 6511 6828 375 3344 930
4033 6511 1409 6027 3234
15523 6511 1409 2244
19434 3413 4063 2532 3293 966 4980
3713 3521 114 46 6449 3250 6788 4506 1026 404
9990 3521 6778 1194 5163 5444 3189 5470 6957
4222 3667 4478 4601
10731 5504 5485 3744 675 2817
3343 5504 5593 853 2261 5231 2586
10549 5681 3147 4444 3968 5910
6392 3540 6124 6598 114 4586 1083 5826 6788 4660 4628
15913 3540 935 5331 2714 6509 2470
6093 1171 4203 6285 2003 1089
7931 3889 1895 2361 6697
8181 2044 213 4660 2261 6694 447 6495
8873 2044
17072 4423 6022 426 6502
13069 4463 3630 3273 4506 4862 3510
4957 3961 2062 4220 3947
13834 3961 2568 4530 5163 213 2177 3578 2219 4420 705 5470 1125 5668 2674
15494 3961 1832 4419 2903 5746 732 4943 1194 5163 5172 4627 5332 373 3744 2801 6495
8242 3961 6224 7 5332
8591 3114 2118 4279
10149 3037 4546 1292 3446
1801 2231 4530 5163 457 3189
3603 3804 3586 675 6957 6962
6295 2062 5027 2154
1794 700 5163 2352 2177
14233 935 4998 6509 6489
2781 298 4893 1487
8098 2156 1067 3855 3349 650 850
9009 1183 5797 522 2027
9586 1058 3272 4973
14992 5865 6022 4071 1945 5924 4333 621
9861 5033 2208 7 5826 4206 3712
18239 6239 2062 2562 3193 3937 3347 2219 1219 6105 2801 6782
9118 3107 5163 675
14189 1481 103 3147 6598 4498 6700 4937 3973 1416
9960 4703 2101 481
583 4703 3912 1195 4063 626
14586 4703 3912 1195 6029
18975 4703 3912 1195 6029
15713 4703 3912 1195 6029
9203 6446 4461 2685 1002 3705
11027 1405 1133 7010 2918 1832 5471 5649 3280
602 2585 6594 2927 2909 3491 850
6329 235 6124 935 114 4649 3193 6079 6778 6509 4628 1498 404
15844 3509 5861 6782
10233 4220 577 114 5638 3596
10414 6124 5471 1538 4318 6424 266 5470
15997 6124 935 3433 53 4649 2903 3501 3247 853 213 3510
5709 6124 114 6788 4628 4041 1125 2817
3125 2062 6953 5332 1739 2872 3712 588
10581 2142 3164 5184 5469 3193 113 4353
3346 1589 5338 496 3632 2739
18021 960 2856 4353
9172 1133 2137 4419 1083 6449 5734 2674 1975
4818 1133 2445 5370 5313 1026 2680
19410 1133 7010 4101 2445 5444
7355 1133 5163 853 3859
4767 1133 607 3548 1447 4530 6729 4998 5370 213 5924 3347 646
1877 1133 4671 2858 6079 139 3247 6509
16866 1133 6598 4419 1701
14112 2101 4568 426 1880 5028 6395
6366 6930 4679 3855 6027 5294
19051 5767 5691 1355 1292 2732 2679
7221 334 2480 3868 6349 6623
18529 2685 4998 4506
3038 2562 935 607 5364 3937 1447 2432 5163 213 5826 266 3746 4420 1498 1125 2801 738
6577 2562 3548 6729 1046 1279 213 3744 3047 1125 6971 6694 6782
6824 935 5364 3107 1447 5444 4663 5924 86 4628 2219 5668 3712
16380 935 6990 5332 3083 6489
9302 935 5331 6449 5444 6509
1330 741 2613 1956 6907
14019 481 5575 2417 4458 5694
1172 4220 114 1083 6449 3578 4420 3744 1125 404 2674 2817
12963 607 325 671
19219 2568 2167 5370 4420
4927 1548 5163 2352 4173 2680
4305 3293 114 4101 3177 6131 4530 2822 6778 5444 2177
5226 114 5471 2352 5924 1125 6495 3510
566 114 4752 2432 1125 2586 2817
17326 114 5826 612 2261 6782
14495 114 3719 4333 2422 6439
5193 114 853 5470 4041 1125 2586 3510
8491 4101 4262 1083 625 6489 6957
5738 4101 5434 4248 1945 4420 6689 3669
3524 4101 4530 2445 4998 5370 5444 2177 2439 2054 5470 1498 5975
192 4101 1046 3273 3719 2261 4280
10334 4101 2167 3746 1684
16067 4101 4530 3280 2680 4280
10007 3674 3633 769 1960
14335 4296 5471 3937 6993 404
16606 4649 2873 4663 373 4660 2219 2674
19362 4649 457 3347 895
509 4649 2873 6509 853 213 4660 1416
553 2918 2873 2352 457 2470
10869 2137 213 2896 3500
2101 2137 3280 1125 2586 2817
16364 3968 2675 3501 5370 5163 6489 1298 2586
4391 5471 4863 325 6220
341 6576 2445 1664 5370 1125 675 4206 2817
11529 2445 5444 6509 4506 1118
15129 6756 2341 2474 4602
14129 1701 3509 5826
12714 4530 6778 2445 3719 5332 2470 86 4949
12004 609 5192 612 6694 447
1878 609 5434 5861 1125 3859
12715 5434 2714 6694 2586 256
1043 2714 4420 6694 5231 2557 6962 4280 3510
13647 3719 5192 3461 5162
10128 2154 1945 6157 6312 4628 6694 3541 256
1117 6990 3509 6901 373 3347 404 6694 2586
8285 853 2177 3250 2261 1125
13317 3746 6694 6495
9575 3719 5593 853 213 3496 2220 677 5861 1462 6694 6495 3510 588
1675 853 2470 6694 5231 6689 588
1060 2439 2219 1606 3859
8904 705 2872 3047 588
8560 5470 3541 6957 2586 6495
